applicant_id,age,gender,marital_status,education,dependents,employment_status,years_employed,annual_income,credit_score,existing_loans,credit_history_years,loan_amount,loan_term,loan_purpose,interest_rate,property_area,has_cosigner,debt_to_income,total_debt,emi,loan_status
APP100000,43,Male,Single,High School,2,Business,7,64990,798,2,9,141413,36,Home,6.97,Semiurban,Yes,0.725,191413,3928.14,1
APP100001,36,Male,Single,High School,0,Salaried,0,53541,643,0,9,146116,36,Medical,8.07,Rural,No,0.91,146116,4058.78,0
APP100002,45,Male,Married,Bachelor,0,Self-Employed,6,63324,775,0,16,17800,60,Home,4.93,Urban,No,0.056,17800,296.67,1
APP100003,56,Male,Married,High School,1,Business,10,65440,850,1,8,80537,36,Home,3.69,Urban,Yes,0.41,105537,2237.14,1
APP100004,35,Male,Married,High School,0,Salaried,9,43264,610,0,10,224967,60,Home,11.21,Semiurban,Yes,1.04,224967,3749.45,1
APP100005,35,Female,Single,Bachelor,1,Unemployed,0,15000,707,0,9,5000,120,Personal,6.51,Urban,No,0.033,5000,41.67,1
APP100006,56,Female,Married,Master,1,Unemployed,0,15000,669,0,7,143120,36,Auto,10.23,Rural,Yes,3.18,143120,3975.56,0
APP100007,47,Female,Married,Bachelor,1,Salaried,2,62341,842,1,7,124994,120,Home,5.4,Rural,No,0.201,149994,1041.62,1
APP100008,32,Male,Married,High School,0,Salaried,5,44169,657,1,14,5000,24,Personal,8.61,Rural,No,0.057,30000,208.33,1
APP100009,44,Male,Divorced,Bachelor,1,Salaried,2,65647,699,3,7,285390,24,Auto,6.88,Urban,No,2.174,360390,11891.25,0
APP100010,32,Male,Divorced,High School,2,Salaried,13,70814,698,1,6,67578,24,Business,9.3,Urban,No,0.477,92578,2815.75,1
APP100011,32,Female,Single,High School,4,Unemployed,0,15000,671,1,4,193914,24,Home,9.13,Semiurban,No,6.464,218914,8079.75,0
APP100012,40,Male,Single,Bachelor,2,Unemployed,0,15000,740,0,10,112488,240,Business,8.1,Urban,No,0.375,112488,468.7,1
APP100013,21,Female,Married,High School,1,Salaried,8,53789,687,1,5,82411,36,Home,7.99,Urban,No,0.511,107411,2289.19,1
APP100014,21,Male,Married,High School,0,Self-Employed,13,56065,718,1,9,131121,60,Education,8.31,Urban,No,0.468,156121,2185.35,1
APP100015,31,Male,Single,Master,2,Self-Employed,14,103847,697,0,8,121491,60,Auto,9.54,Semiurban,No,0.234,121491,2024.85,1
APP100016,25,Male,Single,High School,3,Salaried,12,53681,631,1,5,135061,36,Business,9.98,Rural,Yes,0.839,160061,3751.69,0
APP100017,41,Male,Married,PhD,0,Self-Employed,10,125471,658,0,1,87043,24,Business,7.78,Semiurban,No,0.347,87043,3626.79,0
APP100018,27,Female,Married,Bachelor,0,Unemployed,0,15000,724,1,2,68881,36,Personal,8.04,Semiurban,No,1.531,93881,1913.36,0
APP100019,21,Female,Single,PhD,0,Salaried,1,121152,724,1,3,230356,36,Auto,8.27,Semiurban,No,0.634,255356,6398.78,0
APP100020,55,Male,Single,High School,2,Salaried,2,42365,779,1,2,150554,240,Business,8.1,Semiurban,No,0.178,175554,627.31,1
APP100021,35,Male,Divorced,Bachelor,1,Salaried,12,48810,828,3,10,145174,60,Personal,6.02,Rural,Yes,0.595,220174,2419.57,1
APP100022,38,Female,Married,High School,0,Salaried,8,54081,638,3,18,78681,240,Auto,10.34,Urban,No,0.073,153681,327.84,1
APP100023,21,Female,Married,Master,3,Salaried,13,99158,690,2,5,275951,60,Home,8.82,Rural,No,0.557,325951,4599.18,1
APP100024,31,Male,Married,High School,1,Salaried,14,45758,664,2,6,143005,24,Business,7.37,Urban,Yes,1.563,193005,5958.54,0
APP100025,39,Male,Married,High School,0,Salaried,3,72049,591,0,5,5000,36,Auto,11.01,Urban,No,0.023,5000,138.89,1
APP100026,24,Male,Married,Master,0,Business,8,181682,725,0,12,172065,60,Auto,7.62,Semiurban,No,0.189,172065,2867.75,1
APP100027,42,Male,Married,High School,0,Salaried,7,59532,742,0,10,88864,36,Education,9.16,Urban,No,0.498,88864,2468.44,1
APP100028,30,Male,Single,High School,1,Salaried,6,86911,593,0,7,222866,12,Personal,8.7,Urban,No,2.564,222866,18572.17,0
APP100029,34,Male,Married,High School,0,Business,4,59155,650,0,1,233074,12,Home,7.87,Rural,No,3.94,233074,19422.83,0
APP100030,30,Male,Married,Bachelor,1,Business,15,72569,642,2,3,223834,24,Auto,9.89,Urban,Yes,1.542,273834,9326.42,0
APP100031,60,Male,Divorced,High School,2,Salaried,8,57056,559,1,8,113087,60,Home,12.33,Rural,No,0.396,138087,1884.78,1
APP100032,37,Male,Single,Bachelor,2,Salaried,8,53684,677,1,9,140968,120,Medical,8.34,Semiurban,No,0.263,165968,1174.73,1
APP100033,25,Female,Divorced,High School,0,Business,3,63313,588,0,7,169888,60,Home,10.13,Rural,No,0.537,169888,2831.47,1
APP100034,47,Female,Divorced,Bachelor,1,Salaried,12,35352,692,1,11,221412,60,Home,8.37,Rural,No,1.253,246412,3690.2,0
APP100035,23,Male,Single,Master,2,Salaried,1,97716,701,2,1,66979,60,Personal,7.5,Semiurban,Yes,0.137,116979,1116.32,1
APP100036,40,Female,Married,Bachelor,0,Salaried,10,23224,711,0,9,157474,60,Education,8.77,Semiurban,No,1.356,157474,2624.57,0
APP100037,21,Female,Married,Bachelor,0,Salaried,10,57589,715,3,9,299433,24,Medical,7.22,Rural,Yes,2.6,374433,12476.38,0
APP100038,22,Male,Divorced,High School,1,Salaried,5,41731,802,0,3,107168,120,Auto,6.66,Semiurban,Yes,0.257,107168,893.07,1
APP100039,40,Male,Married,High School,1,Salaried,9,34369,615,3,4,147914,36,Auto,8.38,Urban,No,1.435,222914,4108.72,0
APP100040,46,Female,Married,High School,0,Business,9,16873,619,0,11,359079,36,Personal,11.34,Rural,No,7.094,359079,9974.42,0
APP100041,40,Female,Married,Bachelor,2,Business,7,23826,732,1,2,130701,36,Personal,5.24,Urban,No,1.829,155701,3630.58,0
APP100042,36,Female,Single,Bachelor,1,Unemployed,0,15000,669,4,20,26896,12,Education,7.56,Urban,No,1.793,126896,2241.33,0
APP100043,34,Female,Single,PhD,3,Salaried,8,117562,770,1,10,145409,36,Personal,8.85,Semiurban,No,0.412,170409,4039.14,1
APP100044,21,Male,Married,High School,0,Salaried,8,47056,724,1,7,283834,36,Medical,7.62,Urban,Yes,2.011,308834,7884.28,0
APP100045,29,Male,Married,Bachelor,2,Business,8,89383,833,1,6,234537,60,Education,4.68,Urban,No,0.525,259537,3908.95,1
APP100046,32,Male,Married,Bachelor,0,Salaried,1,37885,672,0,11,71624,36,Personal,7.28,Semiurban,No,0.63,71624,1989.56,1
APP100047,50,Male,Married,Bachelor,1,Salaried,7,68528,561,0,5,183231,60,Home,10.34,Urban,Yes,0.535,183231,3053.85,1
APP100048,42,Male,Single,Master,1,Salaried,9,19531,707,0,6,135932,36,Medical,8.15,Semiurban,No,2.32,135932,3775.89,0
APP100049,21,Female,Married,High School,1,Salaried,8,15000,674,0,15,214962,120,Auto,9.01,Semiurban,No,1.433,214962,1791.35,0
APP100050,41,Male,Single,High School,2,Salaried,13,37746,722,3,5,100768,60,Home,7.88,Semiurban,No,0.534,175768,1679.47,0
APP100051,33,Female,Married,Bachelor,0,Salaried,11,46348,733,2,8,189561,24,Business,5.55,Rural,No,2.045,239561,7898.38,0
APP100052,29,Male,Divorced,High School,1,Unemployed,0,15000,637,0,4,302820,120,Personal,9.4,Rural,Yes,2.019,302820,2523.5,0
APP100053,45,Male,Married,High School,0,Salaried,7,44764,599,2,9,5000,24,Home,10.36,Semiurban,No,0.056,55000,208.33,1
APP100054,50,Male,Single,High School,2,Unemployed,0,15000,668,0,10,197431,60,Education,8.99,Semiurban,Yes,2.632,197431,3290.52,0
APP100055,49,Male,Single,High School,0,Business,7,48609,489,0,16,255525,60,Business,12.25,Rural,No,1.051,255525,4258.75,1
APP100056,27,Female,Married,Bachelor,2,Salaried,7,72169,686,2,3,25493,12,Auto,7.05,Urban,No,0.353,75493,2124.42,0
APP100057,34,Female,Married,High School,2,Self-Employed,11,45102,647,0,0,92352,120,Home,8.14,Semiurban,No,0.205,92352,769.6,0
APP100058,41,Female,Married,Bachelor,2,Self-Employed,9,113451,748,0,6,118503,36,Auto,8.25,Semiurban,No,0.348,118503,3291.75,1
APP100059,49,Male,Single,Bachelor,0,Salaried,15,54898,521,1,4,91527,60,Auto,10.8,Semiurban,No,0.333,116527,1525.45,1
APP100060,32,Male,Married,Bachelor,1,Salaried,9,81360,680,4,7,85534,36,Business,7.68,Rural,Yes,0.35,185534,2375.94,1
APP100061,35,Male,Married,PhD,0,Salaried,3,52895,806,1,10,120020,60,Home,5.58,Urban,No,0.454,145020,2000.33,1
APP100062,24,Male,Single,High School,2,Self-Employed,5,41680,734,0,19,218135,240,Medical,6.1,Urban,Yes,0.262,218135,908.9,1
APP100063,23,Female,Married,PhD,2,Salaried,11,92638,758,0,5,269012,60,Education,7.47,Rural,No,0.581,269012,4483.53,1
APP100064,47,Female,Single,Bachelor,1,Salaried,0,91585,707,1,0,254212,36,Personal,6.59,Rural,No,0.925,279212,7061.44,0
APP100065,54,Female,Married,Master,2,Salaried,0,15000,547,1,6,229504,36,Education,12.14,Semiurban,No,5.1,254504,6375.11,0
APP100066,37,Male,Married,Bachelor,0,Salaried,8,51683,693,2,9,296569,60,Auto,6.8,Semiurban,No,1.148,346569,4942.82,0
APP100067,50,Female,Married,Bachelor,1,Salaried,13,50837,712,3,3,312506,36,Home,7.48,Semiurban,No,2.049,387506,8680.72,0
APP100068,42,Male,Married,Master,0,Salaried,15,15000,593,2,9,163284,120,Home,10.48,Urban,No,1.089,213284,1360.7,0
APP100069,30,Female,Married,Master,4,Business,6,94378,669,1,8,264477,120,Auto,9.41,Semiurban,No,0.28,289477,2203.98,1
APP100070,42,Male,Single,High School,3,Self-Employed,14,18045,447,0,9,183913,24,Auto,12.83,Semiurban,No,5.096,183913,7663.04,0
APP100071,56,Male,Married,High School,2,Self-Employed,8,15000,653,1,11,132700,60,Education,8.24,Urban,No,1.769,157700,2211.67,0
APP100072,37,Male,Married,Bachelor,3,Self-Employed,0,64130,645,1,7,146018,120,Medical,10.52,Rural,No,0.228,171018,1216.82,1
APP100073,56,Female,Married,Master,0,Self-Employed,7,82050,792,0,10,231001,36,Auto,6.34,Semiurban,Yes,0.938,231001,6416.69,1
APP100074,21,Male,Single,High School,3,Self-Employed,4,45255,631,1,0,267247,24,Auto,9.21,Rural,No,2.953,292247,11135.29,0
APP100075,47,Male,Married,Bachelor,0,Salaried,13,66321,658,0,3,196436,12,Medical,7.02,Urban,No,2.962,196436,16369.67,0
APP100076,39,Female,Single,Bachelor,2,Unemployed,0,15000,673,2,6,118316,24,Business,8.73,Urban,Yes,3.944,168316,4929.83,0
APP100077,34,Male,Single,Master,2,Salaried,0,136202,632,0,2,110841,240,Auto,9.36,Urban,No,0.041,110841,461.84,1
APP100078,39,Male,Married,Bachelor,0,Salaried,0,59167,737,2,8,5000,36,Home,5.9,Semiurban,No,0.028,55000,138.89,1
APP100079,21,Male,Single,Bachelor,1,Salaried,7,92160,520,0,6,178874,36,Home,10.82,Semiurban,No,0.647,178874,4968.72,1
APP100080,35,Male,Divorced,PhD,0,Salaried,0,28804,770,2,5,173431,36,Home,6.69,Rural,No,2.007,223431,4817.53,0
APP100081,42,Female,Married,Bachelor,4,Business,4,58705,679,0,12,66429,24,Personal,8.89,Urban,No,0.566,66429,2767.88,1
APP100082,55,Female,Married,Bachelor,0,Salaried,9,77157,784,2,8,187848,60,Education,5.3,Semiurban,No,0.487,237848,3130.8,1
APP100083,31,Male,Married,High School,1,Business,1,57052,460,0,2,186506,60,Medical,11.79,Semiurban,No,0.654,186506,3108.43,0
APP100084,28,Female,Married,Bachelor,2,Salaried,13,33170,485,1,4,31303,60,Medical,12.42,Urban,No,0.189,56303,521.72,1
APP100085,31,Male,Single,High School,0,Salaried,15,15000,656,0,11,124260,12,Home,8.04,Rural,No,8.284,124260,10355.0,0
APP100086,48,Male,Divorced,High School,1,Salaried,1,54831,720,1,8,262723,120,Auto,7.4,Urban,No,0.479,287723,2189.36,1
APP100087,41,Male,Married,Bachelor,1,Self-Employed,6,91548,635,2,13,99345,120,Personal,11.08,Semiurban,Yes,0.109,149345,827.88,1
APP100088,31,Male,Married,Bachelor,0,Business,13,99124,726,2,12,151411,36,Home,7.44,Semiurban,No,0.509,201411,4205.86,1
APP100089,44,Male,Married,Bachelor,2,Salaried,7,47602,758,0,6,162836,36,Home,7.86,Urban,No,1.14,162836,4523.22,0
APP100090,39,Female,Single,High School,0,Salaried,0,22520,733,1,15,147893,24,Auto,6.09,Urban,No,3.284,172893,6162.21,0
APP100091,49,Female,Married,Bachelor,0,Unemployed,0,15000,688,2,15,205096,36,Education,7.47,Semiurban,No,4.558,255096,5697.11,0
APP100092,29,Male,Single,Bachelor,1,Salaried,2,27117,687,1,0,224817,60,Home,7.47,Urban,No,1.658,249817,3746.95,0
APP100093,34,Male,Married,Bachelor,1,Salaried,14,41210,630,0,8,251166,60,Auto,8.3,Urban,No,1.219,251166,4186.1,0
APP100094,33,Female,Single,High School,3,Salaried,11,64071,675,0,5,124920,36,Home,6.73,Semiurban,No,0.65,124920,3470.0,0
APP100095,21,Female,Married,Bachelor,3,Salaried,6,15000,598,1,6,191909,36,Home,10.23,Semiurban,No,4.265,216909,5330.81,0
APP100096,41,Female,Divorced,Master,1,Salaried,8,100019,617,0,3,217186,36,Home,10.05,Semiurban,No,0.724,217186,6032.94,0
APP100097,41,Male,Married,High School,1,Salaried,0,68148,721,1,3,140533,24,Home,6.63,Urban,No,1.031,165533,5855.54,0
APP100098,38,Female,Married,High School,0,Business,3,84426,642,1,12,92467,120,Home,8.41,Urban,Yes,0.11,117467,770.56,1
APP100099,35,Male,Married,Bachelor,0,Self-Employed,17,83946,620,0,2,161486,60,Education,9.68,Semiurban,No,0.385,161486,2691.43,1
APP100100,21,Male,Married,Bachelor,1,Business,8,72616,715,1,8,101541,36,Personal,7.72,Semiurban,Yes,0.466,126541,2820.58,1
APP100101,32,Male,Divorced,Bachelor,2,Salaried,13,43852,710,2,1,93661,24,Medical,8.83,Rural,No,1.068,143661,3902.54,0
APP100102,33,Male,Married,Bachelor,0,Self-Employed,9,15000,662,0,14,167610,120,Medical,9.89,Urban,No,1.117,167610,1396.75,0
APP100103,28,Male,Married,High School,0,Self-Employed,15,51177,668,0,8,134934,36,Business,7.97,Rural,No,0.879,134934,3748.17,1
APP100104,36,Male,Single,High School,1,Unemployed,0,15000,713,1,11,164041,60,Personal,7.67,Urban,No,2.187,189041,2734.02,0
APP100105,42,Male,Married,High School,0,Salaried,6,29784,757,0,8,25901,12,Personal,5.86,Urban,No,0.87,25901,2158.42,0
APP100106,60,Female,Single,High School,2,Salaried,17,41648,696,2,6,135956,36,Business,9.58,Semiurban,No,1.088,185956,3776.56,0
APP100107,40,Male,Married,Bachelor,1,Self-Employed,13,73871,584,3,8,5000,60,Business,10.59,Rural,No,0.014,80000,83.33,1
APP100108,41,Male,Married,High School,1,Unemployed,0,15000,662,3,15,66362,36,Auto,9.75,Urban,Yes,1.475,141362,1843.39,0
APP100109,37,Male,Married,PhD,0,Unemployed,0,15000,647,0,3,142885,36,Home,8.7,Rural,No,3.175,142885,3969.03,0
APP100110,21,Female,Married,Master,3,Self-Employed,4,122093,595,1,0,247049,24,Home,11.12,Urban,No,1.012,272049,10293.71,0
APP100111,37,Male,Married,Master,0,Salaried,1,107129,719,2,4,192948,36,Business,8.36,Urban,No,0.6,242948,5359.67,0
APP100112,38,Male,Single,Master,3,Salaried,1,74642,725,0,1,157222,60,Home,8.78,Urban,No,0.421,157222,2620.37,1
APP100113,67,Male,Married,Bachelor,1,Unemployed,0,15000,738,0,12,119860,24,Medical,5.9,Semiurban,No,3.995,119860,4994.17,0
APP100114,35,Female,Single,Master,3,Salaried,11,48889,600,0,7,129952,60,Auto,10.07,Urban,No,0.532,129952,2165.87,1
APP100115,41,Female,Married,High School,2,Salaried,7,53659,692,2,12,254462,36,Home,9.26,Urban,No,1.581,304462,7068.39,0
APP100116,37,Male,Single,High School,0,Unemployed,0,15000,679,1,8,61492,60,Auto,7.48,Urban,No,0.82,86492,1024.87,0
APP100117,23,Male,Married,Master,2,Salaried,8,44785,704,1,8,91956,24,Business,8.44,Semiurban,No,1.027,116956,3831.5,1
APP100118,51,Female,Divorced,High School,2,Self-Employed,13,49921,690,1,8,235340,36,Home,8.77,Urban,No,1.571,260340,6537.22,0
APP100119,47,Male,Single,PhD,0,Self-Employed,13,101181,678,1,15,122485,36,Home,9.14,Urban,No,0.404,147485,3402.36,1
APP100120,47,Male,Married,Bachelor,0,Salaried,1,118076,669,0,8,305126,24,Business,8.95,Urban,No,1.292,305126,12713.58,0
APP100121,27,Male,Single,Master,1,Salaried,9,92150,768,1,13,205255,36,Medical,7.26,Urban,No,0.742,230255,5701.53,1
APP100122,54,Male,Divorced,High School,2,Salaried,0,69645,611,1,13,242396,36,Education,10.21,Semiurban,No,1.16,267396,6733.22,0
APP100123,21,Male,Married,Bachelor,2,Self-Employed,8,105938,666,1,7,19949,240,Education,9.86,Urban,Yes,0.009,44949,83.12,1
APP100124,45,Male,Single,High School,2,Salaried,11,42661,766,1,7,234754,60,Business,5.96,Semiurban,No,1.101,259754,3912.57,1
APP100125,64,Female,Single,Master,2,Salaried,0,63579,615,1,6,82048,12,Business,10.04,Urban,No,1.29,107048,6837.33,0
APP100126,26,Female,Married,High School,2,Unemployed,0,15000,619,3,14,207261,36,Home,10.84,Semiurban,No,4.606,282261,5757.25,0
APP100127,31,Male,Single,Bachelor,1,Salaried,8,38226,738,1,3,120903,120,Home,6.46,Semiurban,No,0.316,145903,1007.52,1
APP100128,39,Female,Married,High School,0,Salaried,9,53598,566,1,4,167824,120,Personal,9.99,Urban,No,0.313,192824,1398.53,0
APP100129,31,Male,Single,High School,3,Salaried,6,36712,732,2,6,61501,240,Personal,7.88,Urban,Yes,0.084,111501,256.25,1
APP100130,21,Male,Single,Bachelor,0,Salaried,0,69395,640,2,2,12353,120,Education,10.58,Urban,No,0.018,62353,102.94,1
APP100131,38,Male,Married,High School,1,Unemployed,0,15000,712,1,5,162044,24,Education,7.63,Semiurban,Yes,5.401,187044,6751.83,0
APP100132,25,Female,Single,Bachelor,2,Salaried,0,71337,582,0,13,126496,12,Home,10.46,Urban,Yes,1.773,126496,10541.33,0
APP100133,43,Female,Married,High School,1,Salaried,6,61188,774,0,11,78496,60,Business,6.88,Urban,No,0.257,78496,1308.27,1
APP100134,26,Female,Single,High School,0,Business,5,16386,582,0,5,15436,60,Home,9.87,Semiurban,No,0.188,15436,257.27,1
APP100135,56,Female,Single,Bachelor,0,Self-Employed,7,83146,737,0,12,5000,24,Home,9.45,Urban,No,0.03,5000,208.33,1
APP100136,28,Female,Divorced,High School,1,Salaried,4,65511,585,1,18,191884,24,Auto,9.38,Semiurban,No,1.465,216884,7995.17,0
APP100137,34,Female,Married,High School,4,Business,0,107102,824,2,9,129594,240,Business,5.61,Urban,No,0.061,179594,539.98,1
APP100138,47,Female,Married,Master,1,Self-Employed,5,73963,674,1,15,101690,120,Auto,8.63,Rural,Yes,0.137,126690,847.42,1
APP100139,23,Female,Single,High School,1,Salaried,13,55648,836,0,12,167024,24,Auto,3.09,Urban,Yes,1.501,167024,6959.33,0
APP100140,40,Male,Married,High School,0,Self-Employed,15,80425,614,0,6,231152,24,Business,8.88,Urban,No,1.437,231152,9631.33,0
APP100141,53,Male,Married,High School,0,Unemployed,0,15000,644,1,8,171565,120,Medical,7.77,Semiurban,No,1.144,196565,1429.71,0
APP100142,21,Male,Single,Bachelor,0,Salaried,18,92126,776,1,10,114549,36,Medical,7.2,Urban,Yes,0.414,139549,3181.92,1
APP100143,40,Male,Married,Bachelor,0,Self-Employed,0,70924,565,2,4,320599,60,Auto,9.01,Rural,No,0.904,370599,5343.32,0
APP100144,41,Male,Married,High School,1,Unemployed,0,15000,624,3,0,99139,36,Business,10.46,Rural,No,2.203,174139,2753.86,0
APP100145,47,Male,Married,Master,0,Self-Employed,7,69357,719,2,3,37229,60,Medical,6.44,Urban,Yes,0.107,87229,620.48,1
APP100146,23,Female,Married,High School,0,Salaried,7,39119,598,1,0,157985,36,Personal,11.0,Rural,No,1.346,182985,4388.47,0
APP100147,22,Male,Married,Bachelor,2,Salaried,8,70842,721,1,4,129555,120,Auto,6.18,Semiurban,No,0.183,154555,1079.62,1
APP100148,44,Male,Single,High School,3,Self-Employed,22,35770,693,0,0,225767,36,Auto,8.56,Urban,Yes,2.104,225767,6271.31,0
APP100149,41,Male,Married,Bachelor,3,Salaried,1,54410,558,0,12,107896,60,Personal,11.78,Rural,No,0.397,107896,1798.27,1
APP100150,41,Female,Single,PhD,1,Unemployed,0,15000,757,0,2,136787,60,Home,7.43,Rural,No,1.824,136787,2279.78,0
APP100151,42,Male,Married,Bachelor,0,Salaried,17,111313,579,0,10,80738,60,Business,9.2,Urban,No,0.145,80738,1345.63,1
APP100152,29,Male,Married,PhD,2,Salaried,4,15000,741,0,11,214612,36,Personal,8.31,Semiurban,No,4.769,214612,5961.44,0
APP100153,40,Female,Married,High School,0,Self-Employed,10,91908,690,2,11,161485,60,Business,8.75,Rural,Yes,0.351,211485,2691.42,1
APP100154,41,Male,Divorced,High School,2,Salaried,14,37452,643,1,0,127985,24,Business,6.78,Semiurban,Yes,1.709,152985,5332.71,0
APP100155,29,Male,Single,High School,2,Salaried,10,58885,591,2,13,138000,120,Home,10.29,Urban,Yes,0.234,188000,1150.0,1
APP100156,60,Male,Married,High School,2,Salaried,9,62319,706,3,10,148295,24,Home,10.71,Urban,No,1.19,223295,6178.96,0
APP100157,43,Male,Married,High School,4,Self-Employed,13,83254,610,4,12,35011,120,Business,10.92,Rural,No,0.042,135011,291.76,1
APP100158,23,Female,Married,High School,2,Business,2,43891,776,3,17,243016,60,Business,5.98,Semiurban,No,1.107,318016,4050.27,0
APP100159,45,Male,Married,Bachelor,2,Self-Employed,5,65241,779,1,11,238322,36,Home,6.96,Semiurban,No,1.218,263322,6620.06,0
APP100160,26,Male,Single,High School,0,Salaried,11,41062,811,0,2,153254,36,Home,5.39,Rural,Yes,1.244,153254,4257.06,0
APP100161,47,Male,Married,High School,3,Salaried,0,35744,702,1,11,144704,240,Auto,8.97,Urban,No,0.202,169704,602.93,1
APP100162,51,Male,Single,High School,0,Business,16,97617,647,2,0,70267,24,Education,8.25,Urban,No,0.36,120267,2927.79,1
APP100163,28,Female,Divorced,Master,3,Unemployed,0,15000,656,2,7,288186,60,Education,10.09,Semiurban,No,3.842,338186,4803.1,0
APP100164,49,Male,Single,High School,0,Salaried,8,15000,650,3,5,268836,24,Home,9.92,Urban,No,8.961,343836,11201.5,0
APP100165,42,Male,Married,Bachelor,0,Self-Employed,0,53009,699,1,8,181551,120,Home,8.66,Semiurban,No,0.342,206551,1512.92,1
APP100166,47,Male,Married,Bachelor,2,Salaried,0,20539,714,1,0,215603,60,Business,9.79,Rural,No,2.099,240603,3593.38,0
APP100167,60,Male,Single,Bachelor,0,Salaried,5,54291,778,3,1,248438,120,Home,7.45,Urban,Yes,0.458,323438,2070.32,0
APP100168,35,Male,Married,High School,2,Business,12,80654,681,3,5,232197,120,Home,9.4,Rural,No,0.288,307197,1934.98,1
APP100169,28,Female,Married,High School,0,Salaried,0,30546,567,1,6,81504,60,Home,11.79,Rural,No,0.534,106504,1358.4,1
APP100170,27,Female,Married,Bachelor,3,Salaried,12,49924,647,1,5,125109,24,Medical,9.77,Rural,No,1.253,150109,5212.88,0
APP100171,28,Female,Single,High School,2,Salaried,5,37191,804,2,15,187454,24,Auto,6.38,Semiurban,No,2.52,237454,7810.58,0
APP100172,37,Female,Single,High School,2,Salaried,6,44462,555,0,10,166265,24,Education,10.22,Rural,No,1.87,166265,6927.71,0
APP100173,42,Female,Single,High School,1,Self-Employed,9,61237,739,2,9,210244,24,Home,6.56,Semiurban,Yes,1.717,260244,8760.17,0
APP100174,41,Male,Single,Master,0,Salaried,9,104235,648,0,6,201498,36,Auto,9.47,Rural,No,0.644,201498,5597.17,1
APP100175,47,Female,Married,Bachelor,2,Self-Employed,3,139665,609,1,1,169757,120,Education,10.43,Urban,Yes,0.122,194757,1414.64,1
APP100176,38,Female,Married,Bachelor,0,Salaried,11,63087,711,1,7,5000,12,Home,7.8,Semiurban,No,0.079,30000,416.67,1
APP100177,55,Female,Married,Bachelor,1,Self-Employed,0,94073,804,1,17,243826,24,Personal,5.44,Urban,No,1.296,268826,10159.42,1
APP100178,34,Male,Married,Master,1,Salaried,5,26404,707,0,9,217122,60,Business,7.72,Urban,Yes,1.645,217122,3618.7,0
APP100179,70,Male,Married,Bachelor,1,Self-Employed,8,60624,658,0,13,315537,120,Medical,8.79,Semiurban,No,0.52,315537,2629.48,1
APP100180,45,Female,Married,Bachelor,0,Self-Employed,5,63887,576,3,14,111800,36,Education,10.76,Urban,No,0.583,186800,3105.56,1
APP100181,27,Female,Single,Master,0,Unemployed,0,15000,672,0,10,5000,36,Auto,8.34,Semiurban,Yes,0.111,5000,138.89,1
APP100182,25,Female,Married,Bachelor,0,Unemployed,0,15000,573,0,9,135564,36,Education,11.71,Rural,Yes,3.013,135564,3765.67,0
APP100183,43,Male,Married,High School,3,Salaried,0,40119,655,2,3,186534,36,Home,8.79,Urban,No,1.55,236534,5181.5,0
APP100184,35,Male,Married,High School,0,Salaried,7,33168,674,0,6,114636,60,Home,7.88,Rural,Yes,0.691,114636,1910.6,1
APP100185,46,Male,Single,Master,4,Self-Employed,8,195071,491,2,6,259743,60,Education,12.1,Urban,No,0.266,309743,4329.05,1
APP100186,43,Female,Single,Master,0,Self-Employed,8,113578,791,0,9,97188,120,Auto,5.08,Semiurban,No,0.086,97188,809.9,1
APP100187,37,Male,Single,Bachelor,0,Salaried,15,110025,580,2,0,141929,120,Home,12.41,Urban,No,0.129,191929,1182.74,1
APP100188,27,Male,Married,Bachelor,1,Salaried,7,97316,665,1,5,130320,120,Education,9.36,Urban,Yes,0.134,155320,1086.0,1
APP100189,21,Female,Married,Bachelor,0,Self-Employed,10,52822,722,3,10,371944,60,Education,7.55,Semiurban,No,1.408,446944,6199.07,0
APP100190,32,Male,Single,Bachelor,1,Unemployed,0,15000,784,0,4,77513,24,Medical,7.74,Semiurban,No,2.584,77513,3229.71,0
APP100191,48,Female,Married,Bachelor,3,Unemployed,0,15000,616,0,3,196698,24,Business,9.47,Semiurban,No,6.557,196698,8195.75,0
APP100192,40,Male,Married,High School,0,Salaried,16,39168,479,3,4,53903,60,Home,12.39,Rural,No,0.275,128903,898.38,0
APP100193,23,Female,Married,PhD,2,Salaried,8,56942,766,1,6,177437,120,Medical,5.98,Urban,No,0.312,202437,1478.64,1
APP100194,40,Male,Divorced,Master,1,Salaried,12,63650,580,2,0,73642,60,Personal,9.46,Urban,No,0.231,123642,1227.37,0
APP100195,42,Female,Single,Bachelor,0,Salaried,16,68987,708,0,4,237995,120,Business,8.05,Semiurban,No,0.345,237995,1983.29,1
APP100196,27,Female,Divorced,High School,0,Business,16,71744,713,1,12,222650,36,Business,8.8,Urban,No,1.034,247650,6184.72,1
APP100197,39,Male,Single,High School,3,Business,5,69651,419,0,9,171721,12,Home,12.74,Semiurban,No,2.465,171721,14310.08,0
APP100198,38,Male,Married,Bachelor,0,Salaried,14,58508,550,0,10,38685,60,Personal,10.76,Rural,No,0.132,38685,644.75,1
APP100199,24,Male,Married,Bachelor,3,Salaried,9,81518,643,1,0,145743,120,Home,8.94,Semiurban,No,0.179,170743,1214.53,1
APP100200,42,Female,Divorced,Bachelor,1,Salaried,14,53573,473,4,5,125668,36,Business,13.31,Semiurban,No,0.782,225668,3490.78,0
APP100201,44,Female,Married,High School,0,Unemployed,0,15000,572,0,7,216431,24,Auto,10.13,Semiurban,No,7.214,216431,9017.96,0
APP100202,50,Male,Married,Bachelor,1,Salaried,9,15000,689,0,10,77800,12,Auto,8.97,Urban,Yes,5.187,77800,6483.33,0
APP100203,50,Male,Married,Master,2,Salaried,10,99346,672,0,13,242404,12,Home,9.28,Semiurban,No,2.44,242404,20200.33,0
APP100204,21,Male,Married,High School,2,Self-Employed,9,60655,704,2,12,227390,36,Auto,7.26,Urban,No,1.25,277390,6316.39,0
APP100205,26,Female,Single,Bachelor,1,Self-Employed,9,51763,715,1,5,40047,24,Business,7.41,Urban,Yes,0.387,65047,1668.62,1
APP100206,44,Female,Married,Master,3,Unemployed,0,15000,545,0,5,132431,36,Personal,11.18,Semiurban,No,2.943,132431,3678.64,0
APP100207,44,Male,Married,Bachelor,0,Salaried,6,71619,577,2,15,145893,36,Auto,10.02,Rural,Yes,0.679,195893,4052.58,1
APP100208,44,Male,Married,Bachelor,3,Salaried,18,82898,740,0,6,230475,36,Business,6.31,Urban,No,0.927,230475,6402.08,1
APP100209,70,Male,Married,Bachelor,2,Salaried,10,16263,801,0,2,95054,60,Business,7.46,Semiurban,Yes,1.169,95054,1584.23,0
APP100210,44,Male,Married,PhD,2,Unemployed,0,15000,602,0,6,166608,60,Home,8.18,Semiurban,Yes,2.221,166608,2776.8,0
APP100211,51,Male,Divorced,High School,2,Business,6,50986,700,0,14,237924,36,Personal,8.23,Rural,No,1.555,237924,6609.0,0
APP100212,49,Male,Married,Bachelor,1,Business,14,132198,744,0,3,170101,36,Home,8.48,Urban,No,0.429,170101,4725.03,1
APP100213,45,Male,Divorced,High School,2,Salaried,3,15000,699,0,5,5000,36,Personal,7.21,Rural,Yes,0.111,5000,138.89,1
APP100214,34,Male,Single,High School,1,Business,0,127189,660,1,3,110438,12,Personal,8.83,Rural,Yes,0.868,135438,9203.17,0
APP100215,47,Male,Married,High School,1,Salaried,0,26492,628,0,12,222338,36,Home,10.34,Semiurban,Yes,2.798,222338,6176.06,0
APP100216,28,Male,Married,High School,1,Salaried,0,67024,838,0,9,212350,24,Medical,3.0,Semiurban,No,1.584,212350,8847.92,0
APP100217,35,Male,Married,PhD,0,Salaried,0,93232,687,0,12,5000,36,Education,8.21,Urban,No,0.018,5000,138.89,1
APP100218,32,Female,Married,PhD,1,Self-Employed,0,75903,711,0,15,166059,60,Medical,6.21,Semiurban,No,0.438,166059,2767.65,1
APP100219,38,Female,Married,High School,0,Salaried,16,46639,705,0,0,225680,240,Home,8.86,Urban,No,0.242,225680,940.33,1
APP100220,65,Male,Married,Bachelor,0,Business,7,128592,615,0,4,193113,120,Medical,8.91,Rural,No,0.15,193113,1609.28,1
APP100221,21,Male,Married,Bachelor,0,Self-Employed,5,25418,684,4,5,202285,120,Education,10.1,Urban,No,0.796,302285,1685.71,0
APP100222,46,Female,Single,Master,3,Salaried,0,100801,654,1,8,314985,60,Education,7.97,Urban,No,0.625,339985,5249.75,1
APP100223,21,Female,Married,Bachelor,1,Self-Employed,7,71634,652,2,10,146523,120,Education,9.41,Rural,Yes,0.205,196523,1221.03,1
APP100224,32,Male,Married,High School,2,Salaried,0,52098,705,2,5,174382,60,Business,7.02,Semiurban,No,0.669,224382,2906.37,0
APP100225,51,Male,Single,Master,0,Salaried,5,78356,606,1,4,74840,36,Home,9.64,Urban,No,0.318,99840,2078.89,1
APP100226,38,Male,Married,Bachelor,1,Self-Employed,20,54843,583,1,12,99226,60,Personal,10.34,Urban,Yes,0.362,124226,1653.77,1
APP100227,25,Male,Married,Bachelor,0,Business,11,48257,720,1,10,123442,36,Auto,7.63,Semiurban,No,0.853,148442,3428.94,0
APP100228,29,Male,Married,Master,0,Salaried,6,99860,637,1,9,217978,12,Medical,10.91,Urban,Yes,2.183,242978,18164.83,0
APP100229,46,Male,Single,Master,1,Business,12,149529,652,3,0,90191,36,Home,10.39,Urban,No,0.201,165191,2505.31,1
APP100230,29,Female,Single,Bachelor,1,Business,4,114835,525,0,14,248769,36,Personal,10.75,Semiurban,No,0.722,248769,6910.25,1
APP100231,40,Male,Married,Bachelor,0,Salaried,3,70689,757,0,8,62546,60,Medical,6.9,Urban,No,0.177,62546,1042.43,1
APP100232,38,Male,Single,PhD,1,Salaried,18,133787,721,0,7,201168,120,Home,6.42,Urban,Yes,0.15,201168,1676.4,1
APP100233,30,Male,Married,High School,3,Self-Employed,1,79927,736,2,3,194165,240,Business,5.89,Urban,Yes,0.121,244165,809.02,1
APP100234,63,Male,Single,High School,0,Salaried,5,15000,710,0,4,170598,36,Auto,7.13,Urban,No,3.791,170598,4738.83,0
APP100235,45,Male,Married,High School,0,Business,9,15000,558,3,3,228771,240,Auto,12.52,Semiurban,No,0.763,303771,953.21,0
APP100236,21,Male,Single,Master,2,Business,2,200749,698,0,0,90596,60,Home,6.35,Semiurban,Yes,0.09,90596,1509.93,1
APP100237,40,Female,Single,Bachelor,0,Salaried,11,26473,631,0,3,112709,12,Home,9.96,Semiurban,No,4.258,112709,9392.42,0
APP100238,30,Male,Married,High School,4,Unemployed,0,15000,602,0,0,72931,60,Personal,10.42,Semiurban,No,0.972,72931,1215.52,0
APP100239,48,Female,Single,PhD,1,Salaried,11,84495,720,1,7,150720,36,Auto,6.86,Semiurban,No,0.595,175720,4186.67,1
APP100240,28,Female,Married,Bachelor,1,Unemployed,0,15000,812,2,2,140404,12,Home,6.4,Semiurban,No,9.36,190404,11700.33,0
APP100241,36,Male,Divorced,Master,1,Salaried,6,65598,799,0,11,218516,60,Education,6.66,Semiurban,No,0.666,218516,3641.93,1
APP100242,44,Male,Married,High School,1,Business,18,38112,729,1,0,180944,60,Personal,7.38,Urban,No,0.95,205944,3015.73,0
APP100243,48,Male,Married,Bachelor,0,Salaried,4,54166,677,0,13,205153,36,Auto,8.31,Rural,Yes,1.262,205153,5698.69,0
APP100244,23,Female,Single,Bachelor,3,Self-Employed,16,80395,662,1,12,134229,120,Home,8.51,Semiurban,No,0.167,159229,1118.58,1
APP100245,33,Female,Single,Bachelor,1,Salaried,15,51411,607,1,2,182453,60,Education,9.02,Rural,No,0.71,207453,3040.88,0
APP100246,32,Female,Married,Bachelor,0,Salaried,18,50148,658,2,7,295018,24,Personal,9.01,Urban,No,2.941,345018,12292.42,0
APP100247,30,Male,Married,Master,1,Salaried,9,86384,752,2,3,42356,60,Medical,6.45,Urban,No,0.098,92356,705.93,1
APP100248,59,Female,Married,High School,0,Business,3,90412,825,1,10,5000,36,Business,5.66,Rural,No,0.018,30000,138.89,1
APP100249,42,Male,Married,Master,0,Salaried,20,130096,614,0,16,200953,36,Home,9.11,Semiurban,No,0.515,200953,5582.03,1
APP100250,22,Male,Married,High School,1,Self-Employed,5,45810,520,2,13,82116,120,Business,10.94,Semiurban,Yes,0.179,132116,684.3,1
APP100251,49,Male,Single,High School,1,Business,3,110903,637,0,4,39461,24,Medical,8.72,Semiurban,No,0.178,39461,1644.21,1
APP100252,63,Male,Married,High School,1,Unemployed,0,15000,752,1,8,192712,36,Medical,8.23,Urban,No,4.282,217712,5353.11,0
APP100253,50,Female,Married,High School,0,Salaried,2,20439,845,0,15,69649,60,Auto,3.72,Semiurban,No,0.682,69649,1160.82,1
APP100254,21,Male,Married,High School,1,Business,11,29893,784,0,10,273124,60,Auto,8.09,Urban,No,1.827,273124,4552.07,0
APP100255,32,Male,Married,Master,0,Salaried,4,59238,782,1,13,162517,12,Home,7.13,Rural,Yes,2.743,187517,13543.08,0
APP100256,53,Male,Single,Bachelor,1,Self-Employed,6,115338,612,0,11,133791,60,Business,8.2,Semiurban,Yes,0.232,133791,2229.85,1
APP100257,29,Female,Single,Bachelor,1,Self-Employed,13,56958,614,3,8,84273,120,Business,9.14,Urban,No,0.148,159273,702.28,1
APP100258,43,Female,Married,Bachelor,2,Salaried,11,15000,574,1,7,167215,60,Home,8.9,Rural,No,2.23,192215,2786.92,0
APP100259,47,Male,Married,High School,3,Salaried,8,37994,626,1,1,22726,120,Home,10.13,Rural,Yes,0.06,47726,189.38,1
APP100260,26,Male,Married,High School,3,Salaried,9,15000,753,0,4,5000,36,Personal,8.22,Semiurban,No,0.111,5000,138.89,1
APP100261,37,Male,Single,Bachelor,4,Salaried,8,33625,809,0,3,25667,36,Home,6.05,Semiurban,No,0.254,25667,712.97,1
APP100262,21,Female,Single,Bachelor,4,Unemployed,0,15000,707,1,6,240975,36,Education,9.08,Rural,No,5.355,265975,6693.75,0
APP100263,25,Male,Married,Master,2,Salaried,7,82864,659,1,8,76068,60,Auto,9.0,Semiurban,No,0.184,101068,1267.8,1
APP100264,34,Male,Married,Bachelor,4,Unemployed,0,15000,594,1,7,35239,120,Business,11.09,Semiurban,No,0.235,60239,293.66,0
APP100265,23,Male,Married,Bachelor,3,Salaried,7,77353,670,0,9,142895,120,Home,8.89,Semiurban,No,0.185,142895,1190.79,1
APP100266,57,Male,Divorced,Bachelor,2,Unemployed,0,15000,696,1,11,327975,24,Business,8.09,Semiurban,No,10.932,352975,13665.62,0
APP100267,21,Female,Married,PhD,0,Self-Employed,2,97357,562,1,5,237351,60,Education,11.53,Rural,Yes,0.488,262351,3955.85,1
APP100268,32,Male,Married,High School,0,Business,4,65004,753,1,11,85964,240,Medical,6.78,Urban,Yes,0.066,110964,358.18,1
APP100269,39,Male,Married,Bachelor,2,Salaried,3,53444,646,1,13,84522,36,Education,10.54,Semiurban,No,0.527,109522,2347.83,1
APP100270,55,Male,Married,Bachelor,1,Self-Employed,4,63921,748,3,10,86323,60,Business,6.72,Urban,Yes,0.27,161323,1438.72,1
APP100271,21,Male,Single,PhD,2,Salaried,15,27090,679,1,5,77178,120,Auto,8.99,Semiurban,No,0.285,102178,643.15,1
APP100272,51,Female,Single,High School,0,Salaried,12,21827,703,0,12,193503,120,Personal,7.23,Urban,Yes,0.887,193503,1612.52,1
APP100273,38,Male,Married,Bachelor,1,Self-Employed,1,59911,623,1,10,123124,36,Education,7.97,Rural,No,0.685,148124,3420.11,0
APP100274,26,Female,Divorced,High School,2,Self-Employed,10,15000,652,1,11,60948,12,Business,9.32,Urban,No,4.063,85948,5079.0,0
APP100275,43,Female,Single,Bachelor,3,Salaried,5,76016,731,0,15,43098,60,Home,5.58,Urban,No,0.113,43098,718.3,1
APP100276,40,Male,Single,High School,0,Salaried,3,17978,669,0,11,334082,120,Auto,10.77,Rural,Yes,1.858,334082,2784.02,0
APP100277,30,Male,Divorced,High School,3,Self-Employed,0,64823,591,1,15,209099,60,Home,9.83,Urban,No,0.645,234099,3484.98,1
APP100278,38,Male,Single,Bachelor,2,Salaried,13,74972,688,1,7,81512,36,Home,8.16,Semiurban,Yes,0.362,106512,2264.22,1
APP100279,33,Female,Married,High School,0,Salaried,0,32485,710,2,5,246988,120,Education,7.49,Rural,No,0.76,296988,2058.23,0
APP100280,39,Male,Single,High School,1,Self-Employed,7,71411,789,2,13,57808,36,Auto,6.36,Urban,No,0.27,107808,1605.78,1
APP100281,45,Male,Single,High School,0,Salaried,2,55005,772,0,3,139031,60,Auto,6.9,Urban,No,0.506,139031,2317.18,1
APP100282,57,Male,Divorced,High School,0,Business,12,54889,674,1,17,130274,36,Auto,7.68,Rural,Yes,0.791,155274,3618.72,1
APP100283,23,Female,Single,PhD,1,Self-Employed,5,94955,636,1,14,164586,36,Home,6.73,Semiurban,No,0.578,189586,4571.83,1
APP100284,63,Male,Married,Bachelor,0,Business,7,131146,661,0,8,74631,24,Auto,7.68,Urban,No,0.285,74631,3109.62,1
APP100285,21,Male,Single,Master,0,Salaried,7,85540,638,0,14,160279,12,Medical,8.75,Urban,No,1.874,160279,13356.58,0
APP100286,36,Male,Single,Bachelor,2,Business,9,129176,720,0,11,10129,120,Medical,7.88,Semiurban,Yes,0.008,10129,84.41,1
APP100287,45,Male,Single,Master,1,Salaried,8,15000,763,0,1,119861,24,Auto,6.92,Semiurban,No,3.995,119861,4994.21,0
APP100288,41,Female,Single,Bachelor,1,Salaried,7,62462,779,2,3,256818,12,Business,7.17,Semiurban,No,4.112,306818,21401.5,0
APP100289,30,Male,Single,Bachelor,0,Salaried,4,20564,647,0,9,232028,60,Business,7.42,Semiurban,Yes,2.257,232028,3867.13,0
APP100290,35,Female,Married,Bachelor,2,Business,0,89032,639,0,8,94318,60,Home,8.33,Semiurban,Yes,0.212,94318,1571.97,1
APP100291,32,Female,Married,Bachelor,3,Self-Employed,1,93414,646,0,14,27925,60,Education,8.64,Rural,Yes,0.06,27925,465.42,1
APP100292,30,Male,Single,Bachelor,1,Salaried,12,103478,525,1,9,5000,36,Medical,13.02,Urban,No,0.016,30000,138.89,1
APP100293,48,Female,Married,High School,3,Salaried,6,25582,583,0,1,199397,24,Education,13.06,Rural,No,3.897,199397,8308.21,0
APP100294,42,Male,Divorced,High School,2,Salaried,4,32800,677,0,5,172271,12,Education,7.11,Semiurban,No,5.252,172271,14355.92,0
APP100295,29,Male,Divorced,Bachelor,2,Salaried,0,57611,710,0,11,180853,12,Education,8.89,Urban,No,3.139,180853,15071.08,0
APP100296,48,Female,Married,Bachelor,2,Self-Employed,0,42764,719,0,0,285248,120,Education,7.71,Urban,No,0.667,285248,2377.07,0
APP100297,41,Male,Married,High School,0,Self-Employed,3,70949,617,0,0,162231,60,Business,10.22,Semiurban,No,0.457,162231,2703.85,0
APP100298,47,Female,Single,High School,0,Unemployed,0,15000,640,2,6,168246,36,Education,7.88,Urban,No,3.739,218246,4673.5,0
APP100299,45,Male,Married,Bachelor,0,Unemployed,0,15000,658,0,12,38209,36,Home,10.2,Urban,No,0.849,38209,1061.36,0
APP100300,28,Female,Married,Master,0,Self-Employed,10,117786,649,0,6,279914,60,Auto,6.8,Semiurban,No,0.475,279914,4665.23,1
APP100301,31,Male,Married,High School,0,Salaried,4,40745,735,0,10,136883,36,Education,5.99,Semiurban,No,1.12,136883,3802.31,1
APP100302,46,Male,Married,High School,3,Salaried,11,27693,575,2,8,84649,60,Auto,10.23,Urban,No,0.611,134649,1410.82,0
APP100303,45,Male,Married,Master,0,Salaried,5,75951,588,0,7,166628,36,Home,9.65,Urban,Yes,0.731,166628,4628.56,1
APP100304,37,Female,Divorced,Bachelor,4,Salaried,0,38595,656,4,4,310024,36,Home,8.91,Semiurban,No,2.678,410024,8611.78,0
APP100305,39,Female,Married,High School,1,Self-Employed,6,52667,570,2,12,320815,120,Home,9.92,Rural,No,0.609,370815,2673.46,1
APP100306,53,Male,Married,Master,0,Unemployed,0,15000,527,1,1,72368,36,Home,11.1,Urban,No,1.608,97368,2010.22,0
APP100307,30,Female,Married,Bachelor,1,Business,18,45938,560,1,6,244029,60,Auto,10.62,Semiurban,No,1.062,269029,4067.15,0
APP100308,44,Male,Single,Bachelor,0,Salaried,10,21690,660,1,13,176858,36,Business,8.58,Semiurban,Yes,2.718,201858,4912.72,0
APP100309,35,Male,Single,PhD,4,Salaried,7,97969,730,1,4,229007,36,Personal,7.55,Semiurban,Yes,0.779,254007,6361.31,1
APP100310,35,Female,Married,PhD,2,Business,9,97932,732,1,0,172137,12,Medical,8.26,Urban,No,1.758,197137,14344.75,0
APP100311,51,Female,Married,High School,0,Business,9,63833,807,1,0,199190,24,Medical,5.11,Semiurban,No,1.56,224190,8299.58,0
APP100312,47,Female,Single,High School,3,Salaried,7,47607,688,0,11,255704,24,Medical,9.59,Urban,No,2.686,255704,10654.33,0
APP100313,47,Female,Married,High School,2,Self-Employed,10,15000,698,1,11,10066,120,Education,8.09,Urban,No,0.067,35066,83.88,1
APP100314,53,Male,Married,High School,0,Self-Employed,9,64886,659,1,6,178829,240,Home,10.08,Rural,No,0.138,203829,745.12,1
APP100315,38,Female,Married,High School,2,Salaried,6,21530,663,0,1,56439,12,Auto,8.4,Urban,No,2.621,56439,4703.25,0
APP100316,46,Male,Single,High School,1,Salaried,0,41608,846,4,7,112912,12,Home,4.21,Urban,No,2.714,212912,9409.33,0
APP100317,34,Male,Single,PhD,0,Business,5,104437,700,0,13,150077,60,Education,8.08,Urban,No,0.287,150077,2501.28,1
APP100318,41,Male,Married,Master,2,Self-Employed,12,72073,707,3,1,69373,60,Home,10.42,Urban,No,0.193,144373,1156.22,1
APP100319,36,Male,Married,Bachelor,0,Salaried,7,102348,588,1,13,103488,60,Home,8.87,Semiurban,No,0.202,128488,1724.8,1
APP100320,39,Male,Divorced,Bachelor,1,Self-Employed,9,81578,712,1,0,37942,60,Business,8.44,Urban,No,0.093,62942,632.37,1
APP100321,45,Male,Divorced,High School,0,Self-Employed,6,69398,732,2,2,102537,60,Home,7.54,Semiurban,No,0.296,152537,1708.95,0
APP100322,28,Male,Married,High School,4,Business,1,66962,768,2,8,190948,24,Auto,7.04,Urban,Yes,1.426,240948,7956.17,0
APP100323,63,Male,Single,High School,2,Salaried,6,52850,730,0,12,219236,12,Medical,6.19,Urban,No,4.148,219236,18269.67,0
APP100324,25,Male,Married,Master,0,Unemployed,0,15000,669,1,15,88449,120,Home,9.08,Urban,Yes,0.59,113449,737.08,1
APP100325,23,Male,Divorced,High School,0,Salaried,1,46452,666,0,12,256223,36,Home,8.98,Rural,No,1.839,256223,7117.31,0
APP100326,51,Male,Married,Master,0,Self-Employed,15,136779,674,1,15,196190,240,Home,7.04,Rural,No,0.072,221190,817.46,1
APP100327,47,Female,Married,Bachelor,2,Self-Employed,5,76695,688,3,8,264671,60,Business,8.37,Urban,Yes,0.69,339671,4411.18,1
APP100328,45,Female,Married,High School,0,Salaried,3,81990,781,0,4,8337,60,Home,6.14,Urban,No,0.02,8337,138.95,1
APP100329,45,Female,Married,High School,2,Salaried,17,58809,765,0,13,174900,60,Medical,6.35,Urban,No,0.595,174900,2915.0,1
APP100330,37,Male,Married,Bachelor,3,Business,12,47267,740,1,14,198897,24,Auto,7.15,Urban,No,2.104,223897,8287.38,0
APP100331,27,Female,Married,Master,2,Self-Employed,5,86714,842,0,12,12518,36,Home,6.25,Urban,No,0.048,12518,347.72,1
APP100332,38,Male,Married,Bachelor,0,Salaried,10,69926,467,0,11,343139,120,Home,13.12,Semiurban,No,0.491,343139,2859.49,1
APP100333,29,Male,Single,High School,1,Salaried,6,42778,643,1,14,99074,24,Education,8.1,Urban,No,1.158,124074,4128.08,0
APP100334,49,Male,Single,Bachelor,1,Salaried,3,77171,679,1,9,193508,24,Medical,8.92,Semiurban,No,1.254,218508,8062.83,0
APP100335,36,Female,Single,High School,1,Salaried,10,55947,626,0,7,224139,60,Auto,9.44,Urban,No,0.801,224139,3735.65,0
APP100336,28,Male,Single,PhD,2,Unemployed,0,15000,605,1,11,158094,60,Home,9.28,Semiurban,No,2.108,183094,2634.9,0
APP100337,34,Male,Divorced,Bachelor,1,Business,8,138040,542,4,10,260866,12,Auto,9.92,Semiurban,Yes,1.89,360866,21738.83,0
APP100338,42,Male,Single,Bachelor,1,Unemployed,0,15000,655,3,12,309617,36,Personal,9.71,Semiurban,Yes,6.88,384617,8600.47,0
APP100339,31,Female,Single,Bachelor,3,Salaried,13,45102,751,1,7,61231,36,Auto,6.41,Rural,No,0.453,86231,1700.86,1
APP100340,28,Female,Single,Bachelor,0,Self-Employed,4,54026,741,0,12,159291,120,Business,8.09,Rural,Yes,0.295,159291,1327.42,1
APP100341,40,Male,Married,High School,1,Salaried,10,56150,619,0,12,223254,120,Auto,8.54,Semiurban,No,0.398,223254,1860.45,1
APP100342,40,Male,Married,High School,2,Business,1,55989,697,2,9,19356,120,Business,10.05,Semiurban,Yes,0.035,69356,161.3,1
APP100343,31,Male,Single,High School,0,Salaried,10,30387,788,0,4,235141,120,Medical,8.87,Urban,No,0.774,235141,1959.51,0
APP100344,32,Female,Single,PhD,2,Salaried,8,79041,558,3,14,286522,60,Education,11.38,Rural,Yes,0.725,361522,4775.37,1
APP100345,40,Male,Single,Bachelor,2,Self-Employed,10,18159,667,1,1,252710,120,Personal,9.96,Semiurban,No,1.392,277710,2105.92,0
APP100346,21,Female,Married,High School,2,Salaried,6,27262,702,2,3,185075,24,Education,7.51,Semiurban,No,3.394,235075,7711.46,0
APP100347,21,Male,Single,Master,0,Self-Employed,20,45256,680,0,8,273156,36,Personal,7.85,Urban,Yes,2.012,273156,7587.67,0
APP100348,29,Female,Divorced,High School,0,Self-Employed,2,44747,748,0,0,178596,60,Business,8.23,Semiurban,No,0.798,178596,2976.6,0
APP100349,35,Male,Married,High School,0,Self-Employed,13,64348,560,1,15,44430,120,Business,10.95,Rural,No,0.069,69430,370.25,1
APP100350,41,Male,Single,High School,0,Unemployed,0,15000,599,2,8,108248,60,Medical,8.65,Urban,No,1.443,158248,1804.13,0
APP100351,55,Male,Married,Bachelor,4,Salaried,11,91418,734,1,15,129550,24,Home,7.4,Semiurban,No,0.709,154550,5397.92,1
APP100352,48,Male,Single,Bachelor,2,Salaried,11,85849,543,0,17,144883,120,Home,9.92,Urban,No,0.169,144883,1207.36,1
APP100353,36,Male,Married,Bachelor,0,Business,8,70177,744,2,7,142461,60,Home,6.93,Semiurban,Yes,0.406,192461,2374.35,1
APP100354,37,Female,Single,Bachelor,3,Self-Employed,5,72572,715,1,14,122939,60,Home,8.75,Urban,No,0.339,147939,2048.98,1
APP100355,25,Male,Married,High School,2,Salaried,8,41430,739,0,2,167507,60,Personal,8.68,Semiurban,No,0.809,167507,2791.78,0
APP100356,37,Female,Married,Master,0,Business,9,15000,642,1,10,270338,60,Home,9.44,Semiurban,No,3.605,295338,4505.63,0
APP100357,34,Female,Divorced,High School,1,Salaried,18,20697,720,1,5,167129,12,Home,8.94,Urban,No,8.075,192129,13927.42,0
APP100358,41,Male,Single,Master,0,Salaried,2,72563,586,1,11,200297,36,Auto,9.82,Urban,Yes,0.92,225297,5563.81,1
APP100359,28,Female,Single,Bachelor,4,Salaried,4,55677,646,2,12,5000,240,Education,10.78,Urban,Yes,0.004,55000,20.83,1
APP100360,44,Female,Married,Bachelor,1,Salaried,9,72808,682,0,7,160078,36,Business,7.64,Semiurban,No,0.733,160078,4446.61,1
APP100361,56,Male,Divorced,Bachelor,3,Salaried,6,71591,608,1,10,236946,60,Education,9.03,Rural,No,0.662,261946,3949.1,1
APP100362,36,Female,Divorced,Bachelor,0,Salaried,7,15732,697,0,12,249748,36,Business,7.6,Urban,No,5.292,249748,6937.44,0
APP100363,42,Male,Single,High School,3,Salaried,14,51075,588,1,8,241608,120,Auto,9.49,Semiurban,No,0.473,266608,2013.4,1
APP100364,46,Male,Single,Master,0,Salaried,0,83804,701,0,20,174272,60,Personal,8.5,Urban,No,0.416,174272,2904.53,1
APP100365,33,Female,Married,High School,4,Salaried,4,52909,819,0,7,183114,60,Home,6.87,Urban,No,0.692,183114,3051.9,1
APP100366,40,Male,Single,High School,3,Self-Employed,0,72804,579,0,16,96182,24,Auto,10.44,Urban,Yes,0.661,96182,4007.58,1
APP100367,38,Male,Single,Bachelor,1,Salaried,0,56427,678,0,13,217601,12,Medical,8.75,Semiurban,No,3.856,217601,18133.42,0
APP100368,39,Male,Single,Bachelor,2,Salaried,22,91139,550,0,0,96608,60,Home,9.62,Semiurban,Yes,0.212,96608,1610.13,1
APP100369,28,Female,Married,High School,2,Salaried,11,26435,613,0,15,204471,12,Business,9.84,Semiurban,No,7.735,204471,17039.25,0
APP100370,38,Female,Divorced,Master,3,Salaried,13,47263,736,0,13,153321,60,Auto,9.05,Urban,No,0.649,153321,2555.35,1
APP100371,43,Male,Divorced,PhD,0,Salaried,7,113150,645,0,8,151195,60,Home,10.51,Urban,No,0.267,151195,2519.92,1
APP100372,55,Female,Married,Bachelor,1,Salaried,12,50780,739,3,9,230099,120,Auto,6.13,Urban,No,0.453,305099,1917.49,1
APP100373,49,Female,Married,Bachelor,3,Self-Employed,0,79848,708,0,10,194896,24,Business,7.4,Rural,No,1.22,194896,8120.67,0
APP100374,63,Male,Married,Bachelor,2,Self-Employed,14,131789,674,0,14,172607,60,Home,11.93,Urban,No,0.262,172607,2876.78,1
APP100375,28,Male,Single,High School,1,Unemployed,0,15000,597,0,5,110181,60,Education,10.48,Urban,No,1.469,110181,1836.35,0
APP100376,48,Female,Married,Bachelor,2,Salaried,4,65304,734,1,15,278185,12,Business,8.84,Urban,No,4.26,303185,23182.08,0
APP100377,40,Female,Married,Master,0,Salaried,11,49750,704,1,2,176637,60,Business,9.51,Semiurban,No,0.71,201637,2943.95,0
APP100378,64,Female,Single,PhD,2,Salaried,9,28000,557,0,0,209790,36,Auto,9.74,Urban,Yes,2.498,209790,5827.5,0
APP100379,28,Male,Married,Master,0,Business,8,113463,602,0,10,156475,24,Auto,10.68,Urban,No,0.69,156475,6519.79,1
APP100380,27,Male,Single,High School,0,Salaried,0,60670,458,1,14,94501,36,Medical,13.03,Rural,No,0.519,119501,2625.03,1
APP100381,30,Male,Married,High School,1,Salaried,8,36348,570,3,7,178395,12,Home,12.34,Semiurban,Yes,4.908,253395,14866.25,0
APP100382,21,Male,Single,High School,1,Salaried,13,49025,654,2,0,102338,120,Personal,10.88,Urban,No,0.209,152338,852.82,1
APP100383,31,Male,Single,Bachelor,1,Self-Employed,4,114794,595,0,0,185022,36,Auto,9.27,Semiurban,Yes,0.537,185022,5139.5,0
APP100384,28,Female,Single,High School,1,Unemployed,0,15000,613,1,10,5000,24,Home,13.18,Urban,No,0.167,30000,208.33,1
APP100385,39,Male,Married,High School,0,Unemployed,0,15000,791,0,7,117934,36,Home,6.35,Semiurban,Yes,2.621,117934,3275.94,0
APP100386,42,Female,Married,Bachelor,0,Salaried,8,64252,762,1,14,148852,60,Home,7.39,Rural,Yes,0.463,173852,2480.87,1
APP100387,60,Male,Married,Master,2,Salaried,17,28644,624,1,8,73645,60,Business,6.87,Urban,No,0.514,98645,1227.42,0
APP100388,49,Male,Married,Bachelor,1,Business,3,66367,743,1,4,179102,12,Education,8.15,Rural,No,2.699,204102,14925.17,0
APP100389,31,Male,Married,Master,1,Salaried,14,68875,777,1,9,116222,12,Home,4.31,Semiurban,Yes,1.687,141222,9685.17,0
APP100390,27,Male,Single,High School,1,Salaried,19,27084,729,1,13,149527,120,Personal,7.28,Rural,No,0.552,174527,1246.06,1
APP100391,43,Male,Married,High School,3,Self-Employed,9,55617,703,1,14,105877,36,Medical,7.39,Semiurban,No,0.635,130877,2941.03,1
APP100392,22,Female,Single,Master,2,Self-Employed,4,168154,767,0,7,227752,24,Home,7.13,Urban,No,0.677,227752,9489.67,1
APP100393,59,Female,Single,Bachelor,0,Unemployed,0,15000,741,1,8,193677,24,Auto,7.36,Urban,No,6.456,218677,8069.88,0
APP100394,52,Male,Married,Bachelor,2,Self-Employed,15,79316,582,2,11,173832,36,Home,10.95,Semiurban,No,0.731,223832,4828.67,0
APP100395,32,Male,Single,High School,4,Salaried,15,55640,664,0,4,154959,60,Education,9.97,Urban,No,0.557,154959,2582.65,0
APP100396,21,Female,Single,High School,1,Salaried,16,29249,635,0,11,352450,60,Business,8.3,Urban,No,2.41,352450,5874.17,0
APP100397,54,Male,Married,Bachelor,4,Business,7,144903,772,2,6,137407,12,Auto,6.36,Semiurban,Yes,0.948,187407,11450.58,1
APP100398,36,Male,Married,Master,1,Self-Employed,14,32683,633,1,7,94249,36,Business,8.49,Semiurban,No,0.961,119249,2618.03,0
APP100399,52,Male,Married,Master,1,Self-Employed,7,129200,619,1,8,56155,36,Personal,8.7,Urban,Yes,0.145,81155,1559.86,1
APP100400,21,Female,Married,Bachelor,0,Unemployed,0,15000,762,1,8,222428,60,Education,8.69,Semiurban,Yes,2.966,247428,3707.13,0
APP100401,30,Male,Married,Bachelor,2,Self-Employed,14,49324,700,4,17,280497,60,Education,6.73,Semiurban,No,1.137,380497,4674.95,1
APP100402,38,Male,Married,Master,0,Salaried,17,71214,848,3,5,82155,240,Auto,4.22,Semiurban,Yes,0.058,157155,342.31,1
APP100403,38,Female,Single,Bachelor,0,Self-Employed,1,37972,611,0,5,127208,60,Home,11.97,Urban,Yes,0.67,127208,2120.13,1
APP100404,32,Male,Single,Bachelor,0,Self-Employed,1,39250,638,0,15,121245,60,Personal,9.11,Urban,No,0.618,121245,2020.75,1
APP100405,45,Male,Married,Master,0,Salaried,8,26290,769,0,10,140072,60,Business,6.56,Rural,No,1.066,140072,2334.53,0
APP100406,25,Male,Single,Master,1,Salaried,13,102944,577,0,11,8578,36,Business,10.86,Urban,No,0.028,8578,238.28,1
APP100407,36,Female,Divorced,Master,1,Self-Employed,1,140608,785,0,2,214538,60,Home,5.1,Semiurban,Yes,0.305,214538,3575.63,1
APP100408,39,Male,Married,High School,0,Salaried,9,15000,583,2,9,245219,36,Business,9.42,Urban,No,5.449,295219,6811.64,0
APP100409,44,Female,Single,Bachelor,4,Business,4,158936,728,2,12,5000,60,Business,6.82,Urban,No,0.006,55000,83.33,1
APP100410,46,Female,Single,Master,0,Salaried,12,77609,532,2,4,290634,24,Education,12.4,Rural,No,1.872,340634,12109.75,0
APP100411,24,Male,Single,High School,1,Unemployed,0,15000,683,0,11,279403,36,Education,9.01,Urban,Yes,6.209,279403,7761.19,0
APP100412,21,Female,Single,Master,0,Salaried,12,30146,570,2,6,5000,60,Personal,9.97,Semiurban,No,0.033,55000,83.33,1
APP100413,53,Male,Single,High School,0,Salaried,7,65114,834,1,4,5000,60,Home,5.19,Urban,No,0.015,30000,83.33,1
APP100414,41,Male,Married,Master,0,Salaried,2,84508,594,0,13,139365,60,Home,10.9,Urban,Yes,0.33,139365,2322.75,1
APP100415,29,Male,Married,Bachelor,1,Salaried,8,88470,613,1,13,255283,60,Medical,7.36,Urban,No,0.577,280283,4254.72,1
APP100416,56,Male,Married,High School,2,Salaried,0,63365,722,2,8,173181,36,Home,7.86,Semiurban,No,0.911,223181,4810.58,0
APP100417,39,Male,Single,Bachelor,0,Salaried,4,93371,631,0,10,151710,120,Personal,10.14,Semiurban,No,0.162,151710,1264.25,1
APP100418,52,Male,Married,Bachelor,1,Self-Employed,10,52551,735,4,14,195892,12,Home,6.38,Urban,No,3.728,295892,16324.33,0
APP100419,38,Male,Married,Bachelor,0,Salaried,0,54800,623,1,6,85352,24,Business,10.19,Rural,No,0.779,110352,3556.33,0
APP100420,62,Female,Married,Bachelor,2,Self-Employed,0,53648,616,1,9,252188,12,Medical,9.7,Urban,Yes,4.701,277188,21015.67,0
APP100421,59,Male,Married,Master,2,Business,0,160635,677,0,6,141710,60,Education,10.27,Rural,No,0.176,141710,2361.83,1
APP100422,35,Female,Divorced,Bachelor,0,Business,15,102483,582,0,2,19357,36,Education,9.84,Urban,No,0.063,19357,537.69,1
APP100423,49,Male,Married,Bachelor,1,Salaried,7,86728,711,1,6,86361,24,Home,8.37,Rural,No,0.498,111361,3598.38,1
APP100424,45,Male,Married,High School,4,Self-Employed,4,73767,750,1,2,179520,36,Home,5.53,Semiurban,Yes,0.811,204520,4986.67,0
APP100425,54,Male,Single,Master,1,Salaried,13,21864,724,1,10,126825,60,Medical,7.6,Rural,Yes,1.16,151825,2113.75,0
APP100426,26,Male,Married,High School,1,Business,5,98457,731,1,4,118538,60,Medical,8.2,Semiurban,No,0.241,143538,1975.63,1
APP100427,46,Male,Single,Bachelor,1,Business,9,125657,526,2,1,166234,60,Home,10.95,Semiurban,Yes,0.265,216234,2770.57,1
APP100428,50,Female,Married,Master,1,Salaried,8,66000,643,0,11,178689,240,Medical,10.26,Urban,Yes,0.135,178689,744.54,1
APP100429,21,Female,Married,High School,4,Salaried,5,48121,661,1,11,51569,120,Auto,9.7,Semiurban,No,0.107,76569,429.74,1
APP100430,23,Female,Single,Bachelor,4,Salaried,9,56908,796,1,6,247879,24,Education,6.22,Rural,No,2.178,272879,10328.29,0
APP100431,21,Male,Single,High School,2,Salaried,12,52780,633,0,11,139510,60,Home,9.07,Semiurban,No,0.529,139510,2325.17,1
APP100432,34,Female,Single,Master,1,Self-Employed,6,79115,495,3,3,183574,60,Auto,9.02,Urban,Yes,0.464,258574,3059.57,1
APP100433,46,Male,Single,Bachelor,1,Self-Employed,5,86367,599,1,6,157790,12,Auto,9.37,Urban,No,1.827,182790,13149.17,0
APP100434,56,Male,Single,Master,1,Salaried,5,80187,627,0,10,117190,12,Business,10.56,Rural,No,1.461,117190,9765.83,0
APP100435,38,Female,Single,Master,4,Self-Employed,0,76744,507,2,13,222931,60,Business,11.59,Urban,No,0.581,272931,3715.52,1
APP100436,57,Female,Single,Bachelor,2,Unemployed,0,15000,757,3,6,156493,60,Education,7.31,Urban,No,2.087,231493,2608.22,0
APP100437,21,Male,Single,Bachelor,1,Self-Employed,0,153194,554,2,5,155865,60,Home,10.46,Urban,No,0.203,205865,2597.75,1
APP100438,21,Male,Divorced,Bachelor,0,Salaried,11,42861,715,0,12,5000,36,Home,6.27,Semiurban,No,0.039,5000,138.89,1
APP100439,37,Male,Single,High School,1,Self-Employed,7,45151,592,4,11,215596,120,Home,10.91,Semiurban,No,0.477,315596,1796.63,1
APP100440,42,Female,Single,Bachelor,4,Salaried,8,43297,800,0,8,136357,60,Medical,4.77,Urban,Yes,0.63,136357,2272.62,1
APP100441,37,Male,Married,Master,1,Business,12,89543,657,1,13,210394,120,Personal,8.6,Semiurban,No,0.235,235394,1753.28,1
APP100442,21,Female,Married,Bachelor,0,Salaried,2,80394,641,0,17,281596,12,Medical,9.54,Urban,No,3.503,281596,23466.33,0
APP100443,36,Male,Married,High School,0,Salaried,10,54527,722,0,9,215869,60,Home,6.88,Urban,No,0.792,215869,3597.82,0
APP100444,22,Male,Single,High School,1,Self-Employed,9,50276,599,3,5,154332,60,Medical,11.59,Semiurban,No,0.614,229332,2572.2,0
APP100445,46,Male,Married,Bachelor,3,Salaried,6,85657,726,2,10,127085,24,Home,9.45,Urban,Yes,0.742,177085,5295.21,1
APP100446,42,Male,Married,High School,4,Self-Employed,2,67062,641,2,3,352057,36,Education,8.37,Urban,No,1.75,402057,9779.36,0
APP100447,26,Male,Married,Bachelor,3,Salaried,11,55941,632,0,14,188670,24,Business,8.59,Urban,No,1.686,188670,7861.25,0
APP100448,31,Female,Married,Bachelor,2,Self-Employed,12,25984,672,3,4,166770,240,Home,8.12,Urban,No,0.321,241770,694.88,1
APP100449,25,Female,Married,Bachelor,1,Salaried,8,80744,592,0,7,135364,60,Education,11.31,Urban,Yes,0.335,135364,2256.07,1
APP100450,37,Female,Married,High School,1,Salaried,1,44969,664,0,3,78275,36,Home,9.21,Semiurban,No,0.58,78275,2174.31,0
APP100451,49,Female,Married,Bachelor,1,Self-Employed,4,72666,707,1,8,5000,60,Auto,8.61,Semiurban,No,0.014,30000,83.33,1
APP100452,26,Female,Married,Master,2,Salaried,7,62853,495,0,9,271694,60,Auto,13.42,Urban,No,0.865,271694,4528.23,0
APP100453,44,Male,Married,PhD,1,Salaried,12,125785,767,0,11,87649,36,Business,5.75,Urban,No,0.232,87649,2434.69,1
APP100454,31,Female,Married,Bachelor,2,Self-Employed,0,82454,745,3,8,134774,240,Auto,7.6,Semiurban,No,0.082,209774,561.56,1
APP100455,28,Male,Single,High School,0,Self-Employed,4,45426,531,1,8,141515,120,Auto,11.43,Semiurban,Yes,0.312,166515,1179.29,1
APP100456,36,Male,Divorced,PhD,0,Salaried,5,46981,519,3,5,264648,36,Personal,12.05,Rural,Yes,1.878,339648,7351.33,0
APP100457,25,Male,Single,Bachelor,2,Self-Employed,7,104037,747,1,6,88696,60,Personal,8.21,Urban,No,0.171,113696,1478.27,1
APP100458,31,Male,Married,High School,3,Salaried,0,52585,741,0,1,170587,60,Medical,7.03,Rural,No,0.649,170587,2843.12,0
APP100459,23,Male,Married,High School,1,Salaried,6,46469,729,0,14,190973,24,Education,6.72,Urban,No,2.055,190973,7957.21,0
APP100460,61,Female,Single,High School,0,Salaried,6,15000,565,3,7,39243,120,Medical,9.65,Urban,Yes,0.262,114243,327.02,1
APP100461,38,Male,Married,High School,3,Salaried,1,41336,826,0,16,31722,120,Education,7.23,Semiurban,No,0.077,31722,264.35,1
APP100462,29,Male,Single,High School,2,Unemployed,0,15000,619,1,7,92798,60,Home,9.58,Semiurban,No,1.237,117798,1546.63,0
APP100463,40,Male,Married,Master,1,Salaried,4,57898,699,0,0,169493,24,Home,6.65,Urban,No,1.464,169493,7062.21,0
APP100464,36,Male,Single,Bachelor,1,Business,10,118283,700,1,5,159319,24,Business,9.38,Urban,No,0.673,184319,6638.29,1
APP100465,35,Male,Married,Bachelor,1,Business,2,116807,807,0,7,140473,24,Business,4.15,Urban,Yes,0.601,140473,5853.04,1
APP100466,45,Male,Married,Master,1,Unemployed,0,15000,690,0,8,202190,12,Personal,6.65,Urban,No,13.479,202190,16849.17,0
APP100467,47,Male,Divorced,Master,3,Salaried,3,111731,713,1,11,81456,120,Medical,7.42,Semiurban,No,0.073,106456,678.8,1
APP100468,31,Male,Divorced,Master,0,Business,4,67162,673,0,8,136356,120,Education,7.99,Semiurban,Yes,0.203,136356,1136.3,1
APP100469,31,Female,Single,PhD,0,Unemployed,0,15000,584,1,6,140916,12,Home,10.63,Rural,Yes,9.394,165916,11743.0,0
APP100470,34,Female,Married,Bachelor,0,Salaried,9,61869,494,2,3,83616,60,Education,10.19,Semiurban,No,0.27,133616,1393.6,0
APP100471,21,Male,Single,PhD,0,Salaried,5,71119,682,1,5,334135,24,Auto,8.69,Urban,No,2.349,359135,13922.29,0
APP100472,21,Male,Single,Bachelor,0,Salaried,6,78179,567,0,11,5000,12,Home,11.94,Rural,Yes,0.064,5000,416.67,1
APP100473,54,Male,Single,High School,0,Self-Employed,0,39433,708,1,12,249254,36,Business,6.86,Semiurban,No,2.107,274254,6923.72,0
APP100474,57,Female,Divorced,Bachelor,0,Self-Employed,16,110951,691,3,4,214005,36,Home,7.8,Urban,Yes,0.643,289005,5944.58,1
APP100475,35,Male,Divorced,Bachelor,0,Salaried,12,36721,689,1,13,214663,12,Education,7.42,Urban,No,5.846,239663,17888.58,0
APP100476,44,Male,Single,Master,0,Business,11,220934,595,1,10,157667,36,Education,10.42,Urban,No,0.238,182667,4379.64,1
APP100477,41,Female,Single,High School,0,Salaried,0,77512,762,2,3,256686,60,Auto,5.68,Rural,Yes,0.662,306686,4278.1,0
APP100478,70,Male,Single,Bachelor,1,Business,4,86446,717,2,9,114131,24,Auto,6.46,Urban,No,0.66,164131,4755.46,1
APP100479,51,Male,Married,High School,1,Salaried,5,62057,585,0,9,181395,36,Home,10.15,Semiurban,No,0.974,181395,5038.75,0
APP100480,36,Male,Married,High School,0,Self-Employed,0,41991,845,4,2,155856,120,Home,5.44,Rural,Yes,0.371,255856,1298.8,1
APP100481,26,Female,Single,High School,1,Salaried,13,59732,663,0,1,131415,12,Home,8.89,Rural,Yes,2.2,131415,10951.25,0
APP100482,21,Female,Married,Bachelor,4,Salaried,16,55600,573,4,10,159748,60,Home,10.1,Urban,No,0.575,259748,2662.47,1
APP100483,40,Female,Single,Master,3,Self-Employed,20,43467,619,0,5,74099,36,Medical,10.29,Rural,No,0.568,74099,2058.31,1
APP100484,28,Male,Divorced,High School,0,Salaried,1,15000,559,0,15,96877,60,Education,11.05,Urban,No,1.292,96877,1614.62,0
APP100485,21,Male,Married,Bachelor,2,Salaried,8,53282,788,2,16,276425,24,Home,5.07,Rural,No,2.594,326425,11517.71,0
APP100486,30,Female,Married,High School,1,Unemployed,0,15000,766,0,10,380527,60,Personal,4.0,Rural,No,5.074,380527,6342.12,0
APP100487,25,Female,Married,High School,0,Salaried,6,65280,739,0,12,191596,60,Education,7.74,Semiurban,Yes,0.587,191596,3193.27,1
APP100488,58,Male,Married,Bachelor,0,Business,4,91373,724,1,2,216684,24,Home,7.26,Semiurban,Yes,1.186,241684,9028.5,0
APP100489,48,Female,Single,High School,0,Salaried,0,59550,779,1,1,170162,36,Business,5.31,Semiurban,No,0.952,195162,4726.72,0
APP100490,37,Male,Single,Bachelor,1,Salaried,14,48651,660,0,7,186404,60,Auto,10.43,Urban,Yes,0.766,186404,3106.73,1
APP100491,55,Male,Divorced,High School,2,Salaried,7,36097,713,1,1,193503,36,Education,9.35,Urban,No,1.787,218503,5375.08,0
APP100492,38,Female,Single,High School,2,Unemployed,0,15000,615,1,9,232834,36,Education,10.97,Urban,No,5.174,257834,6467.61,0
APP100493,27,Male,Single,Bachelor,0,Salaried,9,15000,667,0,4,272955,36,Home,8.89,Rural,No,6.066,272955,7582.08,0
APP100494,56,Female,Married,Bachelor,0,Business,8,90486,716,1,8,79246,36,Personal,4.52,Semiurban,No,0.292,104246,2201.28,1
APP100495,44,Male,Married,High School,0,Unemployed,0,15000,433,0,7,376223,36,Home,14.52,Semiurban,No,8.361,376223,10450.64,0
APP100496,25,Male,Married,Bachelor,1,Salaried,6,94015,630,0,11,161061,60,Education,8.48,Urban,No,0.343,161061,2684.35,1
APP100497,35,Female,Divorced,Master,4,Self-Employed,17,72998,693,1,9,161087,36,Medical,7.58,Rural,No,0.736,186087,4474.64,1
APP100498,27,Female,Married,Bachelor,2,Business,7,109371,673,2,5,116967,60,Auto,9.44,Urban,No,0.214,166967,1949.45,1
APP100499,21,Male,Single,High School,4,Salaried,17,58126,643,1,1,117273,120,Education,11.17,Urban,No,0.202,142273,977.28,1
APP100500,49,Male,Married,Bachelor,2,Salaried,11,22685,727,0,8,199309,120,Personal,9.0,Urban,Yes,0.879,199309,1660.91,1
APP100501,60,Male,Married,Bachelor,1,Salaried,10,56515,623,1,0,200972,24,Medical,9.71,Rural,Yes,1.778,225972,8373.83,0
APP100502,21,Male,Single,High School,1,Business,7,51669,582,2,14,195217,60,Business,11.1,Rural,Yes,0.756,245217,3253.62,1
APP100503,44,Female,Single,Master,1,Business,13,163131,774,1,10,113613,60,Auto,5.41,Rural,No,0.139,138613,1893.55,1
APP100504,30,Female,Single,Master,1,Salaried,8,99940,763,1,12,5000,120,Auto,5.12,Semiurban,No,0.005,30000,41.67,1
APP100505,32,Male,Married,Master,2,Salaried,2,70420,632,4,3,6357,120,Auto,10.44,Rural,Yes,0.009,106357,52.98,1
APP100506,30,Male,Married,Master,1,Unemployed,0,15000,674,1,9,151063,60,Business,8.84,Semiurban,Yes,2.014,176063,2517.72,0
APP100507,27,Male,Married,Bachelor,0,Salaried,10,85953,747,2,4,176870,60,Home,5.61,Urban,No,0.412,226870,2947.83,1
APP100508,38,Female,Divorced,Bachelor,2,Self-Employed,2,69970,683,1,8,116424,24,Medical,8.29,Semiurban,No,0.832,141424,4851.0,0
APP100509,28,Male,Single,Bachelor,3,Salaried,7,19540,722,0,3,94567,36,Home,8.18,Rural,No,1.613,94567,2626.86,0
APP100510,41,Male,Divorced,Master,1,Business,14,42296,718,0,7,173735,60,Home,8.55,Semiurban,No,0.822,173735,2895.58,1
APP100511,37,Male,Married,Bachelor,2,Unemployed,0,15000,654,1,1,141389,24,Auto,9.55,Urban,No,4.713,166389,5891.21,0
APP100512,35,Male,Single,High School,0,Salaried,3,19673,721,1,7,111880,24,Home,7.22,Urban,No,2.843,136880,4661.67,0
APP100513,27,Male,Divorced,High School,1,Salaried,16,74543,602,0,0,20759,120,Auto,9.11,Semiurban,No,0.028,20759,172.99,1
APP100514,31,Male,Single,Master,0,Salaried,11,47545,711,0,16,82485,240,Auto,7.9,Rural,Yes,0.087,82485,343.69,1
APP100515,47,Female,Married,High School,0,Salaried,14,41993,674,2,8,224607,12,Home,9.32,Urban,No,5.349,274607,18717.25,0
APP100516,44,Female,Married,Bachelor,1,Salaried,0,63977,651,2,8,72989,120,Auto,9.89,Rural,No,0.114,122989,608.24,1
APP100517,26,Female,Married,PhD,0,Self-Employed,9,80189,580,1,11,203092,120,Education,11.98,Urban,Yes,0.253,228092,1692.43,1
APP100518,39,Male,Married,Bachelor,2,Salaried,13,15000,690,1,1,260912,60,Auto,8.24,Rural,Yes,3.479,285912,4348.53,0
APP100519,47,Male,Single,PhD,3,Salaried,18,103635,683,0,4,86715,36,Medical,7.23,Semiurban,Yes,0.279,86715,2408.75,1
APP100520,21,Female,Married,Bachelor,0,Business,0,61753,612,1,10,114427,120,Auto,10.85,Urban,Yes,0.185,139427,953.56,1
APP100521,44,Male,Married,High School,2,Self-Employed,15,52847,552,0,8,228987,12,Home,11.04,Urban,No,4.333,228987,19082.25,0
APP100522,30,Female,Married,Master,1,Salaried,17,74024,548,1,4,248626,120,Education,9.76,Rural,No,0.336,273626,2071.88,0
APP100523,44,Female,Married,High School,0,Self-Employed,0,55929,659,1,11,98416,36,Home,9.44,Semiurban,No,0.587,123416,2733.78,1
APP100524,28,Male,Divorced,Bachelor,2,Business,10,148570,704,1,9,20293,60,Home,9.33,Semiurban,No,0.027,45293,338.22,1
APP100525,21,Female,Single,High School,1,Self-Employed,11,38930,827,0,10,250390,36,Medical,5.84,Urban,No,2.144,250390,6955.28,0
APP100526,21,Female,Married,High School,1,Salaried,6,33795,676,0,9,196708,60,Auto,9.9,Urban,No,1.164,196708,3278.47,1
APP100527,38,Male,Divorced,Bachelor,3,Salaried,5,18355,549,3,4,182050,120,Home,10.54,Semiurban,No,0.992,257050,1517.08,0
APP100528,41,Male,Married,High School,1,Business,12,57876,663,0,7,223247,24,Auto,8.01,Semiurban,Yes,1.929,223247,9301.96,0
APP100529,27,Male,Single,Bachelor,4,Business,4,105370,780,0,0,55191,60,Auto,7.25,Rural,No,0.105,55191,919.85,1
APP100530,45,Male,Single,Master,1,Self-Employed,6,74743,625,0,5,181295,120,Home,9.15,Semiurban,Yes,0.243,181295,1510.79,1
APP100531,21,Male,Single,High School,0,Salaried,12,49287,769,0,6,127178,120,Auto,7.83,Urban,No,0.258,127178,1059.82,1
APP100532,37,Male,Married,High School,1,Self-Employed,18,46672,694,1,11,198220,120,Home,8.29,Semiurban,No,0.425,223220,1651.83,1
APP100533,23,Female,Married,Bachelor,0,Business,11,41165,731,1,10,213923,60,Auto,8.6,Semiurban,No,1.039,238923,3565.38,1
APP100534,30,Male,Divorced,Bachelor,1,Salaried,8,67799,828,0,4,228124,60,Auto,6.07,Urban,No,0.673,228124,3802.07,1
APP100535,38,Male,Married,Master,2,Salaried,4,71310,533,0,4,197884,36,Education,10.44,Rural,No,0.925,197884,5496.78,0
APP100536,27,Female,Single,High School,1,Self-Employed,1,52977,751,0,14,170054,36,Personal,4.99,Semiurban,No,1.07,170054,4723.72,1
APP100537,33,Male,Married,Master,0,Business,14,89361,672,1,6,172733,36,Home,9.34,Urban,No,0.644,197733,4798.14,1
APP100538,50,Female,Married,Bachelor,1,Salaried,7,43614,604,2,8,179341,36,Auto,10.49,Rural,No,1.371,229341,4981.69,0
APP100539,31,Male,Divorced,Bachelor,0,Self-Employed,14,76722,671,0,11,100055,12,Education,7.56,Rural,Yes,1.304,100055,8337.92,1
APP100540,48,Male,Married,High School,2,Self-Employed,6,45557,815,1,7,120360,60,Education,6.5,Rural,No,0.528,145360,2006.0,1
APP100541,24,Male,Married,Bachelor,2,Self-Employed,4,123728,786,2,7,182186,36,Business,7.67,Rural,No,0.491,232186,5060.72,1
APP100542,44,Female,Married,High School,4,Self-Employed,10,67173,519,0,6,202038,24,Home,10.91,Urban,Yes,1.504,202038,8418.25,0
APP100543,55,Male,Married,High School,0,Self-Employed,7,61845,618,1,5,97920,24,Education,7.71,Rural,Yes,0.792,122920,4080.0,0
APP100544,21,Female,Married,Bachelor,1,Salaried,0,55562,755,1,8,63869,36,Home,7.87,Semiurban,No,0.383,88869,1774.14,1
APP100545,28,Male,Single,Master,1,Salaried,18,15000,678,1,0,15976,120,Home,9.71,Semiurban,No,0.107,40976,133.13,1
APP100546,44,Male,Single,Bachelor,3,Self-Employed,4,47772,678,2,6,49093,60,Medical,7.71,Rural,No,0.206,99093,818.22,1
APP100547,35,Male,Single,Bachelor,1,Salaried,13,43817,554,0,10,106835,60,Auto,11.69,Urban,Yes,0.488,106835,1780.58,1
APP100548,42,Female,Married,Bachelor,0,Self-Employed,13,63750,620,0,10,114270,12,Auto,9.93,Rural,Yes,1.792,114270,9522.5,0
APP100549,30,Female,Single,Bachelor,1,Self-Employed,0,70999,571,1,15,127373,60,Personal,10.47,Semiurban,No,0.359,152373,2122.88,1
APP100550,39,Male,Single,PhD,2,Salaried,1,122242,547,0,12,53598,60,Business,11.64,Semiurban,No,0.088,53598,893.3,1
APP100551,36,Male,Single,Bachelor,2,Self-Employed,6,80194,579,0,10,5000,24,Business,9.92,Semiurban,No,0.031,5000,208.33,1
APP100552,52,Male,Married,High School,3,Salaried,2,62286,605,2,8,160125,240,Home,8.8,Semiurban,Yes,0.129,210125,667.19,1
APP100553,41,Male,Married,High School,0,Salaried,18,36541,619,1,5,160157,120,Home,10.03,Urban,No,0.438,185157,1334.64,1
APP100554,42,Male,Married,Bachelor,4,Salaried,6,66429,612,0,10,199706,240,Auto,10.03,Rural,No,0.15,199706,832.11,1
APP100555,33,Female,Single,Bachelor,0,Unemployed,0,15000,761,0,9,215203,36,Business,4.23,Urban,No,4.782,215203,5977.86,0
APP100556,32,Female,Single,High School,4,Salaried,11,46300,607,0,6,181388,120,Auto,8.68,Rural,No,0.392,181388,1511.57,1
APP100557,32,Male,Married,Master,3,Self-Employed,9,143593,794,0,3,159173,36,Home,5.45,Semiurban,Yes,0.37,159173,4421.47,1
APP100558,42,Male,Single,Bachelor,2,Salaried,8,80094,641,2,7,220080,60,Business,9.7,Rural,No,0.55,270080,3668.0,1
APP100559,32,Female,Single,Bachelor,2,Salaried,15,27014,715,4,13,263924,120,Business,6.18,Urban,No,0.977,363924,2199.37,1
APP100560,41,Female,Single,High School,0,Salaried,3,39999,717,1,8,95865,24,Personal,7.34,Rural,No,1.198,120865,3994.38,0
APP100561,62,Male,Married,High School,0,Business,18,62633,608,0,8,211620,24,Auto,11.78,Semiurban,Yes,1.689,211620,8817.5,0
APP100562,48,Male,Married,PhD,0,Salaried,0,182061,653,2,10,100065,24,Home,9.01,Rural,No,0.275,150065,4169.38,1
APP100563,34,Male,Single,Master,0,Salaried,12,67281,639,2,10,167522,60,Personal,9.35,Urban,No,0.498,217522,2792.03,1
APP100564,52,Male,Single,High School,1,Self-Employed,0,29767,709,3,9,235563,60,Business,7.76,Rural,No,1.583,310563,3926.05,0
APP100565,33,Male,Divorced,High School,0,Salaried,6,49670,669,1,7,128106,60,Home,9.6,Rural,No,0.516,153106,2135.1,1
APP100566,21,Male,Married,Bachelor,3,Salaried,8,72424,620,1,5,73833,60,Education,9.64,Semiurban,No,0.204,98833,1230.55,1
APP100567,25,Female,Married,High School,1,Salaried,5,40708,689,1,13,113263,120,Home,8.0,Urban,No,0.278,138263,943.86,1
APP100568,21,Male,Married,Bachelor,2,Salaried,6,54493,707,0,5,73756,120,Home,8.01,Semiurban,No,0.135,73756,614.63,1
APP100569,33,Male,Married,PhD,2,Self-Employed,0,160747,828,1,15,64062,24,Home,6.77,Urban,No,0.199,89062,2669.25,1
APP100570,38,Male,Married,High School,0,Salaried,2,27062,685,1,8,246525,36,Home,8.7,Semiurban,No,3.037,271525,6847.92,0
APP100571,58,Female,Married,High School,0,Salaried,10,36033,680,1,8,192589,120,Auto,8.46,Rural,No,0.534,217589,1604.91,1
APP100572,41,Female,Married,Master,0,Business,8,91545,714,1,11,92435,36,Home,8.9,Urban,No,0.337,117435,2567.64,1
APP100573,35,Male,Single,High School,2,Business,3,91714,604,1,4,71248,36,Home,9.4,Semiurban,No,0.259,96248,1979.11,1
APP100574,47,Male,Divorced,PhD,1,Business,15,161129,541,1,10,76767,120,Auto,7.98,Semiurban,Yes,0.048,101767,639.72,1
APP100575,21,Female,Married,Bachelor,0,Business,0,50062,655,0,8,92421,60,Business,9.35,Urban,No,0.369,92421,1540.35,1
APP100576,40,Male,Single,PhD,2,Self-Employed,5,68903,765,2,10,242212,60,Home,7.14,Semiurban,No,0.703,292212,4036.87,0
APP100577,47,Male,Divorced,High School,0,Self-Employed,4,89741,778,1,4,141192,36,Medical,5.82,Rural,No,0.524,166192,3922.0,1
APP100578,21,Male,Divorced,High School,2,Self-Employed,11,73147,529,1,4,320529,120,Business,11.15,Semiurban,No,0.438,345529,2671.08,0
APP100579,51,Male,Divorced,Bachelor,1,Business,8,121558,733,0,0,146820,12,Education,8.6,Semiurban,No,1.208,146820,12235.0,0
APP100580,42,Male,Married,Bachelor,2,Self-Employed,7,72367,505,3,5,103948,36,Auto,12.35,Semiurban,Yes,0.479,178948,2887.44,1
APP100581,33,Female,Divorced,High School,3,Salaried,0,68398,716,1,5,224221,120,Auto,9.15,Urban,Yes,0.328,249221,1868.51,1
APP100582,45,Male,Single,PhD,2,Business,13,77795,711,1,4,16388,36,Auto,8.05,Urban,Yes,0.07,41388,455.22,1
APP100583,65,Male,Married,Master,1,Business,6,153707,542,3,7,165075,60,Home,11.01,Urban,No,0.215,240075,2751.25,1
APP100584,40,Female,Married,Bachelor,0,Business,8,73377,760,3,8,53026,60,Home,7.51,Urban,No,0.145,128026,883.77,1
APP100585,40,Male,Single,High School,2,Salaried,3,37644,819,1,10,5000,36,Auto,5.99,Rural,Yes,0.044,30000,138.89,1
APP100586,32,Male,Single,Bachelor,1,Salaried,2,78144,675,0,10,140588,60,Business,8.94,Urban,No,0.36,140588,2343.13,1
APP100587,27,Male,Divorced,Bachelor,0,Salaried,16,56411,691,3,11,216782,60,Home,7.95,Urban,No,0.769,291782,3613.03,1
APP100588,47,Male,Single,Bachelor,2,Salaried,0,49132,798,4,11,167114,36,Medical,5.47,Semiurban,Yes,1.134,267114,4642.06,0
APP100589,27,Male,Married,Master,0,Salaried,1,61907,589,0,9,157498,60,Auto,9.69,Semiurban,No,0.509,157498,2624.97,1
APP100590,38,Male,Single,High School,0,Salaried,16,15000,591,1,8,5000,12,Education,10.7,Urban,No,0.333,30000,416.67,1
APP100591,32,Female,Single,High School,3,Salaried,11,55356,612,1,12,137602,60,Auto,10.41,Urban,No,0.497,162602,2293.37,1
APP100592,43,Female,Married,High School,1,Salaried,6,24383,682,0,11,138384,60,Auto,5.73,Urban,Yes,1.135,138384,2306.4,0
APP100593,42,Female,Single,Master,0,Self-Employed,15,166077,682,0,0,199700,60,Home,7.63,Semiurban,Yes,0.24,199700,3328.33,1
APP100594,50,Male,Married,Bachelor,2,Business,10,79214,635,1,7,65349,120,Education,7.71,Urban,No,0.082,90349,544.58,1
APP100595,31,Male,Married,High School,3,Salaried,9,64915,655,3,0,216372,36,Home,8.4,Semiurban,No,1.111,291372,6010.33,0
APP100596,34,Male,Single,High School,0,Self-Employed,9,15000,636,0,0,109249,36,Auto,8.68,Urban,No,2.428,109249,3034.69,0
APP100597,26,Male,Single,High School,2,Salaried,10,54800,640,3,5,126056,12,Auto,9.35,Urban,No,2.3,201056,10504.67,0
APP100598,32,Female,Married,High School,2,Salaried,11,59299,618,2,7,192235,60,Business,9.83,Rural,Yes,0.648,242235,3203.92,1
APP100599,42,Male,Single,Bachelor,0,Self-Employed,21,111106,619,2,5,54845,36,Auto,11.75,Urban,No,0.165,104845,1523.47,1
APP100600,47,Male,Married,High School,1,Self-Employed,6,18311,519,0,0,215936,60,Business,11.99,Semiurban,Yes,2.359,215936,3598.93,0
APP100601,26,Female,Married,High School,0,Business,7,44553,662,1,11,41628,24,Home,9.4,Urban,Yes,0.467,66628,1734.5,1
APP100602,48,Male,Single,Master,2,Salaried,0,96736,523,0,4,202414,240,Home,10.12,Semiurban,Yes,0.105,202414,843.39,1
APP100603,54,Male,Married,Bachelor,2,Business,7,95566,740,3,10,131162,60,Education,6.87,Urban,No,0.274,206162,2186.03,1
APP100604,42,Female,Single,Bachelor,0,Salaried,19,67333,635,1,4,137698,36,Auto,8.22,Rural,Yes,0.682,162698,3824.94,1
APP100605,60,Female,Single,High School,2,Salaried,13,35694,670,0,5,5000,60,Business,9.2,Semiurban,No,0.028,5000,83.33,1
APP100606,28,Female,Single,High School,2,Salaried,4,69138,650,0,10,102739,60,Auto,9.05,Semiurban,No,0.297,102739,1712.32,1
APP100607,23,Male,Married,Bachelor,0,Business,8,187817,660,1,6,133182,240,Home,8.46,Semiurban,Yes,0.035,158182,554.92,1
APP100608,21,Male,Divorced,High School,2,Salaried,0,43819,781,3,8,273889,60,Business,7.34,Urban,No,1.25,348889,4564.82,0
APP100609,55,Female,Married,High School,0,Salaried,2,49934,571,1,9,147126,36,Personal,10.31,Semiurban,Yes,0.982,172126,4086.83,0
APP100610,45,Male,Single,Master,3,Self-Employed,8,95793,550,1,0,97762,240,Auto,12.33,Urban,No,0.051,122762,407.34,1
APP100611,37,Male,Single,PhD,1,Salaried,5,147362,689,0,10,216692,36,Education,9.54,Urban,Yes,0.49,216692,6019.22,1
APP100612,41,Female,Married,High School,1,Salaried,1,56509,640,2,3,109586,60,Education,8.56,Urban,No,0.388,159586,1826.43,1
APP100613,24,Male,Married,High School,2,Salaried,10,23338,708,1,2,232576,60,Education,8.95,Rural,No,1.993,257576,3876.27,0
APP100614,67,Female,Divorced,PhD,1,Salaried,7,71491,737,3,4,170907,36,Medical,7.37,Semiurban,No,0.797,245907,4747.42,0
APP100615,39,Male,Single,High School,3,Self-Employed,0,29204,591,0,12,78035,240,Business,9.79,Urban,No,0.134,78035,325.15,1
APP100616,39,Male,Single,Bachelor,1,Self-Employed,0,152844,728,1,0,225029,24,Business,7.83,Rural,No,0.736,250029,9376.21,0
APP100617,46,Male,Married,PhD,3,Salaried,4,121412,598,1,11,198082,36,Home,8.45,Urban,No,0.544,223082,5502.28,1
APP100618,43,Female,Married,PhD,1,Salaried,0,72172,685,0,9,221656,24,Home,7.76,Semiurban,No,1.536,221656,9235.67,0
APP100619,40,Male,Married,Bachelor,0,Business,0,64666,581,0,8,135430,120,Business,10.8,Rural,Yes,0.209,135430,1128.58,1
APP100620,28,Male,Married,High School,3,Salaried,14,56091,690,0,9,198090,24,Education,7.91,Urban,No,1.766,198090,8253.75,0
APP100621,43,Female,Divorced,High School,2,Self-Employed,7,69403,678,0,6,303639,12,Business,9.52,Urban,No,4.375,303639,25303.25,0
APP100622,60,Female,Married,Master,2,Salaried,6,103938,591,1,11,163712,12,Home,9.78,Semiurban,No,1.575,188712,13642.67,0
APP100623,54,Female,Divorced,Master,4,Salaried,6,64169,571,0,5,118108,36,Education,10.7,Semiurban,Yes,0.614,118108,3280.78,0
APP100624,57,Male,Divorced,Bachelor,0,Unemployed,0,15000,740,1,0,273516,60,Auto,7.08,Urban,Yes,3.647,298516,4558.6,0
APP100625,31,Male,Married,Master,1,Self-Employed,10,97925,643,1,7,203368,12,Medical,7.61,Urban,No,2.077,228368,16947.33,0
APP100626,26,Female,Single,Bachelor,0,Salaried,7,36593,760,1,12,113961,12,Home,7.19,Urban,No,3.114,138961,9496.75,0
APP100627,36,Female,Single,Bachelor,1,Salaried,3,36837,636,0,10,288810,12,Auto,9.6,Rural,No,7.84,288810,24067.5,0
APP100628,38,Male,Married,Master,2,Salaried,4,91388,784,1,17,53726,60,Home,4.39,Rural,Yes,0.118,78726,895.43,1
APP100629,51,Male,Married,Bachelor,4,Salaried,0,64911,604,0,6,192333,36,Auto,7.45,Urban,No,0.988,192333,5342.58,0
APP100630,21,Female,Married,Bachelor,1,Unemployed,0,15000,797,0,7,241719,60,Medical,5.61,Urban,Yes,3.223,241719,4028.65,0
APP100631,56,Male,Single,High School,2,Business,6,83764,693,1,6,235739,12,Business,9.37,Semiurban,No,2.814,260739,19644.92,0
APP100632,36,Female,Single,Bachelor,3,Salaried,5,97484,711,0,4,78002,120,Business,10.5,Urban,No,0.08,78002,650.02,1
APP100633,32,Male,Married,Bachelor,2,Salaried,8,40602,599,3,5,50755,36,Home,8.2,Rural,Yes,0.417,125755,1409.86,1
APP100634,25,Male,Single,High School,0,Business,7,79543,738,3,2,168360,60,Auto,8.87,Semiurban,No,0.423,243360,2806.0,0
APP100635,21,Male,Single,Master,1,Salaried,9,102348,741,1,0,206379,120,Medical,8.34,Urban,No,0.202,231379,1719.82,1
APP100636,47,Male,Married,Bachelor,4,Self-Employed,13,62636,654,0,5,63763,240,Medical,8.34,Urban,No,0.051,63763,265.68,1
APP100637,38,Male,Married,PhD,4,Self-Employed,11,121049,509,1,8,174142,60,Personal,13.7,Rural,No,0.288,199142,2902.37,1
APP100638,22,Male,Single,High School,1,Self-Employed,13,44382,590,1,11,33401,36,Education,10.67,Urban,No,0.251,58401,927.81,1
APP100639,22,Male,Married,Bachelor,3,Self-Employed,2,135257,590,0,5,234867,24,Home,9.97,Urban,No,0.868,234867,9786.12,0
APP100640,33,Female,Married,High School,0,Self-Employed,4,52601,715,0,5,104297,12,Medical,5.92,Urban,No,1.983,104297,8691.42,0
APP100641,58,Female,Divorced,Master,0,Unemployed,0,15000,642,0,13,136877,120,Personal,9.26,Urban,No,0.913,136877,1140.64,0
APP100642,34,Female,Married,High School,4,Salaried,12,37380,644,0,1,219145,36,Personal,9.16,Urban,No,1.954,219145,6087.36,0
APP100643,21,Male,Single,Bachelor,0,Business,3,72013,634,1,7,211696,60,Business,11.56,Rural,No,0.588,236696,3528.27,1
APP100644,35,Male,Single,Master,0,Salaried,11,35684,797,2,12,187915,36,Home,5.11,Semiurban,Yes,1.755,237915,5219.86,0
APP100645,34,Male,Single,High School,1,Salaried,2,61247,683,0,4,232358,120,Home,7.45,Semiurban,Yes,0.379,232358,1936.32,1
APP100646,21,Female,Married,PhD,1,Salaried,10,126737,695,0,0,182723,60,Business,7.59,Urban,No,0.288,182723,3045.38,1
APP100647,37,Female,Single,Master,1,Self-Employed,7,81857,630,0,16,265802,12,Home,12.06,Urban,No,3.247,265802,22150.17,0
APP100648,35,Female,Married,High School,0,Salaried,0,26243,677,0,11,13137,60,Personal,7.31,Rural,No,0.1,13137,218.95,1
APP100649,46,Male,Married,High School,3,Business,5,67722,601,0,12,145234,36,Auto,11.29,Urban,No,0.715,145234,4034.28,1
APP100650,60,Male,Single,High School,3,Self-Employed,21,39948,707,0,7,141834,60,Home,6.3,Rural,No,0.71,141834,2363.9,0
APP100651,51,Male,Single,High School,1,Salaried,9,38114,588,0,11,132482,120,Home,10.67,Semiurban,No,0.348,132482,1104.02,1
APP100652,34,Male,Married,Master,1,Self-Employed,21,44321,739,1,0,189794,120,Home,7.32,Semiurban,Yes,0.428,214794,1581.62,1
APP100653,24,Male,Divorced,PhD,2,Business,0,157024,621,1,5,167119,24,Business,8.88,Urban,Yes,0.532,192119,6963.29,1
APP100654,68,Female,Single,High School,2,Self-Employed,12,55377,755,3,12,215985,12,Business,7.62,Semiurban,No,3.9,290985,17998.75,0
APP100655,38,Male,Single,Bachelor,1,Salaried,0,87368,832,1,1,55290,60,Home,4.56,Rural,No,0.127,80290,921.5,0
APP100656,38,Male,Divorced,Bachelor,1,Business,7,84347,680,0,6,333376,60,Education,6.78,Urban,No,0.79,333376,5556.27,0
APP100657,37,Male,Single,High School,0,Self-Employed,11,43395,784,2,9,118722,24,Home,6.01,Urban,No,1.368,168722,4946.75,0
APP100658,40,Female,Divorced,High School,0,Salaried,13,15000,740,0,4,172940,60,Home,6.28,Semiurban,No,2.306,172940,2882.33,0
APP100659,36,Male,Single,High School,1,Salaried,3,61266,565,1,8,133500,12,Education,10.96,Semiurban,No,2.179,158500,11125.0,0
APP100660,31,Female,Married,Bachelor,2,Salaried,14,82320,688,0,9,156485,60,Business,7.95,Semiurban,No,0.38,156485,2608.08,1
APP100661,31,Female,Single,Bachelor,2,Business,4,91077,720,0,9,107207,120,Personal,9.16,Semiurban,Yes,0.118,107207,893.39,1
APP100662,37,Male,Divorced,Bachelor,2,Salaried,7,26769,727,1,5,166464,60,Auto,7.14,Semiurban,No,1.244,191464,2774.4,0
APP100663,31,Female,Single,High School,1,Salaried,5,20745,694,0,3,196407,12,Home,8.4,Urban,No,9.468,196407,16367.25,0
APP100664,29,Male,Married,Master,2,Business,1,90328,693,0,9,5000,240,Personal,6.98,Urban,No,0.003,5000,20.83,1
APP100665,39,Male,Single,Bachelor,0,Salaried,17,84130,680,0,9,123716,36,Auto,7.97,Semiurban,No,0.49,123716,3436.56,1
APP100666,34,Female,Single,Master,1,Unemployed,0,15000,690,2,9,120673,36,Auto,7.29,Semiurban,Yes,2.682,170673,3352.03,0
APP100667,56,Female,Married,Bachelor,2,Salaried,14,22666,582,0,8,335685,12,Medical,11.54,Rural,No,14.81,335685,27973.75,0
APP100668,21,Male,Married,Master,1,Salaried,14,91136,661,1,9,218805,24,Education,8.02,Rural,Yes,1.2,243805,9116.88,0
APP100669,51,Male,Divorced,Master,1,Salaried,2,50727,563,2,12,270004,36,Auto,10.09,Urban,No,1.774,320004,7500.11,0
APP100670,52,Male,Married,Bachelor,1,Unemployed,0,15000,640,0,9,194649,60,Education,9.5,Semiurban,No,2.595,194649,3244.15,0
APP100671,21,Male,Married,High School,3,Self-Employed,11,70806,632,2,8,156588,60,Education,8.65,Rural,No,0.442,206588,2609.8,1
APP100672,33,Male,Married,PhD,1,Unemployed,0,15000,627,2,5,179132,60,Medical,10.87,Semiurban,No,2.388,229132,2985.53,0
APP100673,33,Male,Divorced,Bachelor,2,Self-Employed,10,104792,595,4,14,239837,120,Home,12.06,Urban,No,0.229,339837,1998.64,1
APP100674,21,Male,Divorced,Master,4,Salaried,1,77248,701,0,2,290009,240,Education,7.08,Rural,No,0.188,290009,1208.37,1
APP100675,28,Female,Single,Master,2,Salaried,17,106698,654,0,6,174164,36,Personal,9.77,Semiurban,Yes,0.544,174164,4837.89,1
APP100676,24,Male,Married,Bachelor,1,Salaried,12,45346,646,1,5,100165,36,Home,8.24,Urban,Yes,0.736,125165,2782.36,1
APP100677,59,Male,Married,High School,0,Self-Employed,7,44991,567,0,0,223965,60,Home,10.3,Semiurban,No,0.996,223965,3732.75,0
APP100678,49,Male,Single,High School,1,Unemployed,0,15000,656,0,9,81746,60,Auto,9.57,Semiurban,No,1.09,81746,1362.43,0
APP100679,53,Female,Married,PhD,1,Salaried,0,96954,771,0,6,181231,12,Business,6.72,Urban,No,1.869,181231,15102.58,0
APP100680,46,Male,Single,High School,2,Self-Employed,3,23383,772,1,8,204505,60,Medical,6.73,Rural,No,1.749,229505,3408.42,0
APP100681,24,Male,Married,High School,1,Unemployed,0,15000,709,0,7,141353,60,Home,8.92,Rural,No,1.885,141353,2355.88,0
APP100682,31,Male,Single,Bachelor,4,Salaried,21,96291,656,1,11,77614,240,Home,9.97,Urban,Yes,0.04,102614,323.39,1
APP100683,43,Female,Single,Bachelor,0,Business,1,49030,724,0,12,113635,60,Medical,7.57,Semiurban,No,0.464,113635,1893.92,1
APP100684,23,Male,Married,High School,2,Salaried,0,18736,626,1,2,124686,60,Home,8.85,Urban,No,1.331,149686,2078.1,0
APP100685,46,Female,Married,High School,1,Self-Employed,0,24177,656,1,16,65712,60,Home,8.88,Urban,No,0.544,90712,1095.2,1
APP100686,35,Female,Married,Bachelor,1,Salaried,13,126546,620,0,6,119112,12,Business,8.59,Rural,No,0.941,119112,9926.0,1
APP100687,33,Female,Divorced,High School,2,Salaried,4,50134,752,0,10,33842,60,Home,7.75,Urban,No,0.135,33842,564.03,1
APP100688,46,Male,Married,Master,0,Salaried,7,69216,742,0,8,197290,60,Medical,6.97,Urban,No,0.57,197290,3288.17,1
APP100689,43,Male,Single,High School,0,Unemployed,0,15000,677,0,8,176667,24,Auto,7.35,Rural,No,5.889,176667,7361.12,0
APP100690,33,Male,Married,Master,1,Business,7,128097,818,1,10,171255,60,Auto,6.98,Urban,Yes,0.267,196255,2854.25,1
APP100691,51,Female,Married,Master,1,Salaried,9,57185,713,3,14,119128,24,Home,7.73,Semiurban,No,1.042,194128,4963.67,1
APP100692,25,Male,Married,Bachelor,2,Unemployed,0,15000,708,1,11,129836,60,Business,7.09,Rural,Yes,1.731,154836,2163.93,0
APP100693,45,Male,Single,High School,4,Self-Employed,5,47088,699,2,6,83684,36,Medical,9.16,Urban,No,0.592,133684,2324.56,1
APP100694,45,Female,Married,Bachelor,0,Business,7,62821,579,4,7,190413,24,Business,11.68,Urban,No,1.516,290413,7933.88,0
APP100695,34,Male,Single,Bachelor,1,Salaried,9,50076,608,1,5,41372,36,Auto,7.95,Urban,No,0.275,66372,1149.22,1
APP100696,41,Male,Married,High School,2,Salaried,13,48179,675,0,11,156701,36,Business,9.61,Rural,No,1.084,156701,4352.81,0
APP100697,22,Male,Married,Master,4,Self-Employed,3,54711,676,3,10,99304,36,Education,8.64,Semiurban,No,0.605,174304,2758.44,1
APP100698,49,Male,Married,Bachelor,3,Salaried,0,125248,727,1,6,290584,24,Medical,8.43,Semiurban,No,1.16,315584,12107.67,0
APP100699,35,Female,Married,Master,2,Salaried,12,102477,626,3,14,192142,36,Auto,9.41,Urban,No,0.625,267142,5337.28,1
APP100700,31,Male,Single,High School,1,Salaried,13,19773,685,1,13,149964,120,Home,8.68,Rural,No,0.758,174964,1249.7,1
APP100701,50,Male,Married,High School,0,Salaried,9,15000,687,2,17,61518,120,Home,7.96,Semiurban,Yes,0.41,111518,512.65,1
APP100702,29,Male,Married,PhD,1,Salaried,9,68499,690,2,4,40918,60,Home,9.19,Semiurban,No,0.119,90918,681.97,1
APP100703,21,Female,Single,Bachelor,1,Unemployed,0,15000,681,2,7,189664,36,Education,7.71,Semiurban,Yes,4.215,239664,5268.44,0
APP100704,21,Female,Married,Bachelor,2,Salaried,11,72261,567,1,7,293903,60,Home,11.69,Semiurban,No,0.813,318903,4898.38,0
APP100705,45,Male,Married,Bachelor,1,Salaried,13,57228,499,1,21,182716,24,Home,12.2,Urban,No,1.596,207716,7613.17,0
APP100706,22,Female,Married,High School,2,Salaried,8,31474,604,2,8,164023,240,Auto,10.68,Rural,Yes,0.261,214023,683.43,1
APP100707,59,Male,Married,Bachelor,1,Self-Employed,22,44876,637,2,14,165179,60,Auto,8.25,Urban,No,0.736,215179,2752.98,1
APP100708,21,Female,Married,High School,2,Self-Employed,0,41945,585,0,13,158241,24,Auto,10.72,Urban,Yes,1.886,158241,6593.38,0
APP100709,58,Male,Single,Bachelor,0,Business,8,52035,675,1,7,166267,36,Auto,9.03,Urban,No,1.065,191267,4618.53,0
APP100710,40,Female,Married,Bachelor,0,Salaried,0,50028,767,1,8,95187,60,Business,8.51,Urban,No,0.381,120187,1586.45,1
APP100711,36,Male,Divorced,Master,0,Salaried,13,121255,738,0,10,72114,36,Personal,7.94,Urban,No,0.198,72114,2003.17,1
APP100712,31,Male,Married,Bachelor,3,Business,0,61078,717,0,14,158738,36,Home,7.07,Urban,Yes,0.866,158738,4409.39,1
APP100713,42,Male,Single,High School,0,Unemployed,0,15000,758,0,7,269473,60,Personal,6.21,Urban,Yes,3.593,269473,4491.22,0
APP100714,37,Female,Single,Bachelor,2,Self-Employed,4,94902,606,2,5,212162,36,Home,10.64,Rural,No,0.745,262162,5893.39,0
APP100715,51,Male,Single,High School,0,Salaried,9,23106,643,0,12,51326,60,Business,8.6,Rural,No,0.444,51326,855.43,1
APP100716,39,Female,Married,High School,1,Salaried,4,27240,729,1,2,129584,120,Business,6.9,Urban,No,0.476,154584,1079.87,0
APP100717,39,Male,Married,High School,3,Salaried,4,60706,642,2,9,208319,24,Home,8.3,Urban,No,1.716,258319,8679.96,0
APP100718,33,Male,Married,Bachelor,1,Self-Employed,6,44227,646,0,13,271349,24,Business,9.21,Urban,No,3.068,271349,11306.21,0
APP100719,37,Male,Married,High School,0,Salaried,6,40993,828,0,10,293302,120,Personal,5.66,Rural,Yes,0.715,293302,2444.18,1
APP100720,41,Female,Married,Bachelor,0,Salaried,16,110999,687,3,5,133142,24,Personal,7.93,Urban,No,0.6,208142,5547.58,1
APP100721,21,Male,Married,PhD,3,Salaried,12,135193,821,1,2,215938,12,Business,7.28,Semiurban,No,1.597,240938,17994.83,0
APP100722,21,Female,Single,Bachelor,1,Salaried,6,62130,534,0,13,169941,120,Business,11.89,Urban,No,0.274,169941,1416.18,1
APP100723,46,Female,Married,High School,1,Salaried,20,56712,629,2,7,140421,36,Home,11.18,Semiurban,No,0.825,190421,3900.58,1
APP100724,40,Female,Divorced,High School,1,Salaried,10,41021,712,2,3,154987,36,Home,7.89,Semiurban,Yes,1.259,204987,4305.19,0
APP100725,35,Male,Married,Bachelor,1,Self-Employed,2,102546,687,2,13,155970,24,Home,7.53,Urban,Yes,0.76,205970,6498.75,1
APP100726,38,Female,Married,Master,0,Salaried,9,15000,515,0,12,244013,120,Education,10.71,Urban,No,1.627,244013,2033.44,0
APP100727,42,Female,Married,High School,2,Salaried,11,39562,661,0,2,37642,60,Auto,8.66,Semiurban,No,0.19,37642,627.37,1
APP100728,31,Male,Divorced,Master,2,Salaried,3,15000,850,1,20,187451,60,Business,5.75,Urban,No,2.499,212451,3124.18,0
APP100729,28,Male,Married,Bachelor,0,Salaried,1,64033,699,0,5,273153,36,Auto,7.72,Urban,Yes,1.422,273153,7587.58,0
APP100730,40,Male,Single,Bachelor,2,Self-Employed,8,64914,728,0,11,264543,24,Business,8.3,Urban,No,2.038,264543,11022.62,0
APP100731,26,Male,Divorced,PhD,3,Salaried,5,150429,628,0,17,195517,120,Business,10.84,Semiurban,Yes,0.13,195517,1629.31,1
APP100732,42,Male,Married,Bachelor,3,Self-Employed,16,93354,699,1,12,89435,60,Business,7.21,Semiurban,No,0.192,114435,1490.58,1
APP100733,21,Male,Single,Master,0,Self-Employed,12,73082,679,0,9,212142,36,Medical,7.32,Urban,No,0.968,212142,5892.83,1
APP100734,50,Male,Married,High School,0,Business,4,52336,769,0,0,255995,120,Medical,7.57,Urban,Yes,0.489,255995,2133.29,0
APP100735,43,Male,Married,Bachelor,3,Salaried,10,69517,766,2,18,108788,120,Business,6.95,Urban,Yes,0.156,158788,906.57,1
APP100736,41,Female,Single,Bachelor,0,Salaried,15,45685,712,0,12,178608,60,Home,8.09,Semiurban,No,0.782,178608,2976.8,1
APP100737,49,Male,Divorced,High School,0,Self-Employed,0,49720,685,0,0,133578,240,Education,9.0,Rural,Yes,0.134,133578,556.58,1
APP100738,57,Male,Married,Bachelor,3,Salaried,1,92917,545,1,15,100881,24,Home,9.57,Urban,No,0.543,125881,4203.38,1
APP100739,50,Male,Married,High School,0,Salaried,7,27490,542,1,8,124786,60,Business,11.6,Semiurban,No,0.908,149786,2079.77,0
APP100740,21,Male,Single,High School,1,Self-Employed,8,40998,686,1,6,160282,24,Home,8.46,Urban,No,1.955,185282,6678.42,0
APP100741,22,Female,Married,High School,1,Salaried,7,36619,749,0,5,76541,60,Personal,7.48,Semiurban,No,0.418,76541,1275.68,1
APP100742,30,Male,Single,Bachelor,2,Salaried,6,138951,786,0,8,63431,120,Education,5.33,Semiurban,No,0.046,63431,528.59,1
APP100743,38,Female,Married,Master,0,Self-Employed,6,117321,608,1,12,78831,60,Home,9.92,Semiurban,No,0.134,103831,1313.85,1
APP100744,44,Male,Married,Bachelor,3,Unemployed,0,15000,559,4,5,176232,60,Auto,10.34,Semiurban,Yes,2.35,276232,2937.2,0
APP100745,29,Female,Married,Bachelor,1,Business,14,118804,754,0,8,32734,24,Medical,7.96,Urban,No,0.138,32734,1363.92,1
APP100746,40,Male,Single,High School,1,Salaried,5,56619,614,1,24,5000,60,Home,9.63,Urban,No,0.018,30000,83.33,1
APP100747,28,Male,Single,Master,0,Salaried,22,93391,553,0,10,259800,12,Education,10.34,Urban,Yes,2.782,259800,21650.0,0
APP100748,30,Female,Single,Bachelor,0,Salaried,19,69131,640,0,12,68942,12,Home,8.21,Urban,No,0.997,68942,5745.17,1
APP100749,21,Male,Single,Master,1,Salaried,15,30850,639,0,3,134479,60,Business,10.09,Rural,No,0.872,134479,2241.32,0
APP100750,26,Female,Married,Master,1,Business,11,134445,785,2,1,223783,60,Home,7.28,Urban,Yes,0.333,273783,3729.72,1
APP100751,21,Male,Married,High School,3,Salaried,20,40103,749,0,15,34939,36,Auto,8.94,Semiurban,No,0.29,34939,970.53,1
APP100752,26,Male,Married,Bachelor,1,Salaried,6,73636,621,0,13,34844,60,Education,9.26,Urban,Yes,0.095,34844,580.73,1
APP100753,50,Male,Married,PhD,1,Unemployed,0,15000,791,1,16,99393,60,Home,5.17,Urban,No,1.325,124393,1656.55,0
APP100754,26,Male,Single,High School,1,Business,4,83033,690,0,7,226904,60,Personal,8.07,Semiurban,Yes,0.547,226904,3781.73,1
APP100755,69,Female,Single,Bachelor,2,Business,1,125247,764,0,14,148268,12,Auto,6.02,Urban,Yes,1.184,148268,12355.67,1
APP100756,43,Female,Single,PhD,1,Business,8,15000,786,0,0,149353,60,Home,5.65,Rural,Yes,1.991,149353,2489.22,0
APP100757,40,Male,Married,High School,0,Self-Employed,9,41288,658,3,10,126366,60,Business,9.31,Semiurban,No,0.612,201366,2106.1,1
APP100758,27,Male,Married,Master,3,Salaried,9,17634,725,0,13,194970,60,Medical,8.59,Rural,No,2.211,194970,3249.5,0
APP100759,46,Male,Single,PhD,1,Salaried,7,105557,647,4,4,264547,120,Personal,9.47,Rural,No,0.251,364547,2204.56,1
APP100760,31,Female,Single,Bachelor,1,Salaried,8,52482,754,0,13,388721,60,Auto,7.03,Semiurban,No,1.481,388721,6478.68,0
APP100761,39,Male,Married,High School,1,Salaried,18,65726,687,0,7,138153,120,Auto,9.08,Semiurban,Yes,0.21,138153,1151.28,1
APP100762,68,Male,Married,High School,2,Business,11,68440,756,2,7,272075,240,Personal,6.65,Semiurban,Yes,0.199,322075,1133.65,1
APP100763,36,Female,Married,High School,0,Salaried,13,33503,801,1,6,229941,60,Home,7.43,Urban,Yes,1.373,254941,3832.35,0
APP100764,51,Male,Married,Master,0,Salaried,9,108503,723,0,15,171359,36,Business,10.54,Rural,No,0.526,171359,4759.97,1
APP100765,29,Male,Single,Master,2,Salaried,0,67658,672,1,5,5000,24,Home,7.93,Urban,Yes,0.037,30000,208.33,1
APP100766,37,Female,Divorced,Bachelor,0,Salaried,0,47550,673,0,5,119769,120,Auto,9.75,Semiurban,Yes,0.252,119769,998.08,1
APP100767,59,Male,Married,High School,2,Business,20,73332,443,1,3,122938,24,Personal,14.35,Semiurban,No,0.838,147938,5122.42,0
APP100768,30,Male,Single,High School,0,Self-Employed,4,84272,622,1,6,178704,24,Education,10.09,Semiurban,Yes,1.06,203704,7446.0,0
APP100769,59,Male,Married,Master,1,Self-Employed,4,126888,754,0,8,134202,120,Education,8.21,Semiurban,Yes,0.106,134202,1118.35,1
APP100770,46,Male,Married,Bachelor,0,Salaried,9,74173,757,3,11,104944,60,Home,7.21,Urban,Yes,0.283,179944,1749.07,1
APP100771,31,Male,Single,Master,1,Self-Employed,11,200886,621,1,4,312400,36,Home,10.23,Semiurban,No,0.518,337400,8677.78,1
APP100772,45,Female,Married,Bachelor,2,Business,12,62534,693,0,9,254654,240,Home,8.22,Rural,Yes,0.204,254654,1061.06,1
APP100773,49,Male,Single,Master,0,Self-Employed,18,64166,664,0,11,5000,60,Medical,8.86,Semiurban,No,0.016,5000,83.33,1
APP100774,45,Female,Single,Bachelor,1,Unemployed,0,15000,735,2,3,127513,60,Education,7.94,Urban,No,1.7,177513,2125.22,0
APP100775,21,Female,Married,Bachelor,3,Unemployed,0,15000,850,0,8,200473,36,Home,5.42,Semiurban,No,4.455,200473,5568.69,0
APP100776,29,Male,Single,Bachelor,1,Unemployed,0,15000,736,1,7,256472,60,Auto,6.23,Urban,No,3.42,281472,4274.53,0
APP100777,35,Male,Married,Master,2,Self-Employed,5,162028,626,3,8,116401,60,Medical,9.99,Urban,No,0.144,191401,1940.02,1
APP100778,37,Male,Divorced,Bachelor,3,Unemployed,0,15000,673,1,5,132770,60,Home,8.29,Urban,No,1.77,157770,2212.83,0
APP100779,45,Female,Single,High School,4,Salaried,1,39878,792,1,7,157582,24,Home,5.6,Semiurban,No,1.976,182582,6565.92,0
APP100780,40,Female,Married,High School,3,Business,0,67553,567,0,8,202947,60,Education,11.63,Semiurban,No,0.601,202947,3382.45,0
APP100781,21,Male,Married,High School,0,Unemployed,0,15000,630,1,17,27157,60,Home,8.47,Semiurban,No,0.362,52157,452.62,1
APP100782,42,Female,Married,Bachelor,4,Unemployed,0,15000,736,0,8,5000,120,Auto,7.01,Rural,No,0.033,5000,41.67,1
APP100783,45,Male,Married,High School,2,Business,13,83911,783,3,14,250364,60,Personal,5.27,Urban,No,0.597,325364,4172.73,1
APP100784,44,Female,Single,High School,2,Salaried,6,67227,728,0,15,70794,24,Education,7.04,Rural,No,0.527,70794,2949.75,1
APP100785,50,Male,Married,Bachelor,0,Salaried,9,15000,631,0,1,319812,36,Business,11.77,Semiurban,No,7.107,319812,8883.67,0
APP100786,48,Male,Married,High School,4,Salaried,16,45154,722,0,6,80914,60,Business,6.8,Semiurban,Yes,0.358,80914,1348.57,1
APP100787,43,Female,Divorced,Master,2,Business,0,111476,713,0,15,135203,60,Home,7.59,Semiurban,No,0.243,135203,2253.38,1
APP100788,37,Male,Single,Bachelor,2,Salaried,3,62684,708,0,8,179487,24,Medical,9.23,Semiurban,No,1.432,179487,7478.62,0
APP100789,21,Male,Divorced,Bachelor,0,Salaried,9,52080,672,2,7,5000,36,Home,9.0,Urban,No,0.032,55000,138.89,1
APP100790,43,Male,Single,High School,0,Self-Employed,9,23299,684,3,11,379151,12,Personal,8.18,Rural,No,16.273,454151,31595.92,0
APP100791,40,Male,Divorced,High School,4,Self-Employed,14,82788,607,1,13,118400,36,Home,9.17,Urban,No,0.477,143400,3288.89,1
APP100792,41,Male,Married,Bachelor,1,Unemployed,0,15000,850,0,7,82919,12,Personal,5.67,Urban,No,5.528,82919,6909.92,0
APP100793,22,Female,Married,Master,1,Self-Employed,8,89544,692,0,6,56690,120,Business,7.84,Urban,No,0.063,56690,472.42,1
APP100794,25,Male,Married,Master,2,Business,9,93194,723,3,0,178940,60,Home,9.71,Semiurban,No,0.384,253940,2982.33,1
APP100795,50,Male,Single,High School,0,Self-Employed,9,37601,662,0,8,173268,240,Home,8.48,Rural,No,0.23,173268,721.95,1
APP100796,37,Female,Single,Bachelor,1,Business,0,15000,747,1,6,59389,120,Home,8.75,Urban,No,0.396,84389,494.91,1
APP100797,46,Male,Single,High School,1,Salaried,7,48191,576,0,2,40244,60,Home,11.36,Urban,No,0.167,40244,670.73,1
APP100798,38,Male,Single,PhD,0,Salaried,9,127212,540,4,6,234420,60,Business,12.07,Urban,Yes,0.369,334420,3907.0,1
APP100799,38,Female,Single,PhD,0,Unemployed,0,15000,677,0,5,97543,120,Education,8.3,Rural,No,0.65,97543,812.86,0
APP100800,49,Female,Married,Bachelor,0,Self-Employed,2,69409,844,0,8,12318,36,Education,4.66,Urban,No,0.059,12318,342.17,1
APP100801,31,Female,Married,Bachelor,0,Self-Employed,0,76001,776,1,6,138166,24,Home,6.22,Urban,No,0.909,163166,5756.92,0
APP100802,39,Female,Single,Master,1,Salaried,6,50270,615,0,10,117861,36,Home,10.75,Urban,No,0.782,117861,3273.92,1
APP100803,32,Male,Married,Bachelor,3,Salaried,19,47511,721,1,8,306002,12,Business,8.1,Rural,No,6.441,331002,25500.17,0
APP100804,32,Female,Married,Bachelor,1,Self-Employed,3,67010,629,0,14,108225,36,Medical,7.55,Urban,No,0.538,108225,3006.25,1
APP100805,34,Male,Divorced,PhD,0,Salaried,15,123867,714,1,5,125341,12,Auto,6.43,Rural,No,1.012,150341,10445.08,0
APP100806,40,Female,Married,Bachelor,0,Salaried,17,94471,720,0,16,167556,12,Home,7.46,Semiurban,No,1.774,167556,13963.0,0
APP100807,32,Male,Single,Bachelor,2,Salaried,8,54271,754,1,13,104330,60,Auto,7.46,Urban,No,0.384,129330,1738.83,1
APP100808,53,Female,Married,Master,4,Salaried,3,44044,554,2,15,185276,60,Auto,10.69,Urban,No,0.841,235276,3087.93,1
APP100809,27,Female,Married,Bachelor,0,Self-Employed,11,73069,578,4,9,68650,60,Education,9.94,Urban,No,0.188,168650,1144.17,1
APP100810,35,Female,Single,Bachelor,0,Unemployed,0,15000,673,2,6,130854,12,Auto,7.56,Urban,No,8.724,180854,10904.5,0
APP100811,32,Male,Single,High School,1,Self-Employed,2,30286,597,2,5,182545,36,Medical,10.97,Rural,No,2.009,232545,5070.69,0
APP100812,55,Male,Single,High School,2,Business,4,86253,591,1,16,241010,24,Auto,10.28,Semiurban,Yes,1.397,266010,10042.08,0
APP100813,40,Male,Single,High School,1,Self-Employed,10,78455,701,0,13,103105,60,Home,9.66,Rural,No,0.263,103105,1718.42,1
APP100814,50,Female,Married,Bachelor,1,Self-Employed,13,61199,606,1,2,102149,120,Home,8.58,Semiurban,No,0.167,127149,851.24,1
APP100815,21,Male,Married,Bachelor,2,Salaried,6,42481,850,0,12,273298,24,Auto,5.69,Rural,No,3.217,273298,11387.42,0
APP100816,41,Female,Single,PhD,4,Salaried,7,118998,637,0,3,105854,12,Business,9.81,Semiurban,Yes,0.89,105854,8821.17,1
APP100817,48,Female,Married,Bachelor,0,Self-Employed,12,82596,658,1,9,145460,36,Medical,9.69,Urban,No,0.587,170460,4040.56,1
APP100818,38,Male,Married,Master,4,Salaried,6,100580,703,1,12,287020,36,Home,8.77,Semiurban,No,0.951,312020,7972.78,1
APP100819,50,Female,Single,High School,1,Business,6,117434,559,0,15,155396,36,Home,10.31,Urban,Yes,0.441,155396,4316.56,1
APP100820,31,Male,Single,Master,2,Salaried,3,83429,720,2,9,130179,24,Medical,7.42,Urban,Yes,0.78,180179,5424.12,1
APP100821,54,Male,Single,Bachelor,1,Business,3,45291,707,3,7,136147,36,Home,8.03,Semiurban,No,1.002,211147,3781.86,0
APP100822,65,Male,Married,Bachelor,1,Unemployed,0,15000,652,1,8,90763,240,Medical,7.96,Semiurban,No,0.303,115763,378.18,0
APP100823,33,Male,Single,High School,2,Salaried,6,46227,701,1,13,186062,120,Education,9.01,Semiurban,No,0.402,211062,1550.52,1
APP100824,32,Female,Married,Bachelor,1,Salaried,16,91679,714,0,11,76078,60,Auto,5.25,Semiurban,No,0.166,76078,1267.97,1
APP100825,55,Male,Married,Bachelor,0,Self-Employed,18,66097,794,4,7,212280,120,Home,4.96,Urban,No,0.321,312280,1769.0,1
APP100826,56,Female,Married,Bachelor,1,Salaried,6,49773,850,0,0,151217,12,Business,3.32,Urban,No,3.038,151217,12601.42,0
APP100827,31,Female,Single,Master,1,Salaried,10,33436,595,2,0,168837,24,Medical,11.2,Semiurban,No,2.525,218837,7034.88,0
APP100828,32,Female,Single,Master,0,Business,8,143686,576,3,9,288376,36,Auto,10.7,Urban,Yes,0.669,363376,8010.44,1
APP100829,34,Male,Married,PhD,3,Unemployed,0,15000,688,1,2,34073,60,Auto,7.71,Semiurban,No,0.454,59073,567.88,0
APP100830,21,Female,Married,Bachelor,0,Business,0,81652,513,2,5,151953,120,Business,11.84,Urban,No,0.186,201953,1266.28,0
APP100831,26,Male,Married,PhD,1,Salaried,8,114078,731,1,6,201046,24,Education,7.64,Urban,No,0.881,226046,8376.92,0
APP100832,25,Male,Married,Master,0,Salaried,5,60195,689,3,18,100701,24,Business,6.98,Urban,No,0.836,175701,4195.88,1
APP100833,28,Male,Married,High School,1,Salaried,19,19577,709,1,8,226089,120,Home,7.97,Urban,No,1.155,251089,1884.08,1
APP100834,37,Male,Married,Bachelor,0,Salaried,6,70855,655,0,11,106425,36,Medical,10.29,Rural,No,0.501,106425,2956.25,1
APP100835,40,Female,Married,High School,1,Salaried,19,42493,700,0,10,173329,60,Home,9.56,Semiurban,No,0.816,173329,2888.82,1
APP100836,56,Male,Single,High School,0,Salaried,5,15000,717,1,0,140120,60,Home,8.51,Urban,No,1.868,165120,2335.33,0
APP100837,26,Female,Divorced,High School,0,Unemployed,0,15000,696,2,6,162942,24,Home,8.34,Rural,No,5.431,212942,6789.25,0
APP100838,49,Male,Married,High School,2,Business,11,73919,572,2,1,155915,60,Medical,11.48,Urban,No,0.422,205915,2598.58,1
APP100839,35,Male,Married,Bachelor,1,Self-Employed,11,74216,693,2,16,147442,36,Home,8.85,Semiurban,No,0.662,197442,4095.61,1
APP100840,37,Female,Single,Bachelor,0,Unemployed,0,15000,828,0,0,112122,36,Personal,4.32,Semiurban,No,2.492,112122,3114.5,0
APP100841,46,Female,Married,High School,0,Salaried,11,49092,699,0,5,96823,120,Education,7.11,Rural,No,0.197,96823,806.86,1
APP100842,24,Male,Married,Master,3,Salaried,18,92670,690,1,6,175278,12,Business,8.83,Urban,Yes,1.891,200278,14606.5,0
APP100843,42,Male,Single,Master,0,Business,7,136564,804,1,3,154216,36,Business,5.25,Urban,No,0.376,179216,4283.78,1
APP100844,39,Male,Single,PhD,3,Unemployed,0,15000,620,0,8,94632,36,Home,8.57,Urban,No,2.103,94632,2628.67,0
APP100845,43,Male,Married,Bachelor,1,Self-Employed,6,110858,751,1,7,177470,12,Medical,8.27,Semiurban,Yes,1.601,202470,14789.17,0
APP100846,41,Female,Married,Bachelor,0,Salaried,17,110139,637,1,8,112995,12,Personal,9.32,Urban,No,1.026,137995,9416.25,0
APP100847,67,Female,Married,High School,2,Business,13,41032,766,1,10,274435,24,Auto,6.62,Urban,No,3.344,299435,11434.79,0
APP100848,30,Male,Single,High School,3,Salaried,16,31965,743,1,9,349134,60,Medical,5.94,Semiurban,No,2.184,374134,5818.9,0
APP100849,31,Female,Married,High School,1,Salaried,9,48320,647,1,9,261123,36,Business,8.61,Urban,No,1.801,286123,7253.42,0
APP100850,30,Male,Married,Bachelor,1,Salaried,8,40522,658,0,13,256665,120,Education,8.5,Rural,No,0.633,256665,2138.88,1
APP100851,31,Male,Married,PhD,1,Unemployed,0,15000,758,2,0,215133,24,Auto,5.93,Semiurban,No,7.171,265133,8963.88,0
APP100852,30,Male,Married,High School,3,Salaried,14,50316,531,0,11,133213,60,Auto,10.16,Semiurban,No,0.53,133213,2220.22,1
APP100853,52,Male,Married,High School,2,Business,6,86647,644,1,2,5000,24,Auto,10.87,Urban,No,0.029,30000,208.33,1
APP100854,55,Male,Married,High School,0,Salaried,16,64328,729,0,4,67999,12,Auto,8.83,Urban,Yes,1.057,67999,5666.58,0
APP100855,31,Male,Single,Bachelor,0,Salaried,10,55184,655,1,8,95860,36,Personal,8.8,Semiurban,Yes,0.579,120860,2662.78,1
APP100856,28,Male,Divorced,High School,0,Unemployed,0,15000,690,2,10,246618,120,Auto,6.87,Semiurban,No,1.644,296618,2055.15,0
APP100857,43,Male,Married,Bachelor,0,Salaried,13,66068,516,0,10,170490,12,Business,9.95,Urban,No,2.581,170490,14207.5,0
APP100858,31,Female,Single,High School,0,Self-Employed,0,50770,611,4,3,97238,36,Auto,9.33,Rural,Yes,0.638,197238,2701.06,1
APP100859,45,Male,Married,Bachelor,2,Salaried,13,39599,734,0,16,5000,12,Auto,5.07,Rural,No,0.126,5000,416.67,1
APP100860,40,Male,Married,High School,0,Business,13,38240,619,0,5,335451,60,Home,9.17,Urban,No,1.754,335451,5590.85,0
APP100861,21,Female,Single,Bachelor,1,Salaried,9,76666,575,2,4,192665,120,Business,8.48,Urban,No,0.251,242665,1605.54,1
APP100862,56,Female,Single,High School,1,Salaried,11,27425,764,1,1,222680,36,Business,6.63,Semiurban,No,2.707,247680,6185.56,0
APP100863,59,Female,Married,Master,0,Self-Employed,14,24300,721,0,1,107147,60,Auto,7.78,Urban,Yes,0.882,107147,1785.78,0
APP100864,30,Male,Single,Bachelor,0,Salaried,5,59205,592,3,1,138911,36,Education,9.97,Urban,No,0.782,213911,3858.64,0
APP100865,33,Male,Married,Bachelor,0,Salaried,12,96381,691,1,9,122490,240,Medical,10.35,Urban,No,0.064,147490,510.38,1
APP100866,41,Male,Single,Bachelor,0,Self-Employed,14,15000,595,0,11,155146,60,Home,9.89,Urban,No,2.069,155146,2585.77,0
APP100867,42,Male,Married,High School,2,Salaried,18,36954,667,2,3,297662,12,Personal,10.39,Urban,No,8.055,347662,24805.17,0
APP100868,45,Female,Single,High School,2,Salaried,1,53816,694,1,2,53657,24,Auto,8.42,Urban,No,0.499,78657,2235.71,1
APP100869,62,Male,Single,Bachelor,0,Self-Employed,10,17295,615,0,6,146698,36,Medical,11.71,Rural,No,2.827,146698,4074.94,0
APP100870,35,Male,Married,Bachelor,1,Unemployed,0,15000,739,2,8,178869,60,Medical,5.46,Urban,No,2.385,228869,2981.15,0
APP100871,28,Male,Married,Bachelor,0,Salaried,1,31513,751,1,9,140654,36,Home,5.9,Urban,Yes,1.488,165654,3907.06,0
APP100872,21,Male,Married,Bachelor,1,Self-Employed,10,41784,701,1,3,229625,60,Business,7.69,Semiurban,Yes,1.099,254625,3827.08,0
APP100873,29,Female,Single,Master,1,Self-Employed,8,77905,713,2,7,11148,60,Business,9.34,Semiurban,Yes,0.029,61148,185.8,1
APP100874,37,Male,Married,Master,1,Salaried,14,41497,563,2,15,300701,36,Home,10.5,Urban,Yes,2.415,350701,8352.81,0
APP100875,59,Male,Married,High School,0,Salaried,5,20889,788,0,2,40358,60,Personal,5.56,Rural,No,0.386,40358,672.63,1
APP100876,31,Male,Divorced,Bachelor,0,Salaried,7,58519,672,2,7,59591,120,Education,9.17,Urban,No,0.102,109591,496.59,1
APP100877,40,Male,Divorced,High School,2,Business,9,121462,605,0,10,114043,24,Home,10.81,Rural,No,0.469,114043,4751.79,1
APP100878,37,Male,Married,Bachelor,3,Salaried,2,78943,691,0,3,98193,60,Home,7.41,Urban,Yes,0.249,98193,1636.55,1
APP100879,52,Male,Married,High School,3,Business,3,89526,739,4,11,183960,12,Education,6.53,Urban,No,2.055,283960,15330.0,0
APP100880,68,Male,Married,High School,0,Self-Employed,14,67142,720,2,1,174695,12,Home,9.29,Rural,Yes,2.602,224695,14557.92,0
APP100881,31,Female,Married,Master,2,Salaried,4,55330,593,0,11,159084,120,Home,11.39,Semiurban,No,0.288,159084,1325.7,1
APP100882,32,Female,Single,Bachelor,2,Salaried,15,67770,740,1,8,36569,60,Personal,8.72,Rural,Yes,0.108,61569,609.48,1
APP100883,50,Female,Single,High School,3,Unemployed,0,15000,675,1,0,138843,60,Business,9.44,Semiurban,No,1.851,163843,2314.05,0
APP100884,46,Female,Single,High School,0,Salaried,0,56495,720,0,11,151578,36,Education,6.75,Urban,No,0.894,151578,4210.5,0
APP100885,60,Male,Single,Bachelor,2,Salaried,11,64863,615,2,3,248581,24,Home,9.67,Rural,No,1.916,298581,10357.54,0
APP100886,45,Male,Single,Master,0,Self-Employed,11,113881,763,2,7,165955,36,Home,5.68,Urban,No,0.486,215955,4609.86,1
APP100887,33,Male,Married,Bachelor,1,Salaried,10,121571,694,2,11,180612,60,Auto,9.1,Semiurban,No,0.297,230612,3010.2,1
APP100888,45,Female,Married,PhD,1,Salaried,7,129577,775,1,3,306999,60,Business,5.96,Urban,No,0.474,331999,5116.65,1
APP100889,51,Female,Married,High School,2,Salaried,2,36484,557,0,5,57191,24,Home,9.15,Urban,No,0.784,57191,2382.96,0
APP100890,47,Female,Single,Bachelor,3,Salaried,16,58149,567,2,13,118951,36,Home,10.77,Semiurban,No,0.682,168951,3304.19,1
APP100891,44,Male,Single,Master,1,Salaried,7,43740,660,0,0,59132,60,Medical,9.93,Semiurban,No,0.27,59132,985.53,1
APP100892,50,Female,Married,Bachelor,1,Business,2,178013,797,0,15,278521,240,Medical,4.68,Urban,No,0.078,278521,1160.5,1
APP100893,52,Male,Single,High School,0,Unemployed,0,15000,837,4,0,283987,60,Business,5.13,Urban,No,3.786,383987,4733.12,0
APP100894,54,Male,Married,Bachelor,1,Salaried,3,62080,608,2,4,272282,60,Auto,9.29,Urban,No,0.877,322282,4538.03,0
APP100895,45,Male,Divorced,Bachelor,1,Salaried,2,114520,684,1,9,193791,60,Home,9.31,Semiurban,No,0.338,218791,3229.85,1
APP100896,35,Male,Single,Bachelor,0,Salaried,5,75810,692,0,11,180440,36,Home,6.11,Rural,No,0.793,180440,5012.22,1
APP100897,39,Male,Single,Master,3,Salaried,4,63997,737,0,9,113356,36,Personal,8.39,Rural,No,0.59,113356,3148.78,1
APP100898,52,Male,Married,Master,0,Salaried,2,107459,750,1,8,211554,60,Auto,6.29,Urban,No,0.394,236554,3525.9,1
APP100899,28,Male,Divorced,Bachelor,1,Salaried,12,69966,590,1,5,47490,60,Business,10.04,Urban,No,0.136,72490,791.5,1
APP100900,42,Male,Married,High School,3,Unemployed,0,15000,685,1,15,47217,60,Auto,9.16,Semiurban,No,0.63,72217,786.95,0
APP100901,33,Female,Married,Bachelor,3,Salaried,15,25772,519,2,11,116410,24,Business,13.1,Semiurban,No,2.258,166410,4850.42,0
APP100902,38,Female,Single,Master,2,Salaried,2,51664,744,1,13,300960,36,Home,7.17,Semiurban,No,1.942,325960,8360.0,0
APP100903,53,Male,Divorced,PhD,0,Salaried,0,155538,652,1,5,108923,60,Auto,8.24,Rural,Yes,0.14,133923,1815.38,1
APP100904,40,Female,Single,High School,2,Salaried,8,71629,583,2,0,119729,60,Auto,9.81,Urban,No,0.334,169729,1995.48,1
APP100905,38,Female,Single,Bachelor,0,Business,19,143066,706,1,13,173021,36,Home,9.05,Urban,Yes,0.403,198021,4806.14,1
APP100906,21,Male,Married,High School,3,Salaried,11,80826,650,3,9,221889,60,Education,8.12,Rural,No,0.549,296889,3698.15,1
APP100907,46,Male,Divorced,High School,2,Unemployed,0,15000,780,2,8,250161,60,Education,6.73,Semiurban,No,3.335,300161,4169.35,0
APP100908,45,Male,Single,Bachelor,2,Salaried,9,72677,608,0,5,60369,36,Auto,9.85,Semiurban,Yes,0.277,60369,1676.92,1
APP100909,63,Male,Single,Bachelor,0,Self-Employed,9,44603,850,3,6,142266,36,Education,5.76,Urban,Yes,1.063,217266,3951.83,0
APP100910,34,Female,Single,High School,1,Unemployed,0,15000,748,0,5,167961,120,Home,7.07,Semiurban,No,1.12,167961,1399.68,0
APP100911,40,Female,Single,Master,2,Salaried,10,15000,783,4,8,175981,60,Auto,5.91,Semiurban,No,2.346,275981,2933.02,0
APP100912,40,Male,Single,Master,3,Salaried,9,67551,597,1,2,219263,36,Auto,9.56,Semiurban,Yes,1.082,244263,6090.64,0
APP100913,56,Female,Divorced,PhD,0,Business,5,20488,823,1,11,215606,240,Business,5.02,Semiurban,No,0.526,240606,898.36,1
APP100914,36,Female,Married,High School,3,Salaried,7,60916,582,0,18,152039,12,Home,8.98,Semiurban,Yes,2.496,152039,12669.92,0
APP100915,41,Female,Married,Bachelor,0,Self-Employed,7,83651,663,0,5,242190,36,Home,9.25,Rural,No,0.965,242190,6727.5,0
APP100916,45,Male,Married,Bachelor,1,Salaried,6,15000,784,0,0,227502,12,Personal,6.53,Semiurban,No,15.167,227502,18958.5,0
APP100917,40,Female,Married,High School,2,Salaried,20,38677,720,2,7,221070,120,Auto,6.13,Urban,No,0.572,271070,1842.25,1
APP100918,32,Male,Married,Bachelor,0,Salaried,5,109191,580,0,9,107695,60,Home,9.99,Urban,No,0.197,107695,1794.92,1
APP100919,40,Male,Married,Master,0,Unemployed,0,15000,770,1,10,207031,60,Business,6.32,Rural,No,2.76,232031,3450.52,0
APP100920,50,Male,Single,High School,2,Salaried,5,24528,707,3,16,246285,24,Home,7.27,Semiurban,Yes,5.02,321285,10261.88,0
APP100921,25,Male,Married,PhD,1,Salaried,12,24579,646,0,12,108892,60,Auto,8.96,Urban,No,0.886,108892,1814.87,1
APP100922,39,Female,Married,Master,0,Self-Employed,9,25129,556,2,0,160524,36,Medical,10.77,Urban,No,2.129,210524,4459.0,0
APP100923,29,Male,Married,Master,2,Salaried,6,95406,714,1,1,275179,120,Personal,8.61,Urban,No,0.288,300179,2293.16,1
APP100924,52,Male,Divorced,Master,2,Salaried,0,63899,666,0,10,181719,24,Home,8.68,Urban,Yes,1.422,181719,7571.62,0
APP100925,21,Male,Married,High School,1,Salaried,9,35857,692,2,5,142971,24,Home,8.75,Rural,No,1.994,192971,5957.12,0
APP100926,31,Female,Married,Master,0,Self-Employed,6,76839,553,1,15,266928,240,Education,9.55,Urban,No,0.174,291928,1112.2,1
APP100927,42,Male,Single,High School,0,Self-Employed,7,47454,646,0,3,112360,60,Home,8.02,Urban,Yes,0.474,112360,1872.67,1
APP100928,56,Female,Married,Master,2,Salaried,0,38117,718,1,12,14309,36,Home,6.27,Semiurban,Yes,0.125,39309,397.47,1
APP100929,37,Male,Married,High School,1,Salaried,16,47531,830,2,4,87666,36,Auto,5.0,Semiurban,No,0.615,137666,2435.17,1
APP100930,31,Male,Single,High School,2,Self-Employed,13,20523,663,0,9,240880,120,Home,8.8,Rural,No,1.174,240880,2007.33,0
APP100931,60,Male,Married,Bachelor,2,Business,16,61655,795,0,3,191655,36,Medical,7.77,Semiurban,No,1.036,191655,5323.75,0
APP100932,21,Male,Married,High School,1,Salaried,14,59689,742,2,10,155448,36,Auto,6.33,Urban,No,0.868,205448,4318.0,1
APP100933,21,Male,Single,Bachelor,0,Salaried,11,69405,698,2,13,234890,24,Auto,8.89,Rural,Yes,1.692,284890,9787.08,1
APP100934,43,Male,Divorced,Bachelor,3,Salaried,1,77142,599,2,9,163348,60,Business,9.19,Semiurban,No,0.423,213348,2722.47,0
APP100935,31,Female,Single,Master,1,Self-Employed,19,177465,602,0,17,132212,120,Auto,9.98,Urban,Yes,0.075,132212,1101.77,1
APP100936,25,Female,Divorced,Bachelor,1,Unemployed,0,15000,729,1,4,216809,240,Business,7.27,Urban,No,0.723,241809,903.37,0
APP100937,46,Male,Married,High School,3,Salaried,6,42375,637,1,8,119437,240,Home,8.34,Rural,No,0.141,144437,497.65,1
APP100938,40,Male,Single,High School,3,Salaried,12,37374,630,0,12,189219,36,Education,8.55,Urban,No,1.688,189219,5256.08,0
APP100939,31,Female,Married,Bachelor,1,Salaried,12,48914,665,1,3,86421,60,Business,10.3,Urban,Yes,0.353,111421,1440.35,1
APP100940,22,Male,Married,Bachelor,0,Salaried,11,34735,666,1,8,65636,60,Auto,8.15,Urban,Yes,0.378,90636,1093.93,1
APP100941,48,Male,Married,Bachelor,4,Salaried,5,62101,752,2,11,80741,60,Home,7.96,Semiurban,No,0.26,130741,1345.68,1
APP100942,45,Female,Married,High School,2,Unemployed,0,15000,639,0,12,147914,120,Business,9.9,Urban,Yes,0.986,147914,1232.62,0
APP100943,36,Male,Married,High School,1,Salaried,23,49188,744,0,13,98163,120,Auto,6.51,Urban,No,0.2,98163,818.02,1
APP100944,60,Male,Married,High School,1,Business,7,64689,715,1,3,100410,12,Auto,7.7,Urban,No,1.552,125410,8367.5,0
APP100945,25,Male,Divorced,High School,1,Salaried,7,58207,546,1,9,137724,120,Personal,11.2,Urban,No,0.237,162724,1147.7,1
APP100946,21,Male,Single,High School,3,Business,3,63772,703,1,1,144222,120,Medical,8.43,Semiurban,No,0.226,169222,1201.85,0
APP100947,29,Female,Married,Master,1,Salaried,9,64697,466,0,4,25915,60,Home,12.27,Urban,Yes,0.08,25915,431.92,1
APP100948,37,Male,Single,High School,2,Salaried,9,25777,608,0,7,5000,120,Education,8.33,Urban,No,0.019,5000,41.67,1
APP100949,40,Male,Married,Bachelor,2,Unemployed,0,15000,717,1,13,181997,60,Auto,6.96,Urban,No,2.427,206997,3033.28,0
APP100950,35,Male,Married,Bachelor,2,Salaried,10,96510,679,3,10,161137,60,Home,9.59,Semiurban,No,0.334,236137,2685.62,1
APP100951,42,Male,Single,High School,2,Self-Employed,18,35719,538,2,8,40381,60,Home,11.21,Semiurban,No,0.226,90381,673.02,1
APP100952,22,Female,Single,Bachelor,3,Business,4,55287,590,1,10,184902,60,Education,9.78,Rural,Yes,0.669,209902,3081.7,1
APP100953,55,Female,Single,Bachelor,1,Salaried,8,49561,471,4,10,184756,24,Auto,11.1,Urban,No,1.864,284756,7698.17,0
APP100954,37,Female,Married,Bachelor,0,Self-Employed,4,63648,572,0,9,125823,120,Business,11.8,Rural,No,0.198,125823,1048.53,1
APP100955,51,Male,Married,Master,2,Business,9,196877,726,1,5,306749,120,Auto,7.27,Urban,No,0.156,331749,2556.24,1
APP100956,42,Male,Divorced,High School,1,Unemployed,0,15000,635,0,3,251536,240,Business,10.39,Rural,No,0.838,251536,1048.07,0
APP100957,43,Male,Married,Master,0,Self-Employed,4,196301,693,3,6,118074,24,Medical,8.82,Rural,No,0.301,193074,4919.75,1
APP100958,44,Male,Single,Bachelor,0,Salaried,0,61592,681,1,4,119566,36,Business,9.18,Rural,No,0.647,144566,3321.28,0
APP100959,43,Female,Married,Bachelor,0,Self-Employed,8,133710,682,0,11,33369,60,Auto,10.02,Urban,No,0.05,33369,556.15,1
APP100960,45,Male,Married,Master,2,Self-Employed,10,128463,761,0,15,247978,120,Personal,6.9,Urban,No,0.193,247978,2066.48,1
APP100961,53,Male,Married,Master,2,Self-Employed,19,107680,663,0,10,169745,60,Auto,8.61,Urban,No,0.315,169745,2829.08,1
APP100962,40,Male,Single,Bachelor,0,Business,10,149169,752,0,0,215844,36,Education,8.52,Semiurban,No,0.482,215844,5995.67,1
APP100963,46,Female,Married,Master,2,Salaried,5,114472,481,0,4,5000,60,Education,13.21,Semiurban,No,0.009,5000,83.33,1
APP100964,36,Male,Divorced,Bachelor,0,Salaried,0,75866,768,3,8,212202,12,Auto,5.94,Semiurban,No,2.797,287202,17683.5,0
APP100965,55,Male,Married,Bachelor,2,Self-Employed,0,141527,576,0,0,109228,60,Home,11.52,Urban,No,0.154,109228,1820.47,0
APP100966,29,Male,Single,High School,1,Unemployed,0,15000,594,1,8,196744,12,Auto,11.63,Semiurban,No,13.116,221744,16395.33,0
APP100967,59,Female,Married,High School,2,Salaried,19,24589,623,0,10,191697,12,Home,7.24,Urban,No,7.796,191697,15974.75,0
APP100968,37,Male,Divorced,Master,1,Unemployed,0,15000,766,2,15,148348,60,Medical,5.44,Semiurban,Yes,1.978,198348,2472.47,0
APP100969,21,Female,Single,High School,0,Unemployed,0,15000,608,1,17,94213,36,Business,9.03,Rural,No,2.094,119213,2617.03,0
APP100970,39,Female,Married,High School,2,Unemployed,0,15000,627,0,2,181908,12,Home,10.18,Semiurban,No,12.127,181908,15159.0,0
APP100971,29,Male,Divorced,Master,0,Unemployed,0,15000,603,2,7,83127,36,Education,10.73,Semiurban,No,1.847,133127,2309.08,0
APP100972,48,Female,Single,High School,4,Business,4,15000,700,2,7,234045,12,Medical,8.52,Urban,No,15.603,284045,19503.75,0
APP100973,30,Male,Married,High School,1,Business,15,57596,739,3,4,92268,36,Personal,8.1,Urban,No,0.534,167268,2563.0,1
APP100974,32,Female,Married,Bachelor,1,Self-Employed,7,41602,816,0,8,151819,24,Home,4.57,Urban,Yes,1.825,151819,6325.79,0
APP100975,21,Male,Married,Bachelor,1,Salaried,0,47651,850,1,7,90336,24,Business,3.79,Rural,Yes,0.948,115336,3764.0,0
APP100976,32,Male,Married,Master,0,Salaried,21,43731,732,4,11,162698,24,Personal,8.61,Urban,No,1.86,262698,6779.08,0
APP100977,21,Male,Single,Bachelor,1,Salaried,1,19761,709,2,14,67459,36,Auto,7.92,Rural,Yes,1.138,117459,1873.86,0
APP100978,21,Male,Married,Bachelor,4,Salaried,4,107080,582,2,8,85268,24,Personal,11.57,Urban,Yes,0.398,135268,3552.83,1
APP100979,47,Female,Single,Bachelor,0,Salaried,15,42908,832,1,5,333562,60,Personal,4.66,Semiurban,No,1.555,358562,5559.37,0
APP100980,47,Male,Married,Bachelor,2,Unemployed,0,15000,697,1,2,217537,36,Business,7.0,Semiurban,No,4.834,242537,6042.69,0
APP100981,43,Female,Single,Bachelor,1,Self-Employed,5,65358,656,2,18,179555,120,Medical,7.61,Semiurban,No,0.275,229555,1496.29,1
APP100982,26,Male,Single,Master,2,Salaried,0,41248,711,0,12,191129,120,Home,8.58,Semiurban,No,0.463,191129,1592.74,1
APP100983,37,Female,Divorced,Bachelor,0,Business,2,109090,629,1,9,174451,120,Personal,10.55,Semiurban,No,0.16,199451,1453.76,1
APP100984,37,Male,Married,High School,1,Salaried,2,35156,492,2,7,142888,36,Education,12.7,Semiurban,No,1.355,192888,3969.11,0
APP100985,24,Male,Divorced,High School,4,Salaried,8,38375,725,0,16,210537,36,Education,7.02,Rural,Yes,1.829,210537,5848.25,0
APP100986,56,Male,Single,Bachelor,0,Business,9,95433,787,0,7,83841,36,Medical,6.9,Urban,No,0.293,83841,2328.92,1
APP100987,48,Female,Married,High School,1,Salaried,7,27786,724,0,0,277642,60,Medical,8.13,Urban,Yes,1.998,277642,4627.37,0
APP100988,35,Male,Single,Bachelor,1,Self-Employed,7,23365,679,2,9,159626,60,Business,6.39,Semiurban,No,1.366,209626,2660.43,0
APP100989,38,Male,Married,Master,1,Salaried,1,76333,681,2,1,214136,60,Home,8.03,Urban,No,0.561,264136,3568.93,0
APP100990,40,Male,Married,Bachelor,1,Salaried,9,84097,693,1,9,275870,60,Education,8.42,Semiurban,No,0.656,300870,4597.83,0
APP100991,21,Female,Single,High School,1,Business,15,39333,691,2,14,189296,120,Medical,9.29,Urban,Yes,0.481,239296,1577.47,1
APP100992,35,Male,Divorced,Master,0,Salaried,7,83003,675,1,0,85160,120,Education,8.41,Urban,No,0.103,110160,709.67,0
APP100993,29,Male,Single,High School,3,Unemployed,0,15000,682,2,3,247563,120,Personal,8.51,Semiurban,No,1.65,297563,2063.02,0
APP100994,25,Male,Married,Bachelor,2,Salaried,8,57755,804,0,12,285695,12,Medical,5.85,Urban,No,4.947,285695,23807.92,0
APP100995,34,Female,Divorced,Bachelor,0,Salaried,14,62152,717,1,5,5000,240,Education,7.93,Rural,No,0.004,30000,20.83,1
APP100996,59,Female,Married,High School,1,Unemployed,0,15000,688,0,10,141850,60,Auto,6.87,Urban,No,1.891,141850,2364.17,0
APP100997,45,Male,Divorced,Master,2,Unemployed,0,15000,732,0,10,173315,60,Home,6.75,Urban,No,2.311,173315,2888.58,0
APP100998,31,Male,Single,High School,4,Salaried,10,24616,732,0,12,128875,12,Education,5.13,Rural,No,5.235,128875,10739.58,0
APP100999,44,Male,Single,PhD,4,Salaried,8,56429,755,1,4,50324,36,Home,6.46,Urban,No,0.297,75324,1397.89,0
APP101000,54,Male,Single,High School,3,Self-Employed,15,58131,619,2,0,79355,60,Business,10.12,Urban,Yes,0.273,129355,1322.58,1
APP101001,49,Male,Married,High School,0,Salaried,0,55262,641,1,9,5000,36,Business,8.39,Rural,No,0.03,30000,138.89,1
APP101002,38,Female,Married,High School,3,Salaried,11,56088,614,0,0,226408,12,Auto,9.47,Rural,Yes,4.037,226408,18867.33,0
APP101003,30,Male,Single,High School,3,Business,10,53063,741,4,12,259884,60,Home,7.57,Urban,No,0.98,359884,4331.4,1
APP101004,46,Female,Married,Bachelor,1,Self-Employed,2,104799,737,0,7,258770,36,Medical,9.98,Rural,Yes,0.823,258770,7188.06,0
APP101005,42,Male,Single,Bachelor,1,Salaried,10,67684,578,4,6,147634,12,Education,10.36,Semiurban,No,2.181,247634,12302.83,0
APP101006,48,Female,Single,Master,1,Salaried,9,80299,711,3,11,171753,60,Auto,8.5,Urban,No,0.428,246753,2862.55,1
APP101007,45,Male,Married,High School,2,Unemployed,0,15000,789,1,0,235593,24,Education,6.03,Semiurban,No,7.853,260593,9816.38,0
APP101008,50,Male,Married,Bachelor,0,Self-Employed,13,47477,661,0,6,131369,36,Business,9.14,Rural,No,0.922,131369,3649.14,0
APP101009,31,Male,Married,Bachelor,0,Self-Employed,4,26367,705,1,10,74057,36,Home,7.87,Urban,No,0.936,99057,2057.14,0
APP101010,53,Male,Single,Bachelor,0,Salaried,9,75676,738,2,9,104342,240,Education,6.82,Semiurban,No,0.069,154342,434.76,1
APP101011,40,Male,Married,Bachelor,1,Salaried,7,62375,574,0,5,164043,12,Home,10.32,Urban,Yes,2.63,164043,13670.25,0
APP101012,62,Female,Single,Bachelor,0,Salaried,4,33200,692,0,5,92908,60,Medical,9.41,Rural,No,0.56,92908,1548.47,0
APP101013,29,Female,Single,High School,2,Salaried,11,47326,781,2,15,187863,24,Personal,6.67,Urban,Yes,1.985,237863,7827.62,0
APP101014,58,Male,Married,Master,0,Salaried,6,31736,632,1,12,41591,36,Home,8.16,Urban,No,0.437,66591,1155.31,1
APP101015,40,Male,Married,Bachelor,3,Salaried,0,33905,746,0,4,130587,24,Personal,6.66,Rural,No,1.926,130587,5441.12,0
APP101016,30,Male,Single,Bachelor,3,Self-Employed,0,50693,682,3,14,182443,240,Personal,7.47,Rural,No,0.18,257443,760.18,1
APP101017,32,Male,Single,High School,3,Self-Employed,12,61742,626,3,11,160600,12,Auto,10.41,Semiurban,No,2.601,235600,13383.33,0
APP101018,34,Male,Married,High School,2,Salaried,0,66490,672,0,10,91190,60,Home,7.8,Urban,No,0.274,91190,1519.83,1
APP101019,43,Female,Single,High School,0,Business,9,47617,637,0,10,208803,60,Business,10.12,Semiurban,Yes,0.877,208803,3480.05,1
APP101020,44,Female,Married,High School,1,Self-Employed,8,78171,608,1,2,170999,60,Auto,10.82,Rural,No,0.437,195999,2849.98,1
APP101021,31,Female,Married,High School,0,Salaried,5,42829,659,0,15,5000,60,Home,8.96,Semiurban,No,0.023,5000,83.33,1
APP101022,37,Male,Single,Master,4,Salaried,19,85674,685,0,12,186425,24,Home,8.84,Urban,No,1.088,186425,7767.71,1
APP101023,63,Female,Married,Bachelor,0,Self-Employed,9,70085,666,2,9,116224,60,Home,8.18,Rural,Yes,0.332,166224,1937.07,1
APP101024,58,Female,Married,Bachelor,1,Salaried,12,55067,658,4,9,108002,240,Home,9.69,Rural,No,0.098,208002,450.01,1
APP101025,43,Male,Single,High School,2,Salaried,9,49687,698,0,7,83605,120,Business,6.8,Semiurban,No,0.168,83605,696.71,1
APP101026,38,Male,Married,Master,3,Salaried,6,102060,722,1,5,69757,36,Business,7.1,Rural,Yes,0.228,94757,1937.69,0
APP101027,39,Female,Single,High School,2,Salaried,7,26519,588,0,10,166526,36,Auto,9.93,Urban,No,2.093,166526,4625.72,0
APP101028,45,Male,Married,Master,2,Unemployed,0,15000,659,0,4,193682,24,Education,9.81,Semiurban,No,6.456,193682,8070.08,0
APP101029,25,Male,Single,PhD,1,Self-Employed,14,195325,522,0,8,162253,60,Personal,13.27,Urban,Yes,0.166,162253,2704.22,1
APP101030,34,Male,Married,Bachelor,1,Salaried,19,64429,667,0,8,225956,36,Personal,8.21,Rural,No,1.169,225956,6276.56,0
APP101031,21,Male,Married,PhD,0,Unemployed,0,15000,692,1,9,196512,24,Medical,8.06,Rural,No,6.55,221512,8188.0,0
APP101032,42,Male,Single,Bachelor,3,Self-Employed,2,107018,725,2,12,5000,36,Auto,6.32,Rural,No,0.016,55000,138.89,1
APP101033,45,Female,Married,High School,1,Self-Employed,5,39873,692,1,10,76678,12,Auto,8.08,Semiurban,No,1.923,101678,6389.83,0
APP101034,32,Female,Single,High School,0,Salaried,0,41405,723,1,11,245073,24,Medical,8.64,Semiurban,No,2.959,270073,10211.38,0
APP101035,56,Female,Married,High School,3,Self-Employed,12,67553,685,0,0,48449,24,Personal,6.5,Rural,No,0.359,48449,2018.71,0
APP101036,23,Male,Married,High School,1,Salaried,4,63680,625,1,10,5000,240,Business,9.52,Semiurban,Yes,0.004,30000,20.83,1
APP101037,21,Male,Single,Bachelor,3,Salaried,0,15000,590,0,8,296516,120,Business,10.92,Urban,Yes,1.977,296516,2470.97,0
APP101038,40,Male,Divorced,High School,3,Salaried,22,29108,658,0,9,173729,60,Education,8.9,Urban,No,1.194,173729,2895.48,0
APP101039,50,Male,Married,Master,2,Salaried,4,45553,618,0,5,95355,24,Auto,9.45,Rural,No,1.047,95355,3973.12,0
APP101040,58,Male,Single,High School,0,Salaried,4,39833,670,0,13,82128,60,Home,9.48,Urban,No,0.412,82128,1368.8,1
APP101041,32,Male,Married,Bachelor,0,Salaried,18,36933,640,0,9,200352,60,Home,8.39,Urban,No,1.085,200352,3339.2,1
APP101042,50,Male,Married,PhD,3,Business,0,183846,713,0,4,188239,12,Business,6.96,Semiurban,No,1.024,188239,15686.58,0
APP101043,37,Male,Divorced,High School,3,Salaried,14,45017,683,2,5,176176,240,Business,6.49,Rural,No,0.196,226176,734.07,1
APP101044,35,Male,Single,Bachelor,1,Business,4,123344,715,3,12,134900,60,Auto,8.03,Urban,No,0.219,209900,2248.33,1
APP101045,48,Male,Married,Master,1,Self-Employed,0,130767,715,0,7,47553,240,Home,7.92,Urban,No,0.018,47553,198.14,1
APP101046,45,Female,Married,High School,0,Salaried,18,53884,665,1,7,147122,36,Personal,8.13,Rural,No,0.91,172122,4086.72,1
APP101047,21,Male,Married,Bachelor,4,Salaried,13,51605,670,1,7,235211,60,Auto,7.71,Urban,No,0.912,260211,3920.18,0
APP101048,55,Female,Married,High School,0,Unemployed,0,15000,720,4,13,106643,36,Personal,7.55,Rural,No,2.37,206643,2962.31,0
APP101049,54,Male,Single,Master,0,Salaried,10,63021,850,0,10,198085,12,Business,5.1,Urban,No,3.143,198085,16507.08,0
APP101050,30,Male,Married,Bachelor,2,Self-Employed,11,31057,600,1,2,117629,120,Home,8.8,Urban,Yes,0.379,142629,980.24,1
APP101051,42,Female,Married,Bachelor,0,Self-Employed,0,100613,683,0,3,214099,36,Auto,6.39,Rural,No,0.709,214099,5947.19,0
APP101052,43,Male,Divorced,Master,3,Salaried,8,75267,584,1,8,71604,36,Business,8.59,Urban,No,0.317,96604,1989.0,1
APP101053,41,Male,Single,High School,0,Salaried,2,15704,678,0,4,151095,36,Education,6.99,Urban,No,3.207,151095,4197.08,0
APP101054,31,Female,Married,Master,0,Salaried,0,95450,626,0,0,186517,36,Home,8.27,Rural,No,0.651,186517,5181.03,0
APP101055,29,Male,Divorced,Master,1,Business,10,106082,670,0,4,95963,60,Home,8.52,Semiurban,No,0.181,95963,1599.38,1
APP101056,37,Female,Married,Master,1,Business,14,16584,692,0,6,179009,60,Home,8.24,Urban,No,2.159,179009,2983.48,0
APP101057,52,Male,Married,Master,0,Unemployed,0,15000,640,0,5,147635,120,Business,9.03,Semiurban,Yes,0.984,147635,1230.29,0
APP101058,44,Male,Married,Bachelor,1,Salaried,6,42484,537,1,11,146467,240,Home,11.62,Rural,No,0.172,171467,610.28,1
APP101059,33,Male,Married,PhD,1,Salaried,1,104420,794,1,0,95779,36,Business,6.52,Rural,No,0.306,120779,2660.53,1
APP101060,47,Male,Married,High School,3,Salaried,8,55790,747,1,4,229787,36,Medical,7.39,Urban,No,1.373,254787,6382.97,0
APP101061,21,Female,Single,Bachelor,0,Unemployed,0,15000,669,0,11,74389,36,Auto,8.71,Semiurban,Yes,1.653,74389,2066.36,0
APP101062,51,Female,Married,High School,4,Salaried,12,52550,608,0,4,172381,24,Home,8.78,Semiurban,No,1.64,172381,7182.54,0
APP101063,21,Male,Single,PhD,1,Salaried,11,94625,686,2,1,82063,60,Home,6.94,Urban,No,0.173,132063,1367.72,1
APP101064,33,Male,Married,Bachelor,0,Unemployed,0,15000,708,0,4,144706,60,Auto,7.28,Semiurban,No,1.929,144706,2411.77,0
APP101065,24,Female,Married,Master,0,Salaried,4,100745,741,3,10,201429,24,Home,8.32,Urban,No,1.0,276429,8392.88,1
APP101066,22,Male,Married,High School,1,Self-Employed,12,55064,748,2,6,126891,120,Home,9.38,Urban,No,0.23,176891,1057.42,1
APP101067,51,Male,Single,Master,0,Salaried,12,96414,764,0,4,5000,60,Education,7.28,Urban,Yes,0.01,5000,83.33,1
APP101068,32,Male,Divorced,Master,0,Salaried,6,65031,540,2,10,42424,12,Home,11.56,Semiurban,No,0.652,92424,3535.33,0
APP101069,42,Male,Single,Bachelor,0,Unemployed,0,15000,655,1,9,5000,24,Home,9.97,Urban,No,0.167,30000,208.33,1
APP101070,37,Female,Single,High School,2,Self-Employed,15,15000,759,1,1,155432,120,Medical,8.33,Semiurban,No,1.036,180432,1295.27,0
APP101071,43,Female,Single,Bachelor,1,Salaried,5,50331,606,2,8,149599,36,Education,8.96,Urban,No,0.991,199599,4155.53,0
APP101072,38,Male,Divorced,High School,0,Salaried,12,72798,777,0,1,121950,240,Personal,9.36,Semiurban,No,0.084,121950,508.12,1
APP101073,22,Male,Divorced,Bachelor,1,Salaried,7,63709,824,1,13,99883,60,Home,7.11,Urban,No,0.314,124883,1664.72,1
APP101074,49,Male,Married,High School,2,Self-Employed,1,52641,775,1,14,167690,24,Home,5.13,Urban,No,1.593,192690,6987.08,0
APP101075,32,Male,Married,High School,0,Salaried,17,59475,732,2,6,34214,60,Business,6.36,Semiurban,No,0.115,84214,570.23,1
APP101076,21,Male,Single,High School,3,Self-Employed,8,57914,644,1,13,226484,24,Auto,11.94,Urban,No,1.955,251484,9436.83,0
APP101077,32,Female,Divorced,High School,1,Salaried,3,28236,702,0,4,156009,120,Personal,9.0,Semiurban,No,0.553,156009,1300.08,0
APP101078,56,Male,Single,High School,4,Business,0,63621,572,0,7,74416,60,Business,9.96,Rural,Yes,0.234,74416,1240.27,1
APP101079,48,Male,Single,Master,0,Salaried,0,41105,617,3,5,116526,240,Education,9.74,Urban,No,0.142,191526,485.52,1
APP101080,33,Male,Single,Bachelor,4,Business,5,96885,623,0,7,139493,60,Auto,10.29,Urban,No,0.288,139493,2324.88,1
APP101081,33,Male,Married,High School,1,Salaried,19,27339,684,1,8,39537,12,Medical,9.21,Semiurban,No,1.446,64537,3294.75,0
APP101082,34,Male,Married,Bachelor,1,Salaried,4,83207,648,0,7,203670,36,Medical,10.41,Rural,No,0.816,203670,5657.5,0
APP101083,62,Female,Married,Bachelor,1,Unemployed,0,15000,700,0,7,227237,60,Home,8.24,Semiurban,No,3.03,227237,3787.28,0
APP101084,42,Male,Divorced,Master,0,Salaried,7,51197,750,0,8,159393,120,Business,7.28,Semiurban,No,0.311,159393,1328.28,1
APP101085,43,Female,Married,High School,3,Salaried,0,40025,623,0,14,225243,36,Education,9.18,Semiurban,No,1.876,225243,6256.75,0
APP101086,50,Male,Single,High School,1,Salaried,5,48394,691,1,0,362000,60,Medical,7.25,Rural,No,1.496,387000,6033.33,0
APP101087,40,Male,Married,PhD,0,Salaried,0,47706,646,2,17,5000,24,Medical,8.1,Urban,No,0.052,55000,208.33,1
APP101088,34,Male,Married,High School,0,Self-Employed,2,39453,695,1,6,154152,24,Home,7.96,Semiurban,Yes,1.954,179152,6423.0,0
APP101089,35,Male,Married,High School,0,Salaried,2,43840,734,1,7,42550,60,Medical,7.66,Rural,No,0.194,67550,709.17,1
APP101090,37,Male,Married,High School,1,Self-Employed,0,78505,753,0,14,274857,60,Personal,5.48,Semiurban,Yes,0.7,274857,4580.95,1
APP101091,37,Male,Married,High School,1,Self-Employed,17,15000,733,2,11,169704,36,Home,9.39,Urban,No,3.771,219704,4714.0,0
APP101092,46,Female,Single,PhD,1,Business,9,180909,713,1,10,94152,36,Education,7.04,Rural,No,0.173,119152,2615.33,1
APP101093,38,Female,Married,High School,0,Salaried,3,35287,566,0,14,129171,36,Auto,9.82,Urban,No,1.22,129171,3588.08,0
APP101094,46,Male,Divorced,Master,1,Salaried,9,61925,593,1,7,256903,60,Auto,10.11,Urban,No,0.83,281903,4281.72,0
APP101095,37,Male,Single,PhD,1,Self-Employed,2,82505,614,2,12,186182,12,Business,7.35,Urban,No,2.257,236182,15515.17,0
APP101096,38,Male,Married,Bachelor,0,Salaried,0,50902,708,1,1,196313,60,Home,8.2,Rural,Yes,0.771,221313,3271.88,0
APP101097,21,Male,Married,High School,0,Self-Employed,25,63437,576,3,10,269046,12,Medical,9.49,Urban,No,4.241,344046,22420.5,0
APP101098,48,Male,Single,High School,0,Salaried,9,32606,707,0,10,226349,60,Home,5.94,Rural,No,1.388,226349,3772.48,0
APP101099,42,Female,Divorced,Bachelor,3,Salaried,4,101464,701,4,13,239920,12,Education,8.12,Urban,No,2.365,339920,19993.33,0
APP101100,49,Male,Married,Bachelor,2,Business,0,113395,525,0,11,139893,120,Home,11.64,Semiurban,No,0.123,139893,1165.78,1
APP101101,21,Male,Single,Bachelor,4,Business,0,97423,592,0,9,5000,36,Business,12.11,Urban,Yes,0.017,5000,138.89,1
APP101102,63,Male,Single,Bachelor,0,Self-Employed,17,67018,763,1,6,158285,60,Education,6.92,Semiurban,No,0.472,183285,2638.08,1
APP101103,36,Male,Single,PhD,3,Business,17,215391,735,0,6,96843,120,Personal,7.47,Urban,No,0.045,96843,807.02,1
APP101104,51,Female,Married,Bachelor,1,Self-Employed,12,112080,611,1,6,213086,24,Medical,9.82,Rural,No,0.951,238086,8878.58,0
APP101105,25,Male,Married,Bachelor,1,Salaried,1,30965,597,3,1,8374,60,Auto,7.48,Urban,No,0.054,83374,139.57,0
APP101106,45,Male,Divorced,Master,0,Unemployed,0,15000,483,3,16,216258,120,Education,12.42,Semiurban,No,1.442,291258,1802.15,0
APP101107,25,Female,Single,High School,2,Self-Employed,10,63727,797,1,12,165083,60,Auto,6.01,Rural,No,0.518,190083,2751.38,1
APP101108,30,Male,Single,High School,3,Self-Employed,11,70070,683,1,9,178303,36,Business,8.2,Urban,No,0.848,203303,4952.86,1
APP101109,60,Female,Single,High School,0,Salaried,10,36744,830,4,12,199500,36,Auto,4.57,Semiurban,Yes,1.81,299500,5541.67,0
APP101110,35,Male,Married,High School,0,Unemployed,0,15000,664,1,11,147722,36,Home,9.29,Urban,No,3.283,172722,4103.39,0
APP101111,40,Male,Divorced,Bachelor,2,Salaried,0,61965,702,3,3,123360,60,Business,6.98,Urban,No,0.398,198360,2056.0,1
APP101112,48,Female,Married,High School,4,Salaried,4,67842,751,3,11,240798,12,Home,7.69,Semiurban,No,3.549,315798,20066.5,0
APP101113,43,Male,Single,Bachelor,2,Salaried,11,61025,811,0,14,197452,36,Home,6.17,Urban,No,1.079,197452,5484.78,1
APP101114,39,Male,Married,PhD,0,Salaried,0,45442,720,0,4,205107,60,Personal,9.0,Semiurban,Yes,0.903,205107,3418.45,0
APP101115,42,Male,Married,High School,1,Salaried,6,43917,680,0,0,143398,60,Home,7.94,Urban,No,0.653,143398,2389.97,1
APP101116,66,Male,Single,Bachelor,1,Business,6,119353,682,2,2,158762,60,Education,9.7,Urban,No,0.266,208762,2646.03,1
APP101117,37,Male,Married,High School,3,Self-Employed,12,48271,596,2,7,148940,120,Business,10.29,Semiurban,No,0.309,198940,1241.17,1
APP101118,40,Female,Single,High School,2,Salaried,12,64017,649,1,1,10467,36,Personal,8.94,Semiurban,No,0.055,35467,290.75,1
APP101119,50,Female,Single,Bachelor,1,Business,1,122469,684,0,7,39509,60,Education,7.47,Urban,No,0.065,39509,658.48,1
APP101120,51,Male,Single,PhD,0,Salaried,16,93529,790,0,4,140145,12,Home,6.6,Semiurban,Yes,1.498,140145,11678.75,0
APP101121,52,Male,Married,High School,3,Salaried,1,42755,645,3,7,5000,24,Personal,8.62,Semiurban,No,0.058,80000,208.33,1
APP101122,45,Male,Married,High School,2,Salaried,14,15000,765,0,5,141188,120,Business,6.67,Semiurban,No,0.941,141188,1176.57,0
APP101123,24,Male,Single,High School,4,Business,4,94768,673,1,7,78459,60,Auto,9.32,Rural,Yes,0.166,103459,1307.65,1
APP101124,57,Male,Single,High School,1,Salaried,8,36233,779,3,11,143921,120,Home,6.39,Rural,No,0.397,218921,1199.34,1
APP101125,24,Male,Married,High School,2,Salaried,9,35000,734,2,3,163600,60,Home,7.64,Semiurban,Yes,0.935,213600,2726.67,0
APP101126,41,Female,Divorced,Bachelor,2,Salaried,9,46253,728,1,9,5000,36,Home,8.95,Semiurban,No,0.036,30000,138.89,1
APP101127,28,Male,Married,High School,0,Self-Employed,12,59990,758,1,3,176006,60,Business,7.4,Urban,No,0.587,201006,2933.43,1
APP101128,37,Male,Single,Bachelor,4,Self-Employed,10,38139,746,1,7,114036,36,Home,6.4,Urban,No,0.997,139036,3167.67,1
APP101129,41,Male,Single,Bachelor,0,Salaried,12,35395,765,0,7,5000,36,Home,6.29,Semiurban,No,0.047,5000,138.89,1
APP101130,41,Female,Single,Bachelor,2,Salaried,10,58686,850,1,9,113129,12,Home,5.14,Rural,No,1.928,138129,9427.42,0
APP101131,43,Female,Single,High School,4,Self-Employed,0,37243,809,0,8,180373,120,Auto,7.94,Urban,Yes,0.484,180373,1503.11,1
APP101132,57,Male,Married,PhD,0,Self-Employed,9,131291,717,2,14,117545,36,Home,6.33,Urban,Yes,0.298,167545,3265.14,1
APP101133,43,Male,Married,High School,1,Salaried,4,31676,644,4,7,112667,60,Personal,9.31,Urban,No,0.711,212667,1877.78,0
APP101134,35,Female,Married,Master,1,Business,1,194758,709,3,4,162309,24,Home,9.18,Urban,No,0.417,237309,6762.88,1
APP101135,49,Male,Married,High School,2,Unemployed,0,15000,525,0,12,111660,120,Personal,12.11,Semiurban,No,0.744,111660,930.5,0
APP101136,52,Female,Single,Bachelor,3,Salaried,9,77022,746,1,9,128627,120,Personal,6.95,Urban,No,0.167,153627,1071.89,1
APP101137,23,Male,Single,High School,1,Self-Employed,9,37695,595,0,12,43883,36,Business,8.38,Rural,No,0.388,43883,1218.97,1
APP101138,45,Male,Married,High School,2,Salaried,14,84099,769,0,7,108537,60,Home,8.13,Rural,No,0.258,108537,1808.95,1
APP101139,46,Male,Single,High School,0,Self-Employed,15,41180,838,1,1,300726,60,Home,4.77,Urban,No,1.461,325726,5012.1,0
APP101140,34,Female,Single,High School,0,Salaried,10,29508,563,1,19,164273,60,Home,9.79,Urban,No,1.113,189273,2737.88,1
APP101141,54,Male,Married,Master,1,Salaried,11,100969,675,0,4,171529,120,Education,8.75,Rural,Yes,0.17,171529,1429.41,1
APP101142,36,Female,Single,Bachelor,2,Business,8,97321,594,0,2,98586,240,Home,11.55,Rural,No,0.051,98586,410.78,1
APP101143,39,Male,Single,High School,0,Business,12,41517,541,1,11,118425,36,Home,11.58,Rural,No,0.951,143425,3289.58,0
APP101144,35,Male,Married,Bachelor,2,Salaried,10,114896,671,0,3,131721,36,Home,8.22,Urban,Yes,0.382,131721,3658.92,1
APP101145,38,Male,Married,Master,1,Salaried,7,109706,730,0,6,219935,36,Auto,7.65,Urban,No,0.668,219935,6109.31,1
APP101146,24,Male,Single,Bachelor,2,Salaried,20,60100,740,1,8,245907,60,Home,7.32,Semiurban,No,0.818,270907,4098.45,1
APP101147,21,Male,Single,High School,0,Self-Employed,4,100823,692,1,7,113651,60,Home,7.69,Rural,Yes,0.225,138651,1894.18,1
APP101148,57,Male,Married,Master,2,Business,16,156525,546,1,6,148126,12,Home,11.15,Urban,No,0.946,173126,12343.83,1
APP101149,27,Female,Single,High School,1,Salaried,0,41791,689,0,15,131197,12,Business,7.4,Rural,No,3.139,131197,10933.08,0
APP101150,26,Male,Married,Bachelor,3,Self-Employed,12,140443,560,0,7,210989,60,Home,9.81,Urban,No,0.3,210989,3516.48,1
APP101151,21,Female,Single,Bachelor,2,Business,16,114711,565,0,3,187486,36,Business,11.25,Urban,No,0.545,187486,5207.94,1
APP101152,30,Male,Single,Master,2,Salaried,0,97995,600,0,12,142803,12,Education,9.61,Semiurban,No,1.457,142803,11900.25,0
APP101153,22,Female,Married,PhD,3,Self-Employed,8,96655,763,0,4,230771,36,Business,6.71,Semiurban,No,0.796,230771,6410.31,0
APP101154,57,Male,Married,Master,2,Salaried,12,79605,723,2,7,191449,120,Auto,6.77,Urban,No,0.24,241449,1595.41,1
APP101155,50,Male,Single,High School,0,Business,9,52219,705,0,3,88310,36,Personal,7.33,Semiurban,No,0.564,88310,2453.06,0
APP101156,29,Male,Single,Master,3,Salaried,10,124791,610,0,9,150656,60,Home,9.32,Semiurban,No,0.241,150656,2510.93,1
APP101157,65,Male,Single,High School,2,Salaried,8,15000,648,0,8,135878,120,Business,8.45,Semiurban,Yes,0.906,135878,1132.32,1
APP101158,49,Female,Single,High School,1,Salaried,1,65902,570,0,7,70970,24,Home,10.19,Urban,No,0.538,70970,2957.08,1
APP101159,34,Male,Divorced,Bachelor,2,Business,22,57099,789,0,8,131975,60,Medical,6.42,Rural,No,0.462,131975,2199.58,1
APP101160,21,Male,Married,Bachelor,3,Salaried,4,58551,850,0,12,241127,120,Home,6.39,Urban,Yes,0.412,241127,2009.39,1
APP101161,65,Female,Married,Bachelor,4,Salaried,10,52619,724,0,11,237592,24,Auto,8.28,Semiurban,No,2.258,237592,9899.67,0
APP101162,21,Male,Married,Bachelor,4,Unemployed,0,15000,738,3,2,223059,240,Auto,6.91,Semiurban,No,0.744,298059,929.41,0
APP101163,21,Female,Married,PhD,0,Unemployed,0,15000,667,3,4,212331,36,Education,8.03,Rural,Yes,4.718,287331,5898.08,0
APP101164,50,Male,Married,High School,1,Unemployed,0,15000,550,2,12,166638,24,Auto,9.22,Urban,No,5.555,216638,6943.25,0
APP101165,67,Female,Single,High School,0,Salaried,0,30315,612,0,4,101890,120,Education,9.09,Urban,No,0.336,101890,849.08,0
APP101166,54,Male,Single,Master,0,Business,14,124507,642,0,10,195100,36,Medical,8.06,Urban,No,0.522,195100,5419.44,1
APP101167,44,Male,Married,High School,3,Salaried,4,29818,649,1,12,18293,60,Home,9.07,Urban,No,0.123,43293,304.88,1
APP101168,45,Male,Married,Bachelor,1,Salaried,4,46555,630,0,0,96249,36,Home,11.07,Urban,No,0.689,96249,2673.58,0
APP101169,48,Female,Divorced,Bachelor,1,Salaried,1,22568,683,1,5,238380,60,Medical,7.94,Urban,No,2.113,263380,3973.0,0
APP101170,47,Male,Married,Bachelor,2,Salaried,8,48742,611,1,12,110632,12,Home,8.33,Semiurban,Yes,2.27,135632,9219.33,0
APP101171,41,Male,Divorced,Bachelor,2,Salaried,3,72355,850,1,7,201198,36,Personal,4.8,Urban,Yes,0.927,226198,5588.83,1
APP101172,39,Male,Single,High School,0,Salaried,13,42649,570,0,5,120955,60,Education,10.16,Urban,No,0.567,120955,2015.92,0
APP101173,37,Female,Married,Master,0,Business,9,205484,750,0,12,194013,36,Home,8.26,Urban,No,0.315,194013,5389.25,1
APP101174,28,Female,Single,High School,1,Salaried,4,87724,659,2,13,26792,60,Home,6.94,Rural,No,0.061,76792,446.53,1
APP101175,34,Female,Divorced,Bachelor,1,Salaried,13,48394,717,1,4,251743,240,Business,6.67,Urban,No,0.26,276743,1048.93,1
APP101176,21,Male,Single,High School,4,Salaried,8,27416,720,1,16,60723,12,Medical,8.36,Urban,No,2.215,85723,5060.25,0
APP101177,36,Male,Married,Bachelor,2,Unemployed,0,15000,692,0,0,41053,120,Home,6.59,Semiurban,Yes,0.274,41053,342.11,1
APP101178,26,Male,Married,Bachelor,1,Salaried,0,68380,589,2,0,247444,24,Home,10.79,Urban,No,1.809,297444,10310.17,0
APP101179,24,Female,Married,PhD,3,Salaried,7,141434,653,3,5,149774,120,Personal,8.27,Urban,No,0.106,224774,1248.12,1
APP101180,40,Male,Married,Bachelor,0,Salaried,9,69970,693,1,6,125500,120,Business,9.17,Urban,No,0.179,150500,1045.83,1
APP101181,54,Male,Divorced,Bachelor,2,Business,16,82711,688,0,6,275411,60,Home,8.19,Urban,Yes,0.666,275411,4590.18,1
APP101182,49,Female,Married,PhD,0,Salaried,3,88452,598,2,5,208486,36,Auto,9.88,Rural,No,0.786,258486,5791.28,0
APP101183,21,Male,Married,Bachelor,2,Salaried,21,70819,783,1,4,114039,60,Personal,6.94,Urban,No,0.322,139039,1900.65,1
APP101184,26,Male,Single,Bachelor,1,Salaried,11,54722,480,2,6,139249,120,Education,12.42,Semiurban,No,0.254,189249,1160.41,1
APP101185,49,Male,Married,Bachelor,0,Business,0,135731,659,1,5,235912,24,Auto,7.58,Semiurban,No,0.869,260912,9829.67,0
APP101186,26,Male,Married,Bachelor,0,Salaried,2,27441,606,2,11,72913,36,Home,9.36,Rural,No,0.886,122913,2025.36,0
APP101187,35,Female,Married,Master,1,Self-Employed,16,140951,694,1,8,265476,36,Business,6.49,Rural,No,0.628,290476,7374.33,1
APP101188,44,Male,Single,High School,2,Salaried,15,15000,761,0,6,114531,120,Home,5.92,Urban,No,0.764,114531,954.42,1
APP101189,26,Male,Married,Bachelor,0,Unemployed,0,15000,567,1,7,80280,24,Education,8.52,Rural,No,2.676,105280,3345.0,0
APP101190,39,Male,Single,Bachelor,2,Self-Employed,8,62068,850,0,13,236953,60,Education,7.34,Urban,Yes,0.764,236953,3949.22,1
APP101191,21,Male,Single,Master,2,Self-Employed,1,34462,696,0,5,208768,36,Education,8.05,Rural,Yes,2.019,208768,5799.11,0
APP101192,30,Female,Married,Master,2,Salaried,15,15000,710,1,1,7872,120,Home,8.33,Urban,No,0.052,32872,65.6,1
APP101193,41,Male,Single,Bachelor,2,Salaried,2,32562,564,0,3,141453,36,Business,9.88,Urban,Yes,1.448,141453,3929.25,0
APP101194,21,Male,Single,Bachelor,0,Salaried,13,61142,676,0,6,61584,240,Education,9.01,Urban,No,0.05,61584,256.6,1
APP101195,43,Male,Married,High School,1,Self-Employed,16,37754,757,0,10,213867,12,Auto,7.63,Urban,No,5.665,213867,17822.25,0
APP101196,37,Male,Single,Bachelor,3,Unemployed,0,15000,696,0,12,287569,24,Home,9.02,Rural,No,9.586,287569,11982.04,0
APP101197,44,Male,Single,Master,1,Salaried,13,121949,691,2,16,193017,36,Auto,8.1,Urban,No,0.528,243017,5361.58,1
APP101198,40,Female,Single,PhD,1,Business,19,70068,675,2,11,89226,36,Auto,9.52,Urban,No,0.424,139226,2478.5,1
APP101199,54,Female,Married,Master,2,Salaried,9,100071,569,2,3,221195,60,Business,10.01,Urban,No,0.442,271195,3686.58,0
APP101200,39,Female,Married,High School,0,Unemployed,0,15000,569,0,6,145971,120,Education,10.99,Urban,No,0.973,145971,1216.42,0
APP101201,32,Male,Married,Master,2,Salaried,7,41508,773,0,0,144097,60,Personal,6.59,Urban,Yes,0.694,144097,2401.62,0
APP101202,39,Male,Single,PhD,3,Salaried,3,71846,750,3,6,111176,240,Business,5.82,Urban,Yes,0.077,186176,463.23,1
APP101203,44,Male,Single,High School,0,Salaried,3,52848,762,0,4,158374,36,Education,4.93,Rural,No,0.999,158374,4399.28,0
APP101204,38,Male,Single,Bachelor,3,Self-Employed,10,30856,614,1,0,144322,240,Home,9.42,Urban,No,0.234,169322,601.34,0
APP101205,38,Male,Married,Master,0,Self-Employed,7,104810,667,2,18,5000,24,Home,8.36,Rural,No,0.024,55000,208.33,1
APP101206,29,Male,Divorced,Bachelor,1,Salaried,9,35981,778,0,6,152069,120,Home,6.17,Semiurban,No,0.423,152069,1267.24,0
APP101207,30,Female,Single,PhD,3,Salaried,0,64769,581,1,0,138990,12,Auto,11.43,Urban,Yes,2.146,163990,11582.5,0
APP101208,21,Male,Single,Bachelor,2,Salaried,7,70016,770,0,6,177745,60,Business,7.98,Semiurban,Yes,0.508,177745,2962.42,1
APP101209,58,Male,Single,Bachelor,3,Salaried,14,114337,633,3,16,5000,36,Business,10.0,Rural,No,0.015,80000,138.89,1
APP101210,23,Female,Married,Master,3,Salaried,1,48391,611,0,17,190960,120,Home,10.37,Semiurban,No,0.395,190960,1591.33,1
APP101211,29,Male,Married,Bachelor,1,Self-Employed,8,93596,677,0,8,152288,60,Auto,8.38,Semiurban,No,0.325,152288,2538.13,1
APP101212,29,Female,Married,Master,2,Self-Employed,0,81404,590,1,8,189610,36,Auto,10.38,Semiurban,No,0.776,214610,5266.94,0
APP101213,48,Female,Married,Bachelor,1,Self-Employed,0,57757,528,0,14,19669,120,Auto,11.87,Rural,Yes,0.034,19669,163.91,1
APP101214,34,Female,Married,Bachelor,1,Self-Employed,12,104141,686,1,7,51222,120,Auto,8.42,Semiurban,No,0.049,76222,426.85,1
APP101215,52,Male,Single,High School,1,Salaried,6,27238,722,1,10,5000,12,Auto,8.15,Urban,Yes,0.184,30000,416.67,1
APP101216,29,Female,Single,High School,2,Business,18,32704,777,0,12,161705,120,Education,6.51,Urban,No,0.494,161705,1347.54,1
APP101217,41,Male,Married,Bachelor,1,Salaried,10,71504,728,0,2,122394,60,Education,6.94,Urban,Yes,0.342,122394,2039.9,1
APP101218,27,Female,Married,Master,2,Self-Employed,11,155796,837,0,15,138480,120,Auto,5.52,Semiurban,No,0.089,138480,1154.0,1
APP101219,63,Male,Married,High School,2,Salaried,1,55124,788,0,3,38603,24,Personal,6.0,Semiurban,No,0.35,38603,1608.46,1
APP101220,23,Male,Married,High School,0,Self-Employed,5,20852,739,0,4,53213,24,Auto,8.67,Urban,No,1.276,53213,2217.21,0
APP101221,41,Male,Married,High School,1,Salaried,3,31231,717,2,8,5000,60,Medical,7.23,Semiurban,No,0.032,55000,83.33,1
APP101222,45,Male,Married,Bachelor,1,Salaried,1,84489,778,0,12,42356,36,Medical,9.3,Urban,Yes,0.167,42356,1176.56,1
APP101223,42,Female,Married,PhD,1,Self-Employed,11,191093,502,0,11,97997,60,Auto,13.6,Urban,No,0.103,97997,1633.28,1
APP101224,35,Female,Married,Bachelor,2,Salaried,13,65717,641,0,7,102132,60,Auto,8.05,Urban,No,0.311,102132,1702.2,1
APP101225,36,Female,Single,Bachelor,1,Salaried,10,45520,531,1,9,144590,60,Medical,12.63,Semiurban,No,0.635,169590,2409.83,1
APP101226,38,Male,Married,Bachelor,3,Self-Employed,3,121380,733,2,13,210930,60,Auto,7.21,Urban,No,0.348,260930,3515.5,1
APP101227,36,Female,Divorced,High School,2,Business,9,61041,620,3,8,94881,60,Business,10.17,Rural,No,0.311,169881,1581.35,1
APP101228,49,Male,Married,Bachelor,1,Salaried,0,44854,850,0,3,189103,36,Medical,6.58,Rural,No,1.405,189103,5252.86,0
APP101229,64,Female,Married,Bachelor,2,Salaried,15,40626,638,0,4,212260,12,Personal,8.46,Urban,No,5.225,212260,17688.33,0
APP101230,31,Female,Married,Bachelor,0,Salaried,0,30124,688,0,12,242003,120,Home,7.78,Urban,No,0.803,242003,2016.69,1
APP101231,21,Male,Single,Master,0,Self-Employed,1,204109,647,0,3,189182,120,Personal,9.81,Urban,No,0.093,189182,1576.52,1
APP101232,36,Female,Married,Master,0,Salaried,8,124181,640,2,0,155863,12,Personal,8.83,Semiurban,Yes,1.255,205863,12988.58,0
APP101233,68,Male,Single,Master,1,Business,9,85005,580,1,6,63597,120,Home,8.18,Urban,No,0.075,88597,529.98,1
APP101234,28,Male,Divorced,Master,0,Salaried,7,134284,577,0,7,171800,24,Education,11.42,Urban,No,0.64,171800,7158.33,1
APP101235,57,Male,Married,PhD,4,Salaried,1,117332,505,2,12,119896,36,Home,12.27,Urban,No,0.341,169896,3330.44,1
APP101236,58,Male,Single,Bachelor,1,Salaried,14,71852,723,2,0,260119,36,Home,7.52,Urban,Yes,1.207,310119,7225.53,0
APP101237,31,Female,Single,High School,2,Salaried,0,29436,646,2,9,157301,60,Education,9.21,Semiurban,No,1.069,207301,2621.68,0
APP101238,44,Male,Married,Bachelor,0,Self-Employed,0,56576,834,0,13,137202,12,Business,7.56,Rural,Yes,2.425,137202,11433.5,0
APP101239,57,Male,Single,Master,0,Salaried,7,76621,580,0,3,263274,120,Education,11.41,Rural,No,0.344,263274,2193.95,0
APP101240,33,Male,Single,High School,0,Unemployed,0,15000,798,0,8,111409,120,Business,5.18,Semiurban,No,0.743,111409,928.41,0
APP101241,35,Female,Married,High School,2,Salaried,15,33480,805,0,0,149744,240,Business,6.02,Semiurban,No,0.224,149744,623.93,1
APP101242,31,Female,Married,High School,1,Salaried,0,42078,782,0,12,310751,12,Home,7.55,Urban,No,7.385,310751,25895.92,0
APP101243,25,Female,Single,Bachelor,1,Salaried,17,92737,698,2,11,171298,120,Business,9.2,Rural,No,0.185,221298,1427.48,1
APP101244,30,Female,Married,Bachelor,1,Business,14,66879,652,0,7,240011,60,Education,7.46,Urban,Yes,0.718,240011,4000.18,1
APP101245,23,Male,Divorced,High School,2,Business,15,84318,782,1,1,270303,60,Home,5.86,Semiurban,No,0.641,295303,4505.05,1
APP101246,38,Male,Married,High School,0,Salaried,19,15000,616,2,11,105850,120,Home,8.55,Urban,Yes,0.706,155850,882.08,1
APP101247,28,Male,Married,Bachelor,2,Unemployed,0,15000,701,0,6,222701,60,Auto,8.62,Semiurban,Yes,2.969,222701,3711.68,0
APP101248,40,Male,Single,High School,1,Salaried,1,26243,676,0,0,123380,36,Medical,7.57,Semiurban,No,1.567,123380,3427.22,0
APP101249,21,Female,Single,High School,2,Self-Employed,7,53135,608,1,11,313195,60,Home,11.39,Rural,No,1.179,338195,5219.92,1
APP101250,41,Male,Single,Bachelor,0,Business,4,105237,702,1,13,265489,60,Home,9.26,Semiurban,Yes,0.505,290489,4424.82,1
APP101251,48,Female,Married,Bachelor,1,Self-Employed,3,78305,739,3,14,209463,120,Business,6.97,Urban,No,0.267,284463,1745.52,1
APP101252,21,Male,Divorced,High School,0,Unemployed,0,15000,605,2,1,233567,120,Personal,8.64,Rural,Yes,1.557,283567,1946.39,0
APP101253,42,Male,Married,Bachelor,4,Business,6,43443,716,2,0,94352,60,Auto,6.89,Semiurban,No,0.434,144352,1572.53,0
APP101254,52,Male,Married,High School,1,Unemployed,0,15000,501,1,5,287403,24,Auto,12.43,Urban,No,9.58,312403,11975.12,0
APP101255,23,Female,Married,Master,4,Salaried,6,110384,596,0,10,77649,36,Home,10.93,Urban,No,0.234,77649,2156.92,1
APP101256,58,Female,Married,High School,1,Salaried,11,31545,643,2,3,182562,36,Home,9.1,Urban,No,1.929,232562,5071.17,0
APP101257,43,Female,Married,High School,0,Self-Employed,13,48230,708,3,0,92883,36,Home,5.27,Urban,No,0.642,167883,2580.08,0
APP101258,29,Male,Single,Master,1,Self-Employed,0,35408,749,0,11,218831,60,Home,7.7,Semiurban,No,1.236,218831,3647.18,0
APP101259,37,Female,Single,Bachelor,0,Salaried,6,81464,686,0,6,289605,120,Auto,6.26,Rural,No,0.356,289605,2413.38,1
APP101260,44,Male,Married,High School,3,Salaried,7,18909,725,1,11,186123,36,Personal,5.38,Urban,No,3.281,211123,5170.08,0
APP101261,38,Male,Married,High School,2,Business,0,87044,667,3,8,175206,120,Business,9.66,Rural,No,0.201,250206,1460.05,1
APP101262,44,Female,Married,Master,2,Unemployed,0,15000,712,0,7,140910,60,Education,6.57,Semiurban,Yes,1.879,140910,2348.5,0
APP101263,26,Male,Married,Master,1,Salaried,8,110971,708,1,7,158036,36,Auto,8.09,Rural,No,0.475,183036,4389.89,1
APP101264,40,Female,Single,High School,1,Salaried,11,42178,639,2,6,123140,60,Education,9.31,Semiurban,Yes,0.584,173140,2052.33,0
APP101265,21,Male,Married,Bachelor,4,Salaried,8,46031,651,2,5,280667,60,Auto,8.17,Semiurban,Yes,1.219,330667,4677.78,0
APP101266,36,Male,Married,High School,0,Salaried,2,70007,728,1,2,213517,60,Home,7.65,Urban,No,0.61,238517,3558.62,1
APP101267,27,Female,Married,Bachelor,2,Self-Employed,20,69934,824,3,10,122207,36,Education,4.97,Semiurban,No,0.582,197207,3394.64,1
APP101268,29,Male,Married,High School,1,Unemployed,0,15000,776,0,14,154831,24,Education,6.53,Urban,No,5.161,154831,6451.29,0
APP101269,52,Female,Married,High School,4,Salaried,11,57909,589,0,5,383271,12,Personal,9.83,Urban,No,6.619,383271,31939.25,0
APP101270,51,Male,Married,High School,2,Self-Employed,14,19310,589,0,17,171772,120,Education,9.72,Rural,Yes,0.89,171772,1431.43,1
APP101271,45,Female,Married,Bachelor,4,Self-Employed,9,15000,637,0,9,266236,36,Business,8.6,Semiurban,Yes,5.916,266236,7395.44,0
APP101272,24,Male,Married,Bachelor,1,Salaried,15,88949,687,0,9,103875,60,Home,7.36,Semiurban,No,0.234,103875,1731.25,1
APP101273,34,Male,Married,Bachelor,0,Self-Employed,8,46910,683,0,11,187887,120,Business,9.19,Semiurban,No,0.401,187887,1565.72,1
APP101274,52,Male,Single,High School,1,Self-Employed,8,68557,779,1,12,100040,120,Personal,5.97,Semiurban,No,0.146,125040,833.67,1
APP101275,39,Male,Single,High School,2,Business,11,64211,783,0,5,107175,24,Business,5.21,Semiurban,No,0.835,107175,4465.62,0
APP101276,65,Female,Single,Master,2,Salaried,17,40170,680,1,10,213499,120,Business,7.99,Urban,Yes,0.531,238499,1779.16,1
APP101277,42,Male,Single,High School,0,Self-Employed,17,63152,661,0,13,78352,60,Personal,8.25,Rural,No,0.248,78352,1305.87,1
APP101278,40,Male,Divorced,Bachelor,1,Salaried,11,49745,721,0,6,54636,36,Auto,7.19,Urban,No,0.366,54636,1517.67,1
APP101279,34,Male,Married,High School,0,Salaried,11,23146,765,0,8,204818,60,Medical,7.41,Semiurban,No,1.77,204818,3413.63,0
APP101280,39,Male,Single,Bachelor,3,Salaried,12,33717,724,0,4,110944,120,Auto,6.89,Urban,No,0.329,110944,924.53,1
APP101281,36,Female,Single,Bachelor,0,Salaried,13,16679,645,0,5,127599,36,Auto,8.72,Semiurban,No,2.55,127599,3544.42,0
APP101282,46,Female,Single,PhD,2,Salaried,15,112120,631,0,6,5910,120,Business,10.02,Urban,No,0.005,5910,49.25,1
APP101283,49,Male,Married,High School,0,Salaried,6,25630,591,1,3,48456,12,Home,10.62,Rural,No,1.891,73456,4038.0,0
APP101284,28,Female,Married,High School,1,Self-Employed,15,49670,695,0,7,167654,60,Personal,7.41,Semiurban,No,0.675,167654,2794.23,1
APP101285,22,Male,Married,Bachelor,3,Self-Employed,10,66548,729,0,9,131313,24,Auto,8.39,Semiurban,No,0.987,131313,5471.38,0
APP101286,21,Male,Divorced,PhD,0,Salaried,11,58337,738,0,10,222734,60,Home,8.15,Urban,No,0.764,222734,3712.23,1
APP101287,44,Female,Single,PhD,0,Salaried,16,35084,772,2,3,78022,24,Auto,7.4,Rural,No,1.112,128022,3250.92,0
APP101288,24,Male,Single,Bachelor,0,Self-Employed,12,148011,798,0,4,136715,36,Medical,6.34,Semiurban,No,0.308,136715,3797.64,1
APP101289,21,Female,Single,Bachelor,1,Salaried,13,58786,570,0,12,153718,24,Auto,10.43,Semiurban,No,1.307,153718,6404.92,0
APP101290,42,Female,Married,Bachelor,1,Salaried,5,105584,712,0,4,133669,120,Education,6.69,Urban,No,0.127,133669,1113.91,1
APP101291,67,Male,Divorced,Bachelor,0,Self-Employed,16,106948,715,2,12,197800,24,Personal,6.32,Urban,No,0.925,247800,8241.67,1
APP101292,37,Female,Married,Bachelor,2,Salaried,12,51970,674,1,4,63137,60,Home,8.44,Semiurban,No,0.243,88137,1052.28,1
APP101293,48,Female,Married,Master,0,Salaried,8,83881,613,0,9,190983,60,Home,9.75,Semiurban,No,0.455,190983,3183.05,1
APP101294,38,Male,Married,Bachelor,3,Salaried,14,63797,795,1,11,241128,24,Home,5.84,Semiurban,No,1.89,266128,10047.0,0
APP101295,36,Male,Single,Bachelor,2,Salaried,23,106105,632,1,0,84133,60,Auto,9.25,Semiurban,No,0.159,109133,1402.22,1
APP101296,49,Male,Single,Bachelor,4,Unemployed,0,15000,504,0,12,182053,36,Home,13.28,Urban,No,4.046,182053,5057.03,0
APP101297,34,Female,Married,Bachelor,3,Salaried,3,39818,681,0,14,178590,60,Auto,10.01,Urban,No,0.897,178590,2976.5,1
APP101298,41,Female,Married,Bachelor,1,Salaried,24,68790,660,4,6,197102,120,Medical,7.69,Urban,Yes,0.287,297102,1642.52,1
APP101299,41,Male,Single,Bachelor,1,Self-Employed,10,96129,828,1,9,150119,12,Business,5.73,Urban,No,1.562,175119,12509.92,0
APP101300,29,Male,Married,High School,2,Salaried,9,21431,719,0,3,263463,120,Education,7.67,Urban,No,1.229,263463,2195.52,0
APP101301,49,Female,Married,High School,0,Salaried,7,50647,655,0,9,318822,120,Medical,9.57,Semiurban,No,0.629,318822,2656.85,0
APP101302,35,Male,Married,Bachelor,0,Business,15,140455,664,2,20,200006,24,Home,10.45,Semiurban,No,0.712,250006,8333.58,1
APP101303,28,Male,Married,Master,0,Business,23,75198,663,0,0,175112,60,Education,10.93,Rural,Yes,0.466,175112,2918.53,1
APP101304,44,Male,Married,High School,1,Salaried,4,29411,850,0,5,151102,60,Home,5.72,Semiurban,Yes,1.028,151102,2518.37,1
APP101305,27,Male,Married,Bachelor,1,Salaried,7,89011,734,0,11,44916,60,Auto,7.36,Urban,Yes,0.101,44916,748.6,1
APP101306,38,Male,Married,High School,0,Business,5,53701,567,0,14,35806,60,Auto,10.3,Semiurban,No,0.133,35806,596.77,1
APP101307,37,Male,Divorced,High School,0,Salaried,12,24814,660,4,1,57682,36,Home,11.29,Urban,Yes,0.775,157682,1602.28,0
APP101308,51,Male,Single,PhD,2,Salaried,15,131290,678,0,4,171259,60,Medical,7.67,Rural,Yes,0.261,171259,2854.32,1
APP101309,43,Female,Married,Master,0,Salaried,17,96747,591,1,5,134581,36,Home,11.0,Semiurban,Yes,0.464,159581,3738.36,1
APP101310,37,Male,Single,High School,4,Salaried,12,43651,537,0,4,272169,36,Education,11.0,Urban,No,2.078,272169,7560.25,0
APP101311,47,Male,Single,Bachelor,0,Salaried,23,88114,727,1,7,5000,120,Auto,6.12,Semiurban,No,0.006,30000,41.67,1
APP101312,54,Male,Married,High School,2,Salaried,4,62923,615,0,0,153258,12,Auto,11.42,Rural,Yes,2.436,153258,12771.5,0
APP101313,44,Male,Divorced,PhD,1,Self-Employed,2,111224,779,1,6,184671,60,Home,4.68,Rural,No,0.332,209671,3077.85,1
APP101314,38,Male,Married,High School,0,Salaried,16,76550,680,0,3,221814,36,Business,6.25,Urban,Yes,0.966,221814,6161.5,1
APP101315,22,Male,Single,High School,1,Salaried,8,69709,642,1,7,161465,36,Home,9.86,Urban,Yes,0.772,186465,4485.14,1
APP101316,25,Male,Single,Bachelor,1,Salaried,0,15000,486,1,4,179183,60,Medical,11.98,Rural,Yes,2.389,204183,2986.38,0
APP101317,34,Female,Married,Master,3,Self-Employed,6,53425,777,0,7,164082,12,Home,6.89,Rural,Yes,3.071,164082,13673.5,0
APP101318,30,Female,Single,High School,2,Salaried,9,15000,703,1,2,185180,36,Home,7.93,Rural,No,4.115,210180,5143.89,0
APP101319,35,Female,Single,Bachelor,0,Salaried,4,51882,644,0,12,148457,36,Auto,9.72,Rural,Yes,0.954,148457,4123.81,0
APP101320,38,Female,Married,High School,0,Salaried,1,20803,608,2,6,319294,60,Education,9.54,Semiurban,No,3.07,369294,5321.57,0
APP101321,44,Female,Single,Master,0,Salaried,6,51534,807,1,8,196227,24,Auto,6.76,Rural,No,1.904,221227,8176.12,0
APP101322,37,Male,Married,High School,0,Unemployed,0,15000,594,3,7,165791,24,Home,11.05,Urban,Yes,5.526,240791,6907.96,0
APP101323,43,Female,Married,Master,1,Self-Employed,11,25161,650,0,8,90950,60,Home,10.55,Rural,No,0.723,90950,1515.83,0
APP101324,38,Male,Single,Bachelor,4,Salaried,0,63243,725,0,8,122616,12,Business,8.76,Urban,Yes,1.939,122616,10218.0,0
APP101325,21,Female,Married,Bachelor,1,Self-Employed,8,75710,796,0,12,270809,36,Medical,5.97,Semiurban,No,1.192,270809,7522.47,0
APP101326,26,Female,Married,PhD,2,Salaried,11,92704,662,0,6,5000,120,Home,9.46,Semiurban,No,0.005,5000,41.67,1
APP101327,36,Male,Married,PhD,2,Salaried,7,101231,621,0,4,154543,24,Home,10.0,Rural,No,0.763,154543,6439.29,0
APP101328,23,Male,Married,Bachelor,2,Salaried,14,15000,671,0,8,148006,36,Home,9.0,Urban,No,3.289,148006,4111.28,0
APP101329,45,Male,Single,High School,0,Self-Employed,0,33399,752,2,4,190006,60,Medical,5.64,Rural,No,1.138,240006,3166.77,0
APP101330,56,Female,Married,Bachelor,2,Salaried,3,98575,770,1,7,171217,24,Auto,7.35,Semiurban,No,0.868,196217,7134.04,0
APP101331,52,Female,Married,Bachelor,3,Salaried,6,30078,569,1,2,271264,36,Personal,11.23,Semiurban,No,3.006,296264,7535.11,0
APP101332,35,Female,Single,Bachelor,0,Salaried,12,101665,689,2,13,157856,60,Auto,10.04,Rural,No,0.311,207856,2630.93,1
APP101333,55,Male,Single,Bachelor,0,Salaried,9,24829,565,0,4,144871,36,Medical,11.87,Semiurban,No,1.945,144871,4024.19,0
APP101334,39,Female,Single,High School,4,Self-Employed,20,18332,750,2,13,226143,24,Personal,7.15,Rural,No,6.168,276143,9422.62,0
APP101335,33,Male,Single,Bachelor,2,Business,3,54308,713,1,7,272626,24,Auto,7.64,Semiurban,No,2.51,297626,11359.42,0
APP101336,30,Female,Married,Bachelor,0,Self-Employed,0,105872,606,0,12,204947,24,Education,8.88,Semiurban,No,0.968,204947,8539.46,1
APP101337,34,Male,Single,High School,1,Self-Employed,18,38931,802,2,4,230923,240,Business,7.78,Rural,No,0.297,280923,962.18,1
APP101338,33,Male,Single,Bachelor,1,Unemployed,0,15000,706,1,0,132607,24,Home,6.81,Rural,No,4.42,157607,5525.29,0
APP101339,40,Male,Married,Bachelor,1,Salaried,12,61840,698,1,0,160032,60,Auto,6.17,Urban,No,0.518,185032,2667.2,0
APP101340,39,Female,Single,Bachelor,1,Salaried,2,58638,665,2,20,268858,36,Medical,9.6,Urban,No,1.528,318858,7468.28,0
APP101341,38,Female,Married,High School,0,Salaried,0,64297,679,2,5,192136,60,Personal,8.51,Semiurban,Yes,0.598,242136,3202.27,0
APP101342,43,Male,Married,Bachelor,2,Salaried,5,79287,649,2,13,130637,36,Medical,9.28,Rural,Yes,0.549,180637,3628.81,1
APP101343,52,Male,Single,High School,2,Salaried,13,21999,620,0,1,152604,60,Personal,9.79,Semiurban,Yes,1.387,152604,2543.4,0
APP101344,49,Female,Married,Bachelor,3,Salaried,0,53110,778,1,8,232972,120,Business,5.38,Semiurban,Yes,0.439,257972,1941.43,1
APP101345,21,Male,Married,Master,0,Salaried,11,134661,640,0,9,240098,36,Home,9.57,Urban,No,0.594,240098,6669.39,1
APP101346,21,Male,Married,Bachelor,2,Salaried,12,67989,637,2,22,82629,24,Education,8.94,Semiurban,No,0.608,132629,3442.88,1
APP101347,49,Male,Single,High School,0,Unemployed,0,15000,669,0,6,179007,240,Auto,8.16,Urban,Yes,0.597,179007,745.86,0
APP101348,21,Male,Married,Bachelor,1,Salaried,6,24074,793,1,4,149372,120,Home,7.56,Urban,No,0.62,174372,1244.77,1
APP101349,35,Female,Divorced,PhD,3,Salaried,17,131605,770,2,9,144757,36,Business,7.39,Urban,Yes,0.367,194757,4021.03,1
APP101350,23,Female,Married,High School,1,Self-Employed,11,65151,648,2,3,256424,120,Education,6.74,Urban,Yes,0.394,306424,2136.87,1
APP101351,21,Male,Single,Master,0,Salaried,6,48055,778,3,10,130996,60,Business,6.66,Rural,No,0.545,205996,2183.27,1
APP101352,44,Male,Married,Bachelor,0,Salaried,10,78690,688,0,7,103953,36,Home,9.31,Urban,Yes,0.44,103953,2887.58,1
APP101353,47,Female,Married,Master,1,Salaried,3,129980,612,0,4,84800,120,Personal,8.51,Semiurban,No,0.065,84800,706.67,1
APP101354,31,Male,Married,High School,2,Self-Employed,14,81015,641,3,10,136036,60,Home,8.32,Urban,No,0.336,211036,2267.27,1
APP101355,21,Female,Married,High School,4,Business,14,105112,789,1,8,91180,120,Education,7.22,Rural,No,0.087,116180,759.83,1
APP101356,31,Male,Married,Master,2,Self-Employed,8,115264,846,2,11,80817,36,Home,4.63,Semiurban,Yes,0.234,130817,2244.92,1
APP101357,42,Male,Married,High School,3,Salaried,9,38890,705,1,16,78802,60,Education,5.92,Urban,No,0.405,103802,1313.37,1
APP101358,21,Female,Married,High School,2,Salaried,2,34956,634,2,5,83556,36,Home,10.52,Urban,No,0.797,133556,2321.0,1
APP101359,40,Female,Married,Bachelor,3,Salaried,0,59565,670,1,5,89133,60,Auto,8.43,Urban,No,0.299,114133,1485.55,1
APP101360,37,Male,Single,High School,0,Unemployed,0,15000,619,2,1,181924,36,Medical,9.99,Semiurban,Yes,4.043,231924,5053.44,0
APP101361,44,Female,Married,Master,3,Self-Employed,7,79587,630,0,10,5000,36,Medical,9.35,Urban,No,0.021,5000,138.89,1
APP101362,39,Male,Divorced,Bachelor,1,Salaried,14,91877,622,3,4,93859,60,Business,10.68,Urban,Yes,0.204,168859,1564.32,1
APP101363,26,Male,Single,Master,3,Self-Employed,13,30846,673,0,9,141989,24,Auto,7.44,Urban,No,2.302,141989,5916.21,0
APP101364,52,Female,Married,Master,0,Salaried,9,27928,689,0,13,241889,120,Education,8.88,Urban,Yes,0.866,241889,2015.74,1
APP101365,36,Female,Single,High School,2,Unemployed,0,15000,668,1,4,130325,60,Home,9.96,Semiurban,No,1.738,155325,2172.08,0
APP101366,37,Female,Married,High School,2,Business,2,53807,662,1,5,137734,60,Business,7.41,Urban,Yes,0.512,162734,2295.57,1
APP101367,26,Male,Married,Master,4,Salaried,14,15416,740,1,13,142964,36,Auto,6.46,Rural,No,3.091,167964,3971.22,0
APP101368,32,Male,Single,Bachelor,2,Self-Employed,3,70159,661,0,11,5000,60,Home,10.42,Urban,Yes,0.014,5000,83.33,1
APP101369,27,Male,Married,PhD,1,Salaried,15,87835,666,2,11,202727,60,Education,9.76,Urban,Yes,0.462,252727,3378.78,1
APP101370,35,Male,Single,Bachelor,1,Salaried,7,49222,665,2,6,199393,120,Home,7.88,Urban,No,0.405,249393,1661.61,0
APP101371,58,Female,Married,High School,1,Self-Employed,0,64799,803,1,0,215159,120,Business,4.73,Urban,No,0.332,240159,1792.99,0
APP101372,21,Male,Married,Master,0,Salaried,12,34671,640,0,4,350467,36,Home,9.48,Rural,No,3.369,350467,9735.19,0
APP101373,21,Female,Single,High School,0,Salaried,12,42227,727,1,2,46118,60,Education,7.79,Urban,No,0.218,71118,768.63,1
APP101374,55,Male,Single,High School,0,Self-Employed,5,45969,620,2,10,30957,60,Auto,9.54,Urban,Yes,0.135,80957,515.95,1
APP101375,35,Male,Single,Bachelor,1,Self-Employed,5,73134,707,3,9,206469,60,Education,10.19,Semiurban,No,0.565,281469,3441.15,1
APP101376,29,Male,Married,Master,3,Salaried,7,21703,723,0,5,123000,120,Home,8.19,Urban,Yes,0.567,123000,1025.0,1
APP101377,50,Male,Married,Bachelor,3,Salaried,0,46933,766,0,5,71149,120,Auto,5.84,Semiurban,No,0.152,71149,592.91,1
APP101378,30,Male,Single,High School,0,Self-Employed,0,50815,649,0,10,127395,60,Home,10.08,Urban,No,0.501,127395,2123.25,1
APP101379,59,Female,Single,High School,0,Salaried,15,51470,590,1,6,100532,60,Business,10.26,Semiurban,No,0.391,125532,1675.53,1
APP101380,46,Male,Single,High School,0,Business,3,111467,617,0,5,287982,120,Home,8.98,Rural,Yes,0.258,287982,2399.85,1
APP101381,32,Female,Married,High School,0,Salaried,19,56104,757,1,17,330944,120,Auto,7.76,Rural,No,0.59,355944,2757.87,1
APP101382,63,Male,Married,High School,0,Salaried,16,50070,846,1,5,19155,36,Auto,6.56,Semiurban,No,0.128,44155,532.08,1
APP101383,30,Female,Single,Bachelor,1,Salaried,17,91786,746,0,11,31876,60,Home,7.3,Urban,Yes,0.069,31876,531.27,1
APP101384,46,Male,Married,Master,1,Salaried,4,68125,579,0,9,89250,120,Auto,9.44,Urban,No,0.131,89250,743.75,1
APP101385,41,Female,Single,High School,1,Self-Employed,0,83032,744,0,0,94837,24,Auto,7.23,Semiurban,No,0.571,94837,3951.54,0
APP101386,53,Male,Divorced,High School,1,Salaried,1,61587,604,0,4,87979,12,Home,8.96,Urban,No,1.429,87979,7331.58,0
APP101387,56,Female,Divorced,Master,0,Salaried,5,63508,652,2,12,134461,12,Education,9.19,Semiurban,No,2.117,184461,11205.08,0
APP101388,38,Female,Married,Bachelor,2,Business,0,162148,694,0,7,114253,24,Home,8.87,Semiurban,No,0.352,114253,4760.54,1
APP101389,28,Male,Divorced,PhD,2,Salaried,5,113877,708,1,0,41710,120,Home,5.86,Semiurban,Yes,0.037,66710,347.58,1
APP101390,43,Male,Married,High School,0,Salaried,6,80376,685,0,9,67855,24,Education,9.02,Urban,No,0.422,67855,2827.29,1
APP101391,29,Male,Married,High School,0,Salaried,0,47305,631,1,5,273707,60,Education,9.01,Semiurban,No,1.157,298707,4561.78,0
APP101392,62,Female,Married,Bachelor,0,Salaried,1,45951,764,1,10,121404,120,Home,6.16,Urban,Yes,0.264,146404,1011.7,1
APP101393,39,Male,Single,Bachelor,0,Salaried,6,40811,637,0,21,117309,120,Business,7.93,Urban,No,0.287,117309,977.58,1
APP101394,33,Male,Single,Bachelor,1,Salaried,10,51106,780,1,9,28365,36,Auto,5.33,Semiurban,No,0.185,53365,787.92,1
APP101395,40,Male,Single,Bachelor,0,Salaried,2,45717,571,0,11,112942,36,Education,12.34,Urban,No,0.823,112942,3137.28,0
APP101396,21,Male,Married,High School,1,Business,9,96373,697,1,6,226872,36,Auto,8.91,Semiurban,No,0.785,251872,6302.0,1
APP101397,26,Female,Single,Bachelor,0,Salaried,8,59275,581,1,2,197644,24,Personal,11.67,Urban,No,1.667,222644,8235.17,0
APP101398,52,Male,Single,Bachelor,2,Business,8,29474,613,1,13,214887,24,Business,8.88,Urban,No,3.645,239887,8953.62,0
APP101399,30,Female,Married,Bachelor,0,Self-Employed,4,78390,638,1,4,53712,24,Home,11.04,Semiurban,Yes,0.343,78712,2238.0,1
APP101400,25,Female,Single,Bachelor,1,Salaried,0,63137,801,0,6,52430,36,Home,5.91,Semiurban,Yes,0.277,52430,1456.39,1
APP101401,44,Male,Married,Bachelor,0,Salaried,18,48284,784,0,16,240674,24,Business,5.53,Rural,Yes,2.492,240674,10028.08,0
APP101402,52,Female,Divorced,High School,0,Salaried,11,46682,749,0,6,216101,36,Auto,5.94,Rural,No,1.543,216101,6002.81,0
APP101403,46,Male,Married,High School,3,Salaried,14,41228,682,0,14,129322,120,Home,7.31,Urban,No,0.314,129322,1077.68,1
APP101404,49,Male,Married,Bachelor,2,Unemployed,0,15000,695,0,9,218243,60,Home,7.35,Rural,No,2.91,218243,3637.38,0
APP101405,28,Male,Married,High School,0,Self-Employed,7,62474,781,1,5,53760,60,Auto,5.49,Urban,No,0.172,78760,896.0,1
APP101406,21,Female,Married,Bachelor,2,Business,10,103683,736,2,9,50442,120,Auto,8.18,Urban,No,0.049,100442,420.35,1
APP101407,56,Male,Single,Master,1,Business,0,53680,681,2,4,20603,12,Business,10.98,Semiurban,Yes,0.384,70603,1716.92,1
APP101408,34,Male,Married,High School,1,Salaried,1,79082,798,1,12,178917,60,Education,5.79,Urban,No,0.452,203917,2981.95,1
APP101409,34,Male,Single,High School,1,Salaried,3,15000,745,1,14,167337,24,Business,6.87,Semiurban,No,5.578,192337,6972.38,0
APP101410,53,Male,Single,PhD,3,Salaried,5,90851,699,0,8,108206,36,Auto,6.16,Urban,No,0.397,108206,3005.72,1
APP101411,44,Female,Married,High School,0,Business,2,34271,643,0,14,87568,36,Education,8.21,Urban,No,0.852,87568,2432.44,1
APP101412,43,Male,Single,High School,1,Business,9,73403,636,0,8,343163,24,Medical,7.66,Rural,No,2.338,343163,14298.46,0
APP101413,63,Female,Married,High School,0,Salaried,8,44422,653,1,12,129269,24,Home,9.75,Semiurban,No,1.455,154269,5386.21,0
APP101414,30,Male,Single,Bachelor,2,Salaried,16,55780,716,2,22,261045,240,Business,9.61,Urban,Yes,0.234,311045,1087.69,1
APP101415,49,Female,Single,High School,3,Salaried,22,68561,746,1,20,138292,60,Business,6.0,Semiurban,No,0.403,163292,2304.87,1
APP101416,38,Male,Single,Bachelor,2,Business,0,131568,564,0,7,109942,36,Business,10.52,Rural,No,0.279,109942,3053.94,1
APP101417,41,Male,Single,Bachelor,2,Unemployed,0,15000,524,3,9,263332,60,Home,11.27,Urban,No,3.511,338332,4388.87,0
APP101418,56,Male,Married,High School,4,Salaried,8,56072,603,0,2,213197,120,Auto,10.62,Semiurban,Yes,0.38,213197,1776.64,1
APP101419,44,Female,Married,High School,2,Salaried,7,69381,647,3,11,148071,24,Home,9.17,Semiurban,Yes,1.067,223071,6169.62,1
APP101420,44,Male,Married,Bachelor,2,Salaried,1,87533,775,2,9,240697,60,Auto,8.61,Semiurban,No,0.55,290697,4011.62,1
APP101421,50,Female,Married,Bachelor,4,Salaried,2,56594,657,0,4,351624,120,Personal,8.11,Rural,No,0.621,351624,2930.2,1
APP101422,33,Female,Single,High School,0,Business,9,21254,700,0,13,91411,60,Auto,8.9,Urban,No,0.86,91411,1523.52,1
APP101423,27,Male,Single,High School,1,Salaried,2,47681,713,3,6,187738,60,Medical,7.14,Semiurban,No,0.787,262738,3128.97,0
APP101424,25,Male,Single,Bachelor,2,Self-Employed,8,92058,598,1,5,117263,120,Business,8.44,Urban,No,0.127,142263,977.19,1
APP101425,21,Male,Married,Master,3,Salaried,6,52987,796,0,9,75236,60,Auto,7.51,Semiurban,No,0.284,75236,1253.93,1
APP101426,62,Male,Married,High School,3,Salaried,8,42394,626,1,5,73018,240,Personal,11.35,Rural,No,0.086,98018,304.24,1
APP101427,24,Female,Married,Bachelor,2,Salaried,2,57927,804,1,7,277386,36,Medical,6.33,Urban,No,1.596,302386,7705.17,0
APP101428,35,Female,Married,High School,3,Business,8,99427,669,0,16,5000,120,Auto,7.99,Urban,No,0.005,5000,41.67,1
APP101429,34,Female,Married,High School,1,Self-Employed,2,89330,652,0,4,190628,60,Auto,7.82,Rural,Yes,0.427,190628,3177.13,1
APP101430,41,Male,Married,High School,0,Salaried,8,62566,591,0,11,83980,36,Home,10.74,Rural,Yes,0.447,83980,2332.78,1
APP101431,47,Male,Divorced,Master,0,Salaried,16,75219,695,0,5,291799,120,Auto,5.97,Rural,Yes,0.388,291799,2431.66,1
APP101432,48,Male,Single,Bachelor,1,Salaried,9,88692,850,0,3,128153,240,Auto,5.87,Rural,Yes,0.072,128153,533.97,1
APP101433,31,Female,Married,Master,1,Salaried,9,99085,713,0,7,120879,12,Business,7.32,Semiurban,No,1.22,120879,10073.25,0
APP101434,35,Male,Married,Bachelor,1,Self-Employed,12,69753,701,0,21,275560,120,Home,7.54,Rural,No,0.395,275560,2296.33,1
APP101435,41,Female,Married,Master,1,Salaried,0,146002,626,0,11,220144,24,Medical,8.41,Rural,No,0.754,220144,9172.67,1
APP101436,35,Male,Single,High School,3,Salaried,18,29084,727,3,10,194338,24,Auto,6.02,Urban,No,3.341,269338,8097.42,0
APP101437,57,Male,Married,High School,1,Business,1,78852,692,1,5,214464,12,Auto,8.1,Rural,Yes,2.72,239464,17872.0,0
APP101438,43,Male,Married,PhD,3,Salaried,13,129582,674,0,6,63338,120,Home,8.72,Semiurban,No,0.049,63338,527.82,1
APP101439,46,Male,Married,Bachelor,3,Salaried,12,52812,719,1,0,209337,60,Personal,7.53,Urban,No,0.793,234337,3488.95,0
APP101440,45,Male,Single,Master,1,Salaried,2,96171,534,0,16,134075,12,Auto,12.41,Semiurban,No,1.394,134075,11172.92,0
APP101441,52,Female,Divorced,High School,1,Business,14,87819,671,2,9,178873,60,Medical,8.64,Semiurban,Yes,0.407,228873,2981.22,1
APP101442,40,Female,Married,High School,2,Self-Employed,10,55537,584,1,8,188764,24,Home,11.04,Rural,No,1.699,213764,7865.17,0
APP101443,22,Male,Married,Bachelor,2,Salaried,19,71812,682,1,9,61159,60,Home,6.89,Rural,Yes,0.17,86159,1019.32,1
APP101444,42,Male,Married,High School,0,Self-Employed,9,52614,622,3,18,197505,36,Education,9.12,Rural,No,1.251,272505,5486.25,0
APP101445,30,Male,Married,Bachelor,0,Salaried,7,79938,627,1,9,135091,12,Personal,10.94,Urban,No,1.69,160091,11257.58,0
APP101446,31,Female,Single,Bachelor,0,Business,4,81413,573,0,7,50806,120,Education,11.51,Semiurban,No,0.062,50806,423.38,1
APP101447,45,Male,Single,High School,0,Unemployed,0,15000,769,3,16,138274,60,Education,6.95,Urban,No,1.844,213274,2304.57,0
APP101448,52,Female,Married,High School,0,Self-Employed,6,50831,625,2,7,151602,60,Auto,9.12,Semiurban,Yes,0.596,201602,2526.7,1
APP101449,38,Male,Married,High School,0,Self-Employed,6,75257,630,3,0,197490,60,Home,8.46,Semiurban,Yes,0.525,272490,3291.5,0
APP101450,41,Male,Single,High School,1,Salaried,9,15000,802,0,0,5000,36,Auto,5.43,Semiurban,Yes,0.111,5000,138.89,1
APP101451,58,Female,Divorced,Bachelor,4,Self-Employed,0,44718,725,3,7,181050,60,Home,8.14,Urban,No,0.81,256050,3017.5,0
APP101452,40,Male,Married,High School,2,Business,6,122738,517,1,9,109051,12,Home,9.68,Semiurban,No,0.888,134051,9087.58,0
APP101453,69,Male,Married,High School,3,Salaried,11,46815,790,1,12,214789,36,Auto,8.0,Urban,Yes,1.529,239789,5966.36,0
APP101454,44,Male,Single,Master,2,Self-Employed,12,77725,811,0,3,149850,60,Home,7.02,Urban,No,0.386,149850,2497.5,1
APP101455,21,Male,Single,Bachelor,2,Business,0,119806,804,0,6,123329,60,Business,7.14,Rural,No,0.206,123329,2055.48,1
APP101456,47,Male,Married,High School,1,Salaried,12,28262,733,0,3,135799,120,Home,7.95,Semiurban,Yes,0.481,135799,1131.66,1
APP101457,42,Female,Divorced,Bachelor,0,Salaried,6,15000,591,0,13,176672,60,Auto,10.29,Semiurban,No,2.356,176672,2944.53,0
APP101458,53,Female,Married,Master,2,Self-Employed,6,107437,676,0,14,222632,120,Education,8.86,Rural,Yes,0.207,222632,1855.27,1
APP101459,46,Male,Divorced,High School,3,Business,0,43816,564,0,17,78711,60,Personal,10.35,Urban,No,0.359,78711,1311.85,1
APP101460,36,Female,Married,Bachelor,1,Business,16,93802,610,3,9,122507,60,Education,11.92,Semiurban,No,0.261,197507,2041.78,1
APP101461,23,Male,Married,Bachelor,0,Self-Employed,9,81882,591,1,17,267547,24,Home,10.04,Rural,No,1.634,292547,11147.79,0
APP101462,35,Male,Married,High School,2,Business,0,66730,629,1,4,121111,60,Auto,8.94,Urban,No,0.363,146111,2018.52,1
APP101463,27,Male,Married,Master,0,Self-Employed,10,26949,693,1,9,179379,60,Auto,7.87,Urban,No,1.331,204379,2989.65,0
APP101464,31,Male,Married,PhD,0,Salaried,10,97051,644,1,2,51264,36,Home,8.4,Urban,No,0.176,76264,1424.0,1
APP101465,45,Male,Single,PhD,2,Business,15,170676,640,0,10,12839,12,Home,10.01,Rural,No,0.075,12839,1069.92,1
APP101466,58,Female,Married,High School,1,Salaried,6,17498,656,1,9,66783,24,Auto,8.36,Semiurban,No,1.908,91783,2782.62,0
APP101467,42,Male,Single,High School,2,Salaried,8,15414,799,1,0,94808,24,Home,5.89,Semiurban,Yes,3.075,119808,3950.33,0
APP101468,23,Male,Married,PhD,3,Salaried,4,53239,850,0,13,233192,36,Home,6.34,Urban,No,1.46,233192,6477.56,0
APP101469,43,Male,Married,Bachelor,1,Salaried,11,78669,643,0,12,241962,24,Home,10.21,Urban,No,1.538,241962,10081.75,1
APP101470,52,Female,Single,High School,1,Salaried,3,15000,706,0,5,5000,120,Education,6.86,Semiurban,No,0.033,5000,41.67,1
APP101471,30,Female,Single,Bachelor,0,Salaried,2,80744,612,1,9,106700,120,Home,10.94,Rural,Yes,0.132,131700,889.17,1
APP101472,36,Male,Married,High School,0,Salaried,7,48860,741,0,0,205823,120,Home,5.76,Urban,No,0.421,205823,1715.19,0
APP101473,38,Male,Married,High School,2,Salaried,0,37493,641,1,4,141571,60,Education,7.68,Urban,Yes,0.755,166571,2359.52,0
APP101474,28,Male,Single,Master,1,Salaried,17,29879,623,0,16,270364,60,Business,9.21,Urban,No,1.81,270364,4506.07,0
APP101475,45,Male,Married,High School,0,Business,19,42092,840,1,2,203880,120,Home,5.49,Urban,No,0.484,228880,1699.0,1
APP101476,36,Male,Single,High School,0,Business,5,83524,571,3,8,128585,36,Auto,10.36,Semiurban,No,0.513,203585,3571.81,1
APP101477,43,Male,Single,High School,1,Business,0,95989,483,2,1,135706,12,Business,12.78,Semiurban,No,1.414,185706,11308.83,0
APP101478,27,Male,Single,Bachelor,1,Salaried,10,34215,738,1,9,145456,36,Business,6.86,Rural,No,1.417,170456,4040.44,0
APP101479,32,Male,Single,High School,2,Self-Employed,5,74379,650,0,10,82323,60,Home,6.94,Semiurban,No,0.221,82323,1372.05,1
APP101480,46,Male,Married,Bachelor,1,Salaried,15,77146,628,1,11,225137,60,Auto,9.25,Semiurban,Yes,0.584,250137,3752.28,1
APP101481,33,Female,Divorced,Bachelor,0,Salaried,3,59829,850,1,10,209394,24,Business,3.48,Semiurban,Yes,1.75,234394,8724.75,0
APP101482,58,Female,Married,Master,1,Self-Employed,11,64823,738,2,15,186341,60,Home,7.24,Rural,No,0.575,236341,3105.68,1
APP101483,33,Male,Married,High School,3,Self-Employed,8,38190,675,2,5,169405,60,Home,7.25,Semiurban,No,0.887,219405,2823.42,0
APP101484,40,Male,Single,Master,0,Business,3,205867,623,0,2,68544,24,Education,10.06,Semiurban,No,0.166,68544,2856.0,1
APP101485,49,Male,Married,High School,2,Self-Employed,9,54147,715,1,5,190335,60,Home,9.05,Semiurban,No,0.703,215335,3172.25,0
APP101486,21,Male,Single,Bachelor,1,Salaried,13,93246,541,0,1,160328,60,Auto,9.45,Rural,No,0.344,160328,2672.13,1
APP101487,21,Female,Married,Bachelor,2,Business,8,99058,638,0,8,310181,12,Education,7.2,Rural,No,3.131,310181,25848.42,0
APP101488,21,Male,Divorced,High School,0,Self-Employed,8,40893,677,1,7,46536,36,Business,8.16,Urban,No,0.379,71536,1292.67,1
APP101489,53,Female,Single,Bachelor,3,Business,2,111903,697,0,10,92136,36,Auto,9.19,Rural,No,0.274,92136,2559.33,1
APP101490,31,Female,Married,High School,1,Business,14,119643,668,1,0,23068,120,Medical,8.8,Semiurban,No,0.019,48068,192.23,1
APP101491,68,Male,Single,High School,2,Salaried,14,30727,624,2,7,132558,60,Home,9.09,Rural,No,0.863,182558,2209.3,0
APP101492,31,Male,Married,High School,0,Salaried,5,57992,753,1,14,10728,24,Business,5.86,Rural,No,0.092,35728,447.0,1
APP101493,40,Male,Single,Bachelor,2,Salaried,7,64762,547,3,10,244840,36,Education,11.78,Semiurban,No,1.26,319840,6801.11,0
APP101494,56,Male,Married,High School,2,Salaried,16,16633,657,1,0,237378,36,Medical,10.4,Semiurban,Yes,4.757,262378,6593.83,0
APP101495,62,Male,Single,High School,1,Salaried,1,16242,638,4,7,137229,36,Auto,7.37,Urban,Yes,2.816,237229,3811.92,0
APP101496,62,Male,Married,High School,1,Salaried,11,34090,760,1,4,68902,60,Auto,7.09,Urban,No,0.404,93902,1148.37,1
APP101497,52,Female,Married,Bachelor,2,Unemployed,0,15000,643,1,8,28071,36,Medical,11.68,Semiurban,No,0.624,53071,779.75,0
APP101498,50,Male,Single,Bachelor,0,Business,18,122938,715,0,6,93690,24,Medical,7.09,Urban,No,0.381,93690,3903.75,1
APP101499,45,Male,Married,High School,2,Self-Employed,8,17410,706,1,16,200029,24,Auto,7.69,Rural,No,5.745,225029,8334.54,0
APP101500,47,Male,Divorced,High School,0,Salaried,15,53422,533,1,8,87035,24,Medical,11.31,Urban,No,0.815,112035,3626.46,1
APP101501,31,Female,Married,Bachelor,0,Salaried,3,57040,674,1,9,302686,120,Business,8.11,Semiurban,No,0.531,327686,2522.38,1
APP101502,28,Male,Single,Master,2,Self-Employed,0,93729,540,1,7,269255,12,Auto,12.3,Semiurban,No,2.873,294255,22437.92,0
APP101503,37,Female,Single,Bachelor,0,Salaried,6,74715,708,2,10,150065,24,Personal,9.64,Semiurban,No,1.004,200065,6252.71,0
APP101504,35,Male,Married,Master,4,Business,9,202122,621,0,6,113050,240,Home,7.88,Semiurban,Yes,0.028,113050,471.04,1
APP101505,32,Male,Married,High School,3,Unemployed,0,15000,774,1,11,104464,12,Auto,5.59,Semiurban,No,6.964,129464,8705.33,0
APP101506,46,Male,Married,PhD,1,Salaried,12,41730,665,1,6,277870,12,Auto,9.95,Urban,No,6.659,302870,23155.83,0
APP101507,49,Male,Single,High School,2,Self-Employed,6,46471,618,0,14,97464,36,Personal,10.24,Rural,No,0.699,97464,2707.33,1
APP101508,39,Female,Married,PhD,3,Salaried,0,130085,775,4,10,224749,24,Home,6.94,Semiurban,No,0.864,324749,9364.54,1
APP101509,55,Male,Single,High School,0,Self-Employed,11,68985,610,2,7,151743,60,Education,10.5,Urban,Yes,0.44,201743,2529.05,1
APP101510,24,Female,Divorced,Bachelor,2,Salaried,2,76645,751,0,12,207084,36,Business,7.08,Semiurban,No,0.901,207084,5752.33,0
APP101511,35,Male,Married,High School,0,Salaried,5,33074,717,0,10,84368,24,Home,8.14,Semiurban,No,1.275,84368,3515.33,0
APP101512,29,Male,Single,High School,1,Self-Employed,17,21675,650,1,12,123366,240,Home,8.67,Urban,Yes,0.285,148366,514.02,1
APP101513,21,Male,Married,Master,1,Self-Employed,18,116590,573,0,8,148065,36,Home,10.31,Rural,No,0.423,148065,4112.92,1
APP101514,37,Male,Single,Bachelor,2,Self-Employed,4,35572,779,1,6,99490,60,Home,6.32,Urban,No,0.559,124490,1658.17,1
APP101515,36,Female,Married,PhD,0,Salaried,11,123720,720,0,8,249937,120,Medical,7.19,Semiurban,Yes,0.202,249937,2082.81,1
APP101516,56,Female,Married,Bachelor,0,Self-Employed,4,92798,618,2,5,88855,120,Personal,10.11,Urban,No,0.096,138855,740.46,1
APP101517,45,Male,Married,Bachelor,1,Business,6,72461,699,2,12,103837,36,Personal,8.32,Semiurban,No,0.478,153837,2884.36,1
APP101518,25,Male,Single,High School,1,Unemployed,0,15000,760,0,15,258696,240,Auto,4.93,Semiurban,Yes,0.862,258696,1077.9,1
APP101519,60,Male,Single,PhD,2,Business,0,155920,688,2,10,243194,60,Business,8.04,Semiurban,No,0.312,293194,4053.23,1
APP101520,52,Male,Married,Bachelor,2,Business,8,66944,699,3,15,277038,60,Medical,8.04,Urban,Yes,0.828,352038,4617.3,1
APP101521,44,Male,Married,Bachelor,0,Self-Employed,9,30549,762,1,13,5000,60,Medical,8.29,Semiurban,Yes,0.033,30000,83.33,1
APP101522,35,Male,Married,Bachelor,0,Self-Employed,3,70823,802,0,6,166057,36,Home,5.67,Semiurban,No,0.782,166057,4612.69,1
APP101523,26,Male,Single,Bachelor,1,Salaried,14,61625,670,2,12,157222,36,Home,8.7,Urban,No,0.85,207222,4367.28,1
APP101524,33,Male,Single,PhD,1,Salaried,5,150441,573,0,1,105061,60,Personal,10.46,Urban,Yes,0.14,105061,1751.02,1
APP101525,51,Male,Divorced,High School,0,Business,4,42472,575,1,8,175956,36,Business,11.82,Rural,No,1.381,200956,4887.67,0
APP101526,60,Male,Married,High School,0,Business,11,91048,624,0,2,124284,60,Medical,8.33,Semiurban,No,0.273,124284,2071.4,1
APP101527,56,Female,Married,High School,0,Self-Employed,0,26311,605,1,7,162959,36,Education,9.12,Urban,Yes,2.065,187959,4526.64,0
APP101528,32,Male,Married,Master,0,Salaried,13,34300,545,0,0,422150,60,Auto,10.25,Rural,No,2.462,422150,7035.83,0
APP101529,24,Female,Married,High School,1,Salaried,5,36734,827,1,13,175370,24,Business,5.47,Rural,No,2.387,200370,7307.08,0
APP101530,39,Male,Single,High School,2,Salaried,13,25534,722,0,6,178730,24,Auto,6.07,Urban,Yes,3.5,178730,7447.08,0
APP101531,21,Male,Single,High School,1,Salaried,15,18224,638,1,12,215697,60,Auto,10.71,Rural,Yes,2.367,240697,3594.95,0
APP101532,41,Male,Married,Bachelor,2,Salaried,11,108608,677,2,7,164451,36,Auto,8.88,Urban,No,0.505,214451,4568.08,1
APP101533,36,Male,Married,Bachelor,0,Unemployed,0,15000,537,0,0,62157,60,Home,11.85,Urban,No,0.829,62157,1035.95,0
APP101534,32,Female,Married,High School,1,Salaried,0,82447,772,1,5,18263,60,Education,8.66,Urban,No,0.044,43263,304.38,1
APP101535,21,Male,Married,PhD,1,Salaried,0,56210,524,0,5,147656,36,Education,11.18,Semiurban,Yes,0.876,147656,4101.56,0
APP101536,44,Female,Married,PhD,2,Salaried,14,27658,720,1,7,128471,12,Education,8.46,Semiurban,No,4.645,153471,10705.92,0
APP101537,31,Female,Single,High School,2,Unemployed,0,15000,532,1,15,5000,24,Home,11.94,Semiurban,No,0.167,30000,208.33,1
APP101538,23,Male,Divorced,Bachelor,2,Business,4,62750,646,1,16,280351,60,Personal,10.62,Urban,Yes,0.894,305351,4672.52,1
APP101539,21,Male,Married,Bachelor,2,Salaried,7,63471,779,0,6,158560,120,Business,7.11,Urban,No,0.25,158560,1321.33,1
APP101540,37,Female,Married,High School,0,Unemployed,0,15000,549,0,1,265154,36,Home,10.51,Semiurban,No,5.892,265154,7365.39,0
APP101541,59,Male,Married,High School,2,Salaried,12,41333,668,0,4,5000,24,Home,9.06,Semiurban,No,0.06,5000,208.33,1
APP101542,57,Female,Married,Bachelor,2,Salaried,10,25709,730,2,10,266678,12,Education,6.75,Urban,No,10.373,316678,22223.17,0
APP101543,32,Male,Single,Bachelor,4,Self-Employed,11,69782,717,1,7,111183,24,Auto,7.19,Rural,No,0.797,136183,4632.62,1
APP101544,30,Male,Married,High School,2,Salaried,9,33706,685,4,0,250732,240,Auto,8.29,Semiurban,Yes,0.372,350732,1044.72,0
APP101545,43,Male,Married,Master,2,Self-Employed,9,102580,719,2,5,167189,24,Medical,7.43,Urban,No,0.815,217189,6966.21,0
APP101546,26,Male,Married,Bachelor,1,Unemployed,0,15000,631,2,14,186260,12,Auto,8.49,Semiurban,Yes,12.417,236260,15521.67,0
APP101547,41,Female,Married,Bachelor,3,Business,7,99040,834,1,9,186361,60,Education,3.05,Urban,No,0.376,211361,3106.02,1
APP101548,47,Male,Single,High School,4,Salaried,12,49893,551,0,8,115988,60,Education,11.28,Semiurban,No,0.465,115988,1933.13,1
APP101549,52,Female,Single,Bachelor,2,Salaried,10,57274,772,3,6,98278,60,Home,6.93,Semiurban,No,0.343,173278,1637.97,1
APP101550,36,Male,Single,High School,1,Salaried,2,34381,695,0,5,121107,36,Auto,8.46,Urban,No,1.174,121107,3364.08,0
APP101551,35,Male,Single,Bachelor,0,Salaried,11,71752,729,1,10,32247,60,Personal,9.33,Semiurban,No,0.09,57247,537.45,1
APP101552,27,Male,Divorced,Master,2,Salaried,9,74377,743,2,8,111543,60,Auto,5.6,Semiurban,No,0.3,161543,1859.05,1
APP101553,28,Male,Married,Master,2,Salaried,11,75617,724,1,11,94256,36,Business,9.07,Semiurban,No,0.415,119256,2618.22,1
APP101554,35,Male,Married,High School,2,Self-Employed,7,58752,615,0,10,30327,24,Medical,12.19,Urban,No,0.258,30327,1263.62,1
APP101555,42,Male,Married,Bachelor,0,Business,12,51254,657,0,8,186693,120,Home,10.62,Urban,No,0.364,186693,1555.78,1
APP101556,48,Female,Single,PhD,2,Salaried,7,153184,563,4,9,150617,24,Business,10.39,Urban,Yes,0.492,250617,6275.71,1
APP101557,28,Male,Divorced,Bachelor,0,Salaried,12,53766,656,4,5,169683,60,Business,9.33,Semiurban,No,0.631,269683,2828.05,0
APP101558,55,Male,Married,High School,2,Salaried,5,44173,705,1,7,205796,60,Auto,7.13,Rural,No,0.932,230796,3429.93,0
APP101559,34,Female,Single,Bachelor,0,Salaried,5,58887,728,2,14,130971,60,Education,6.76,Urban,Yes,0.445,180971,2182.85,1
APP101560,37,Female,Married,High School,2,Salaried,11,53423,711,0,8,74902,60,Home,9.5,Urban,No,0.28,74902,1248.37,1
APP101561,29,Male,Married,Master,0,Salaried,6,89023,539,0,6,174315,60,Auto,11.92,Urban,No,0.392,174315,2905.25,1
APP101562,21,Male,Married,Bachelor,0,Self-Employed,21,70502,635,0,9,5000,120,Business,10.06,Semiurban,No,0.007,5000,41.67,1
APP101563,48,Female,Single,High School,1,Business,11,101029,627,0,2,141352,36,Education,8.34,Rural,No,0.466,141352,3926.44,1
APP101564,46,Male,Married,High School,0,Salaried,8,15000,575,0,9,211213,60,Home,9.03,Rural,No,2.816,211213,3520.22,0
APP101565,34,Male,Single,High School,2,Self-Employed,12,76496,613,0,16,233754,60,Personal,10.79,Urban,No,0.611,233754,3895.9,1
APP101566,38,Male,Single,Master,3,Salaried,5,107907,680,1,3,107644,60,Personal,8.82,Rural,No,0.2,132644,1794.07,1
APP101567,44,Female,Married,High School,4,Business,13,15000,793,0,9,5000,120,Home,5.84,Urban,No,0.033,5000,41.67,1
APP101568,21,Male,Married,Bachelor,0,Salaried,13,83232,603,0,7,5000,60,Medical,11.68,Rural,No,0.012,5000,83.33,1
APP101569,31,Female,Married,PhD,2,Salaried,15,138338,589,2,7,201044,36,Home,10.81,Rural,No,0.484,251044,5584.56,1
APP101570,47,Male,Married,High School,1,Salaried,5,51830,632,0,7,121681,120,Education,8.51,Urban,No,0.235,121681,1014.01,0
APP101571,22,Female,Married,Bachelor,3,Salaried,0,21022,706,0,11,311383,36,Business,5.94,Urban,No,4.937,311383,8649.53,0
APP101572,41,Male,Married,Bachelor,2,Self-Employed,4,92479,777,0,2,37111,60,Auto,7.06,Urban,Yes,0.08,37111,618.52,1
APP101573,21,Male,Married,Bachelor,0,Unemployed,0,15000,673,2,11,177386,60,Education,8.07,Semiurban,Yes,2.365,227386,2956.43,0
APP101574,43,Female,Married,High School,1,Business,18,47979,564,1,8,282988,36,Auto,10.58,Urban,Yes,1.966,307988,7860.78,0
APP101575,37,Male,Divorced,High School,0,Salaried,21,49719,581,1,0,166516,60,Business,10.16,Semiurban,No,0.67,191516,2775.27,0
APP101576,21,Male,Divorced,Bachelor,2,Self-Employed,10,61403,695,0,9,22645,12,Auto,9.53,Semiurban,Yes,0.369,22645,1887.08,1
APP101577,51,Male,Single,Master,1,Self-Employed,8,128129,759,1,8,371808,120,Education,7.66,Urban,No,0.29,396808,3098.4,1
APP101578,29,Male,Married,High School,2,Business,5,54770,825,0,3,276446,60,Medical,5.4,Semiurban,No,1.009,276446,4607.43,0
APP101579,28,Male,Married,High School,1,Self-Employed,12,38217,585,0,8,131820,36,Business,10.18,Rural,No,1.15,131820,3661.67,0
APP101580,40,Female,Married,High School,4,Self-Employed,21,49574,691,1,1,215516,24,Education,8.47,Urban,Yes,2.174,240516,8979.83,0
APP101581,51,Male,Married,Master,3,Self-Employed,18,41275,597,2,4,216372,36,Auto,11.38,Semiurban,No,1.747,266372,6010.33,0
APP101582,25,Male,Single,High School,1,Self-Employed,14,47489,608,0,8,201341,120,Home,9.92,Semiurban,No,0.424,201341,1677.84,1
APP101583,38,Male,Married,Master,2,Salaried,14,89768,601,2,0,39460,12,Home,9.41,Semiurban,No,0.44,89460,3288.33,1
APP101584,43,Female,Married,High School,2,Salaried,12,57224,653,0,2,175932,36,Personal,7.74,Urban,No,1.025,175932,4887.0,0
APP101585,46,Female,Single,PhD,3,Self-Employed,7,127149,609,0,2,266857,36,Home,9.73,Urban,No,0.7,266857,7412.69,0
APP101586,40,Male,Married,Bachelor,0,Business,3,36277,850,0,8,190362,120,Home,3.8,Semiurban,Yes,0.525,190362,1586.35,1
APP101587,33,Male,Divorced,Bachelor,0,Salaried,7,93806,643,3,10,181772,36,Education,9.48,Rural,No,0.646,256772,5049.22,1
APP101588,28,Female,Married,High School,0,Unemployed,0,15000,759,0,3,107054,60,Medical,7.27,Rural,Yes,1.427,107054,1784.23,0
APP101589,39,Male,Married,Master,1,Salaried,0,81658,627,1,3,77681,36,Medical,10.65,Semiurban,No,0.317,102681,2157.81,1
APP101590,25,Female,Married,High School,0,Salaried,7,28841,850,0,8,24198,36,Medical,4.79,Urban,No,0.28,24198,672.17,1
APP101591,21,Female,Married,High School,1,Salaried,3,32696,707,1,8,210597,36,Personal,8.89,Urban,No,2.147,235597,5849.92,0
APP101592,43,Female,Married,High School,2,Unemployed,0,15000,746,0,4,132329,60,Home,8.69,Rural,No,1.764,132329,2205.48,0
APP101593,48,Male,Married,Master,1,Salaried,4,87056,632,0,17,42689,240,Auto,9.43,Urban,No,0.025,42689,177.87,1
APP101594,21,Female,Married,Master,2,Salaried,9,68104,758,2,8,228112,24,Personal,9.08,Semiurban,Yes,1.675,278112,9504.67,0
APP101595,25,Female,Married,Bachelor,0,Salaried,3,38540,706,2,7,103047,60,Auto,9.32,Urban,No,0.535,153047,1717.45,1
APP101596,45,Male,Married,Bachelor,3,Salaried,17,85575,649,0,6,81370,36,Medical,8.54,Rural,No,0.317,81370,2260.28,1
APP101597,62,Male,Single,High School,3,Business,0,69753,593,1,13,110300,60,Home,13.08,Urban,No,0.316,135300,1838.33,1
APP101598,38,Male,Married,Master,1,Salaried,10,43797,660,0,10,134552,60,Education,8.73,Semiurban,No,0.614,134552,2242.53,1
APP101599,29,Male,Married,Master,3,Business,0,131201,654,2,0,186641,36,Personal,10.32,Semiurban,No,0.474,236641,5184.47,1
APP101600,35,Male,Married,Bachelor,0,Unemployed,0,15000,749,1,4,79974,36,Home,7.65,Urban,No,1.777,104974,2221.5,0
APP101601,54,Male,Single,Bachelor,2,Salaried,9,42048,661,0,5,230829,120,Personal,9.08,Urban,No,0.549,230829,1923.58,1
APP101602,30,Male,Single,PhD,0,Business,9,215702,526,2,7,188738,12,Home,12.79,Rural,No,0.875,238738,15728.17,1
APP101603,28,Male,Single,Master,1,Salaried,9,82383,731,0,11,108826,120,Home,7.53,Semiurban,No,0.132,108826,906.88,1
APP101604,32,Male,Single,Bachelor,0,Salaried,8,54584,783,0,2,137216,36,Auto,6.26,Semiurban,Yes,0.838,137216,3811.56,0
APP101605,26,Female,Married,High School,1,Self-Employed,4,48646,546,1,7,116189,36,Home,11.03,Rural,No,0.796,141189,3227.47,0
APP101606,39,Female,Single,Bachelor,0,Self-Employed,7,85317,824,0,16,155269,24,Home,4.38,Urban,No,0.91,155269,6469.54,1
APP101607,57,Male,Married,Bachelor,1,Salaried,8,58195,791,0,8,271589,120,Home,7.25,Rural,Yes,0.467,271589,2263.24,1
APP101608,41,Male,Single,High School,1,Salaried,9,40590,629,0,4,115365,60,Auto,8.76,Semiurban,No,0.568,115365,1922.75,0
APP101609,34,Male,Single,High School,3,Unemployed,0,15000,590,2,1,165157,60,Auto,10.41,Semiurban,No,2.202,215157,2752.62,0
APP101610,34,Female,Married,Bachelor,1,Self-Employed,12,29447,764,0,5,94113,36,Personal,6.74,Urban,No,1.065,94113,2614.25,0
APP101611,21,Female,Single,Bachelor,0,Salaried,8,28711,570,0,2,192556,36,Medical,11.21,Rural,Yes,2.236,192556,5348.78,0
APP101612,48,Female,Married,Bachelor,0,Salaried,9,79424,626,0,6,172112,120,Business,9.47,Urban,Yes,0.217,172112,1434.27,1
APP101613,37,Male,Single,High School,2,Salaried,5,84277,574,0,10,256369,240,Business,10.25,Semiurban,No,0.152,256369,1068.2,1
APP101614,35,Female,Married,Master,1,Salaried,1,106486,680,1,8,83664,60,Home,8.81,Semiurban,Yes,0.157,108664,1394.4,1
APP101615,70,Male,Married,Bachelor,1,Salaried,8,106605,797,0,5,205246,60,Education,6.39,Semiurban,No,0.385,205246,3420.77,1
APP101616,41,Male,Married,High School,1,Salaried,15,34398,709,2,0,251126,60,Home,6.76,Urban,Yes,1.46,301126,4185.43,0
APP101617,28,Male,Single,High School,0,Salaried,10,30851,761,1,12,114990,60,Auto,6.67,Rural,Yes,0.745,139990,1916.5,1
APP101618,32,Female,Married,Master,0,Business,3,139255,651,0,6,139843,60,Auto,10.25,Urban,No,0.201,139843,2330.72,1
APP101619,51,Male,Married,Master,1,Salaried,12,108993,687,0,8,165259,240,Business,10.72,Urban,No,0.076,165259,688.58,1
APP101620,39,Female,Divorced,High School,0,Self-Employed,5,22857,581,1,3,131073,60,Medical,8.67,Urban,No,1.147,156073,2184.55,0
APP101621,21,Female,Married,PhD,0,Salaried,12,87471,672,1,5,164185,60,Auto,9.39,Semiurban,Yes,0.375,189185,2736.42,1
APP101622,49,Male,Single,High School,0,Salaried,5,41527,620,2,5,203874,24,Home,9.71,Rural,No,2.455,253874,8494.75,0
APP101623,29,Male,Divorced,PhD,0,Salaried,10,68845,667,3,1,140881,240,Home,8.07,Rural,No,0.102,215881,587.0,1
APP101624,60,Female,Single,High School,0,Self-Employed,4,38593,661,1,3,140256,60,Medical,8.35,Semiurban,Yes,0.727,165256,2337.6,0
APP101625,50,Male,Single,High School,4,Salaried,5,56753,654,4,7,171332,120,Auto,7.98,Semiurban,No,0.302,271332,1427.77,0
APP101626,32,Male,Married,Bachelor,1,Salaried,0,71742,848,1,9,118066,60,Home,3.68,Semiurban,Yes,0.329,143066,1967.77,1
APP101627,53,Male,Single,High School,2,Salaried,11,55972,821,0,4,122022,12,Home,5.97,Semiurban,No,2.18,122022,10168.5,0
APP101628,38,Male,Single,Bachelor,0,Salaried,10,68421,793,1,1,78091,60,Education,7.92,Rural,Yes,0.228,103091,1301.52,1
APP101629,48,Male,Single,Master,0,Salaried,10,49619,823,0,6,146628,120,Home,5.89,Urban,No,0.296,146628,1221.9,1
APP101630,43,Male,Married,Master,2,Self-Employed,9,110101,793,0,11,185819,12,Auto,6.31,Urban,No,1.688,185819,15484.92,0
APP101631,27,Male,Married,Bachelor,1,Salaried,3,36197,678,1,3,128469,120,Education,7.82,Urban,Yes,0.355,153469,1070.58,1
APP101632,30,Male,Married,Bachelor,0,Self-Employed,13,62647,670,0,8,88119,60,Home,7.67,Urban,No,0.281,88119,1468.65,1
APP101633,50,Female,Single,High School,1,Unemployed,0,15000,698,0,4,142302,12,Home,8.06,Rural,No,9.487,142302,11858.5,0
APP101634,33,Female,Married,High School,1,Salaried,3,31309,663,0,13,181767,36,Home,7.71,Semiurban,No,1.935,181767,5049.08,0
APP101635,33,Female,Divorced,Bachelor,2,Business,11,93392,596,0,5,160237,12,Education,11.2,Urban,No,1.716,160237,13353.08,0
APP101636,26,Male,Married,High School,0,Business,13,50990,703,0,11,328363,12,Home,7.36,Urban,Yes,6.44,328363,27363.58,0
APP101637,43,Female,Single,Bachelor,1,Unemployed,0,15000,554,2,13,97486,120,Medical,10.08,Rural,No,0.65,147486,812.38,0
APP101638,62,Male,Divorced,Bachelor,2,Salaried,6,88444,691,0,15,137974,60,Education,10.43,Semiurban,No,0.312,137974,2299.57,1
APP101639,25,Male,Married,High School,4,Business,11,59860,600,2,1,212343,36,Education,11.3,Urban,Yes,1.182,262343,5898.42,0
APP101640,38,Female,Single,Bachelor,2,Unemployed,0,15000,673,2,1,94425,24,Education,7.34,Urban,Yes,3.148,144425,3934.38,0
APP101641,54,Female,Single,High School,0,Salaried,1,23058,695,2,13,304257,12,Home,7.22,Urban,No,13.195,354257,25354.75,0
APP101642,37,Female,Single,Bachelor,2,Salaried,2,15000,651,0,13,150369,120,Personal,8.79,Semiurban,No,1.002,150369,1253.08,1
APP101643,43,Female,Married,Master,2,Unemployed,0,15000,548,1,4,194891,60,Personal,10.88,Semiurban,No,2.599,219891,3248.18,0
APP101644,25,Male,Single,Bachelor,2,Self-Employed,14,30653,584,0,0,151521,24,Auto,9.86,Urban,Yes,2.472,151521,6313.38,0
APP101645,43,Male,Married,High School,2,Salaried,0,54460,716,1,8,231491,60,Business,9.02,Urban,No,0.85,256491,3858.18,0
APP101646,35,Female,Single,Bachelor,3,Business,10,91105,635,0,0,64972,240,Home,9.51,Urban,No,0.036,64972,270.72,1
APP101647,49,Male,Divorced,High School,0,Salaried,12,69271,724,1,3,275747,60,Business,7.48,Semiurban,No,0.796,300747,4595.78,0
APP101648,52,Male,Single,Bachelor,0,Salaried,6,65576,680,2,8,168537,36,Home,7.79,Rural,No,0.857,218537,4681.58,0
APP101649,69,Female,Divorced,Bachelor,2,Salaried,3,41833,664,1,9,202676,120,Home,7.67,Rural,No,0.484,227676,1688.97,1
APP101650,44,Female,Divorced,Bachelor,0,Self-Employed,9,15599,707,1,15,90929,60,Education,7.24,Semiurban,No,1.166,115929,1515.48,0
APP101651,41,Male,Single,Master,0,Business,8,156319,626,0,6,176979,12,Auto,8.6,Rural,No,1.132,176979,14748.25,0
APP101652,40,Female,Married,Bachelor,1,Salaried,14,27526,712,1,3,72560,120,Home,6.5,Urban,No,0.264,97560,604.67,1
APP101653,33,Female,Single,High School,2,Business,0,52286,646,1,12,244051,120,Education,10.16,Urban,Yes,0.467,269051,2033.76,1
APP101654,42,Female,Divorced,High School,0,Salaried,2,71296,850,0,9,46815,60,Home,5.93,Urban,No,0.131,46815,780.25,1
APP101655,34,Male,Married,Master,2,Self-Employed,11,117428,589,0,6,162333,60,Auto,9.85,Urban,No,0.276,162333,2705.55,1
APP101656,40,Male,Single,High School,0,Salaried,8,48822,651,0,8,118925,24,Home,10.3,Rural,Yes,1.218,118925,4955.21,0
APP101657,53,Male,Single,Bachelor,0,Salaried,12,83608,654,0,6,24989,120,Medical,9.51,Rural,No,0.03,24989,208.24,1
APP101658,25,Male,Married,Bachelor,1,Business,9,124014,571,1,11,75171,36,Auto,9.5,Urban,No,0.202,100171,2088.08,1
APP101659,51,Male,Divorced,Bachelor,0,Salaried,7,99523,738,1,16,185967,60,Medical,5.78,Semiurban,No,0.374,210967,3099.45,1
APP101660,53,Male,Married,Master,2,Business,6,87643,645,0,4,78275,24,Auto,9.41,Urban,No,0.447,78275,3261.46,1
APP101661,36,Male,Married,Bachelor,3,Salaried,21,50582,489,0,10,96466,24,Home,12.7,Semiurban,No,0.954,96466,4019.42,1
APP101662,21,Female,Married,Bachelor,2,Salaried,17,36940,735,1,0,179867,240,Education,6.01,Urban,Yes,0.243,204867,749.45,1
APP101663,30,Male,Single,Master,0,Salaried,10,76937,629,2,2,223187,36,Education,8.89,Urban,No,0.967,273187,6199.64,0
APP101664,53,Female,Divorced,Bachelor,1,Self-Employed,8,68033,671,0,10,202862,120,Education,9.43,Rural,Yes,0.298,202862,1690.52,1
APP101665,37,Female,Single,Bachelor,0,Salaried,11,16126,734,1,7,146273,120,Auto,8.89,Rural,No,0.907,171273,1218.94,0
APP101666,26,Male,Divorced,Bachelor,0,Self-Employed,12,52382,650,2,2,167411,240,Auto,9.08,Urban,No,0.16,217411,697.55,1
APP101667,31,Female,Married,Bachelor,1,Self-Employed,10,115173,650,0,8,159499,240,Home,9.06,Urban,Yes,0.069,159499,664.58,1
APP101668,48,Male,Single,Master,2,Salaried,3,85936,850,0,12,67091,36,Personal,4.55,Urban,No,0.26,67091,1863.64,1
APP101669,44,Male,Married,High School,0,Salaried,18,54519,507,3,0,172355,240,Business,13.35,Semiurban,No,0.158,247355,718.15,1
APP101670,35,Female,Divorced,High School,0,Salaried,9,39890,577,0,16,66379,36,Business,11.02,Urban,No,0.555,66379,1843.86,1
APP101671,33,Male,Divorced,PhD,3,Unemployed,0,15000,592,1,10,199142,60,Home,9.32,Semiurban,No,2.655,224142,3319.03,0
APP101672,33,Female,Single,Bachelor,1,Salaried,9,56784,823,1,10,160810,120,Business,6.32,Rural,No,0.283,185810,1340.08,1
APP101673,26,Male,Single,High School,3,Salaried,6,60229,628,0,7,5000,120,Business,8.74,Urban,No,0.008,5000,41.67,1
APP101674,57,Female,Married,Bachelor,4,Salaried,16,30357,699,0,16,228329,60,Auto,7.07,Urban,No,1.504,228329,3805.48,0
APP101675,34,Male,Married,PhD,1,Self-Employed,9,151057,642,1,12,108237,36,Home,8.71,Rural,No,0.239,133237,3006.58,1
APP101676,52,Female,Married,Master,0,Self-Employed,8,27228,728,1,6,101615,60,Business,6.58,Semiurban,No,0.746,126615,1693.58,0
APP101677,56,Male,Single,Bachelor,2,Unemployed,0,15000,678,0,11,226472,36,Education,7.54,Semiurban,Yes,5.033,226472,6290.89,0
APP101678,49,Female,Divorced,High School,0,Business,11,77293,700,1,4,136939,60,Education,6.6,Urban,No,0.354,161939,2282.32,1
APP101679,32,Female,Married,Master,0,Salaried,5,67856,782,1,6,197792,120,Home,5.66,Rural,No,0.291,222792,1648.27,1
APP101680,42,Male,Married,Bachelor,2,Salaried,5,121811,715,0,15,97731,120,Home,7.17,Urban,Yes,0.08,97731,814.42,1
APP101681,37,Male,Married,Master,1,Self-Employed,5,74365,621,1,9,214293,36,Education,8.23,Urban,No,0.961,239293,5952.58,0
APP101682,27,Male,Married,High School,0,Unemployed,0,15000,704,0,11,165776,60,Education,8.46,Semiurban,No,2.21,165776,2762.93,0
APP101683,41,Female,Divorced,High School,2,Salaried,0,45578,850,1,13,182393,12,Education,3.23,Rural,Yes,4.002,207393,15199.42,0
APP101684,23,Male,Married,Bachelor,2,Salaried,6,41125,725,1,10,135718,60,Business,7.12,Rural,No,0.66,160718,2261.97,1
APP101685,52,Female,Married,High School,0,Business,13,25164,692,1,3,280381,24,Medical,8.82,Semiurban,No,5.571,305381,11682.54,0
APP101686,32,Female,Divorced,Bachelor,0,Salaried,0,32558,570,0,16,299635,120,Home,11.73,Rural,No,0.92,299635,2496.96,0
APP101687,40,Male,Married,PhD,0,Salaried,9,126319,737,1,10,5000,36,Home,6.69,Semiurban,No,0.013,30000,138.89,1
APP101688,41,Male,Married,Bachelor,1,Unemployed,0,15000,749,1,10,224108,24,Home,8.03,Urban,No,7.47,249108,9337.83,0
APP101689,34,Male,Single,Master,2,Business,5,199973,705,1,8,63620,60,Home,7.53,Urban,No,0.064,88620,1060.33,1
APP101690,45,Female,Single,Bachelor,2,Salaried,17,48969,689,2,13,190774,24,Personal,10.48,Urban,Yes,1.948,240774,7948.92,0
APP101691,32,Male,Single,Master,2,Salaried,0,101091,850,4,17,7785,36,Home,3.54,Semiurban,No,0.026,107785,216.25,1
APP101692,48,Male,Single,Master,0,Salaried,12,94602,748,1,6,182259,60,Medical,6.03,Urban,Yes,0.385,207259,3037.65,1
APP101693,21,Female,Single,Bachelor,0,Unemployed,0,15000,779,0,13,83100,36,Home,6.58,Urban,No,1.847,83100,2308.33,0
APP101694,39,Male,Single,Bachelor,0,Unemployed,0,15000,685,2,8,113294,24,Auto,7.04,Semiurban,Yes,3.776,163294,4720.58,0
APP101695,61,Female,Married,Bachelor,0,Business,1,25057,669,0,0,115432,36,Home,7.91,Urban,No,1.536,115432,3206.44,0
APP101696,25,Male,Married,Bachelor,0,Salaried,12,73828,730,1,0,91235,24,Home,7.85,Semiurban,No,0.618,116235,3801.46,0
APP101697,29,Male,Single,High School,1,Salaried,6,62969,669,1,10,93407,60,Home,8.81,Urban,No,0.297,118407,1556.78,1
APP101698,44,Female,Single,Master,0,Self-Employed,6,31592,675,4,13,118158,24,Auto,8.46,Semiurban,Yes,1.87,218158,4923.25,0
APP101699,40,Male,Married,PhD,2,Salaried,8,81182,717,4,11,137685,36,Education,7.64,Rural,No,0.565,237685,3824.58,1
APP101700,42,Male,Married,Bachelor,2,Self-Employed,6,51992,638,2,11,175850,60,Home,6.78,Rural,No,0.676,225850,2930.83,1
APP101701,43,Female,Married,Bachelor,1,Self-Employed,0,88541,697,1,20,298856,120,Personal,8.21,Urban,No,0.338,323856,2490.47,1
APP101702,45,Male,Married,Bachelor,0,Salaried,5,51783,686,1,10,74249,12,Education,7.64,Semiurban,No,1.434,99249,6187.42,0
APP101703,51,Female,Married,Bachelor,3,Unemployed,0,15000,757,0,6,160136,120,Medical,6.49,Urban,No,1.068,160136,1334.47,0
APP101704,42,Female,Married,Bachelor,4,Salaried,0,50390,631,2,7,211812,24,Home,7.79,Urban,Yes,2.102,261812,8825.5,0
APP101705,35,Male,Married,Master,0,Self-Employed,1,45381,520,1,16,93288,120,Home,12.27,Semiurban,No,0.206,118288,777.4,1
APP101706,46,Male,Divorced,Bachelor,2,Salaried,5,48279,655,2,1,5000,12,Medical,9.45,Semiurban,No,0.104,55000,416.67,0
APP101707,60,Female,Married,High School,2,Self-Employed,3,42869,711,0,14,5000,240,Education,6.62,Urban,Yes,0.006,5000,20.83,1
APP101708,36,Male,Married,Master,1,Self-Employed,7,114117,757,0,8,5000,120,Personal,7.04,Urban,No,0.004,5000,41.67,1
APP101709,26,Male,Married,Bachelor,0,Salaried,1,50662,624,1,3,273209,12,Home,11.17,Urban,No,5.393,298209,22767.42,0
APP101710,51,Female,Single,Master,1,Salaried,5,92303,723,0,0,199132,24,Home,7.68,Urban,Yes,1.079,199132,8297.17,0
APP101711,36,Male,Married,High School,1,Salaried,7,28166,770,0,15,210478,60,Personal,4.59,Urban,No,1.495,210478,3507.97,0
APP101712,21,Female,Divorced,High School,1,Salaried,11,36843,740,0,3,228512,60,Business,6.63,Rural,No,1.24,228512,3808.53,0
APP101713,48,Male,Married,PhD,3,Self-Employed,15,77518,616,3,8,103962,60,Medical,9.81,Urban,No,0.268,178962,1732.7,1
APP101714,31,Male,Divorced,High School,2,Salaried,6,27183,625,2,3,334243,36,Home,11.62,Urban,Yes,4.099,384243,9284.53,0
APP101715,36,Male,Married,Master,0,Salaried,19,119432,714,1,17,176837,60,Home,6.51,Urban,No,0.296,201837,2947.28,1
APP101716,41,Female,Divorced,Master,1,Salaried,6,54758,810,0,8,144178,36,Auto,5.65,Semiurban,Yes,0.878,144178,4004.94,1
APP101717,40,Female,Married,Bachelor,2,Self-Employed,12,61571,681,0,1,238800,24,Personal,7.31,Semiurban,No,1.939,238800,9950.0,0
APP101718,46,Female,Single,High School,0,Self-Employed,19,72336,666,0,5,203383,12,Personal,9.56,Urban,No,2.812,203383,16948.58,0
APP101719,32,Male,Married,Bachelor,1,Salaried,8,78750,570,1,14,256803,36,Home,10.23,Semiurban,Yes,1.087,281803,7133.42,1
APP101720,44,Male,Single,Master,3,Self-Employed,0,157607,650,2,3,261506,36,Home,6.27,Semiurban,No,0.553,311506,7264.06,0
APP101721,34,Male,Single,Bachelor,1,Business,8,108105,622,0,6,121740,60,Auto,9.17,Urban,Yes,0.225,121740,2029.0,1
APP101722,46,Male,Married,Bachelor,0,Salaried,4,44990,682,0,13,164961,120,Medical,8.25,Semiurban,Yes,0.367,164961,1374.68,1
APP101723,45,Male,Single,Bachelor,0,Self-Employed,6,133714,558,0,9,77264,24,Medical,11.23,Urban,No,0.289,77264,3219.33,1
APP101724,26,Female,Married,High School,1,Salaried,19,52186,653,1,1,19737,36,Home,9.12,Rural,No,0.126,44737,548.25,1
APP101725,51,Male,Single,Master,1,Salaried,0,72972,599,2,9,216943,24,Education,10.68,Urban,No,1.486,266943,9039.29,0
APP101726,31,Female,Single,Master,0,Salaried,9,79867,755,2,7,226562,240,Education,6.78,Urban,No,0.142,276562,944.01,1
APP101727,47,Male,Divorced,PhD,1,Salaried,2,103171,611,1,8,5000,60,Auto,9.86,Semiurban,No,0.01,30000,83.33,1
APP101728,42,Female,Married,Bachelor,0,Business,6,81119,634,0,12,92623,60,Education,9.33,Semiurban,Yes,0.228,92623,1543.72,1
APP101729,60,Male,Married,Master,0,Salaried,12,33284,702,2,9,154486,60,Home,7.54,Urban,No,0.928,204486,2574.77,0
APP101730,35,Male,Married,High School,1,Salaried,9,70467,643,0,7,162111,36,Education,9.71,Rural,No,0.767,162111,4503.08,0
APP101731,33,Male,Married,Bachelor,0,Salaried,6,59454,850,0,7,313600,24,Business,5.85,Urban,Yes,2.637,313600,13066.67,0
APP101732,37,Male,Divorced,Bachelor,3,Self-Employed,4,77504,754,0,13,99844,60,Home,6.88,Rural,No,0.258,99844,1664.07,1
APP101733,34,Male,Married,Master,0,Self-Employed,9,174647,681,0,4,136295,120,Personal,7.89,Semiurban,No,0.078,136295,1135.79,1
APP101734,47,Male,Married,Master,2,Salaried,18,55793,709,0,0,201988,24,Home,6.74,Rural,No,1.81,201988,8416.17,0
APP101735,21,Male,Married,PhD,1,Business,2,183329,491,2,6,121983,60,Auto,12.53,Urban,No,0.133,171983,2033.05,1
APP101736,25,Female,Single,Master,1,Unemployed,0,15000,778,0,9,109601,60,Auto,5.44,Urban,No,1.461,109601,1826.68,0
APP101737,25,Female,Married,Master,2,Salaried,15,88433,720,2,5,103035,60,Home,7.76,Urban,No,0.233,153035,1717.25,1
APP101738,49,Female,Divorced,High School,1,Business,16,68289,674,2,5,168638,60,Education,8.65,Urban,No,0.494,218638,2810.63,1
APP101739,58,Male,Married,Master,2,Salaried,9,103694,725,1,6,135944,36,Medical,8.57,Urban,No,0.437,160944,3776.22,1
APP101740,36,Male,Married,Bachelor,1,Salaried,15,90204,735,0,7,204598,60,Personal,8.69,Urban,No,0.454,204598,3409.97,1
APP101741,35,Male,Married,High School,1,Salaried,1,31858,646,1,1,178596,36,Auto,6.04,Urban,No,1.869,203596,4961.0,0
APP101742,38,Male,Married,High School,2,Salaried,3,66791,710,2,11,5000,60,Education,7.6,Urban,No,0.015,55000,83.33,1
APP101743,51,Male,Divorced,Bachelor,1,Unemployed,0,15000,763,0,0,9877,36,Business,4.64,Rural,No,0.219,9877,274.36,0
APP101744,26,Male,Single,High School,1,Salaried,9,37625,716,2,10,109938,12,Home,8.84,Semiurban,No,2.922,159938,9161.5,0
APP101745,40,Male,Single,Bachelor,2,Self-Employed,7,71802,659,1,9,228400,24,Education,8.8,Urban,No,1.59,253400,9516.67,0
APP101746,49,Male,Married,Bachelor,3,Salaried,0,47641,703,4,10,97865,120,Auto,9.09,Semiurban,Yes,0.205,197865,815.54,1
APP101747,44,Male,Married,Master,1,Self-Employed,5,81687,790,2,0,179967,24,Auto,6.46,Semiurban,No,1.102,229967,7498.62,0
APP101748,40,Female,Single,Master,1,Salaried,0,38887,742,0,9,197879,36,Home,5.81,Urban,No,1.696,197879,5496.64,0
APP101749,50,Female,Single,Bachelor,0,Business,10,119157,586,0,5,193221,36,Auto,9.31,Urban,Yes,0.541,193221,5367.25,1
APP101750,21,Female,Single,High School,1,Salaried,6,15000,726,0,16,106206,12,Home,7.35,Rural,No,7.08,106206,8850.5,0
APP101751,46,Female,Divorced,High School,1,Business,4,44701,716,0,9,58152,60,Auto,8.25,Semiurban,No,0.26,58152,969.2,1
APP101752,30,Male,Married,High School,2,Business,23,61788,773,1,2,45022,60,Auto,6.6,Urban,No,0.146,70022,750.37,1
APP101753,21,Female,Married,High School,1,Self-Employed,14,77695,682,3,0,387674,240,Auto,8.54,Urban,No,0.249,462674,1615.31,0
APP101754,44,Female,Single,PhD,2,Salaried,14,74190,650,4,4,186434,120,Personal,8.64,Semiurban,No,0.251,286434,1553.62,0
APP101755,54,Male,Married,Bachelor,0,Salaried,21,70696,570,0,12,297246,12,Education,11.73,Urban,No,4.205,297246,24770.5,0
APP101756,36,Male,Single,High School,1,Business,12,60874,624,0,13,83351,36,Personal,9.67,Urban,No,0.456,83351,2315.31,1
APP101757,49,Female,Single,High School,3,Salaried,3,58539,776,1,8,249865,36,Education,6.53,Urban,No,1.423,274865,6940.69,0
APP101758,57,Male,Divorced,Bachelor,0,Salaried,2,69389,695,0,8,111855,120,Medical,8.4,Urban,No,0.161,111855,932.12,1
APP101759,53,Female,Divorced,Bachelor,0,Salaried,13,80755,672,0,6,147684,36,Medical,8.14,Semiurban,No,0.61,147684,4102.33,1
APP101760,57,Male,Single,High School,1,Salaried,0,32363,783,2,7,127090,60,Business,5.99,Urban,No,0.785,177090,2118.17,0
APP101761,46,Male,Single,PhD,2,Salaried,7,55439,767,2,14,79645,60,Business,7.14,Semiurban,Yes,0.287,129645,1327.42,1
APP101762,38,Male,Single,High School,1,Self-Employed,0,58109,621,2,6,80861,36,Auto,10.36,Rural,Yes,0.464,130861,2246.14,1
APP101763,21,Male,Married,High School,1,Salaried,8,33464,776,1,11,146871,60,Education,7.36,Rural,No,0.878,171871,2447.85,0
APP101764,35,Female,Single,High School,2,Salaried,13,42530,547,1,5,103033,12,Home,10.86,Urban,No,2.423,128033,8586.08,0
APP101765,27,Female,Single,Bachelor,0,Salaried,9,67931,716,2,13,160137,36,Education,7.8,Urban,Yes,0.786,210137,4448.25,1
APP101766,64,Male,Single,High School,2,Salaried,13,63733,707,0,10,82973,36,Education,7.25,Semiurban,Yes,0.434,82973,2304.81,1
APP101767,35,Male,Married,High School,0,Self-Employed,19,66917,771,2,12,206596,36,Medical,7.37,Urban,No,1.029,256596,5738.78,1
APP101768,39,Female,Married,High School,1,Salaried,7,30082,710,0,17,113202,24,Personal,6.86,Rural,Yes,1.882,113202,4716.75,0
APP101769,44,Male,Married,Bachelor,2,Self-Employed,24,37649,660,2,0,280954,120,Home,9.02,Rural,No,0.746,330954,2341.28,0
APP101770,38,Male,Married,High School,2,Salaried,9,71879,666,2,11,145950,120,Business,9.56,Rural,No,0.203,195950,1216.25,1
APP101771,58,Male,Divorced,High School,2,Salaried,13,15000,850,0,10,141825,120,Personal,5.13,Semiurban,Yes,0.946,141825,1181.88,0
APP101772,30,Female,Divorced,Bachelor,2,Salaried,4,48687,686,1,10,278282,36,Personal,8.58,Semiurban,Yes,1.905,303282,7730.06,0
APP101773,40,Female,Single,High School,1,Salaried,17,53291,727,0,9,110377,36,Medical,7.19,Semiurban,Yes,0.69,110377,3066.03,1
APP101774,29,Male,Single,Bachelor,0,Business,14,151453,518,1,9,117447,12,Home,9.79,Urban,No,0.775,142447,9787.25,1
APP101775,22,Male,Married,High School,0,Salaried,16,38680,613,1,9,93922,60,Home,9.07,Rural,No,0.486,118922,1565.37,1
APP101776,30,Female,Single,High School,3,Self-Employed,8,50974,721,1,12,166354,36,Home,7.62,Urban,Yes,1.088,191354,4620.94,0
APP101777,37,Female,Married,Bachelor,3,Unemployed,0,15000,550,4,12,91185,36,Personal,10.31,Rural,No,2.026,191185,2532.92,0
APP101778,32,Male,Married,High School,4,Self-Employed,10,53058,723,0,7,212133,36,Business,8.03,Rural,No,1.333,212133,5892.58,0
APP101779,29,Male,Married,High School,0,Salaried,0,21872,621,1,7,146273,60,Education,8.12,Urban,No,1.338,171273,2437.88,0
APP101780,21,Female,Single,Bachelor,1,Salaried,5,41242,597,2,8,217111,24,Personal,8.12,Semiurban,No,2.632,267111,9046.29,0
APP101781,37,Male,Married,Master,1,Unemployed,0,15000,621,1,5,208094,240,Home,10.28,Rural,No,0.694,233094,867.06,0
APP101782,21,Male,Divorced,Bachelor,2,Self-Employed,22,58992,802,2,16,109001,60,Education,5.65,Rural,No,0.37,159001,1816.68,1
APP101783,47,Male,Single,Master,1,Self-Employed,9,129372,706,0,1,91042,12,Education,8.23,Rural,No,0.704,91042,7586.83,1
APP101784,38,Male,Married,Master,2,Salaried,8,73011,607,2,11,123731,36,Auto,9.34,Rural,No,0.565,173731,3436.97,1
APP101785,21,Female,Single,PhD,1,Business,7,61869,742,2,11,150709,12,Auto,7.72,Rural,No,2.436,200709,12559.08,0
APP101786,34,Male,Single,Master,0,Self-Employed,0,139166,746,2,5,176721,24,Home,8.44,Rural,No,0.635,226721,7363.38,0
APP101787,28,Female,Married,Bachelor,0,Salaried,8,27116,649,2,9,185610,36,Business,10.45,Urban,No,2.282,235610,5155.83,0
APP101788,41,Male,Single,High School,0,Self-Employed,8,37762,756,0,14,147445,60,Auto,6.23,Urban,Yes,0.781,147445,2457.42,1
APP101789,54,Male,Single,High School,1,Salaried,2,38505,760,0,6,95505,60,Home,6.38,Semiurban,No,0.496,95505,1591.75,0
APP101790,21,Male,Single,Bachelor,0,Salaried,0,85145,748,0,14,103070,12,Personal,7.21,Urban,No,1.211,103070,8589.17,1
APP101791,39,Female,Married,PhD,0,Business,5,112410,626,0,13,191468,60,Education,11.35,Semiurban,No,0.341,191468,3191.13,1
APP101792,36,Female,Married,Bachelor,1,Salaried,8,36832,585,1,4,97985,240,Business,9.15,Semiurban,Yes,0.133,122985,408.27,1
APP101793,46,Male,Single,Bachelor,3,Salaried,5,64066,544,3,2,194818,60,Home,9.97,Rural,No,0.608,269818,3246.97,0
APP101794,40,Female,Married,Bachelor,2,Salaried,1,54650,627,1,8,197436,240,Home,10.33,Urban,No,0.181,222436,822.65,1
APP101795,28,Male,Single,Bachelor,0,Salaried,9,48315,650,2,1,272713,36,Personal,8.33,Semiurban,No,1.881,322713,7575.36,0
APP101796,34,Female,Married,Bachelor,0,Salaried,11,65412,657,3,0,111531,36,Education,9.52,Rural,Yes,0.568,186531,3098.08,0
APP101797,28,Male,Married,Bachelor,0,Unemployed,0,15000,676,0,5,123987,36,Auto,7.89,Urban,No,2.755,123987,3444.08,0
APP101798,50,Female,Married,High School,4,Salaried,4,15000,818,0,18,5000,120,Education,5.99,Semiurban,No,0.033,5000,41.67,1
APP101799,38,Male,Divorced,Bachelor,1,Salaried,11,113468,652,0,5,74554,36,Home,8.45,Semiurban,No,0.219,74554,2070.94,1
APP101800,60,Male,Divorced,Master,0,Self-Employed,6,97663,676,1,9,73509,240,Personal,7.48,Urban,No,0.038,98509,306.29,1
APP101801,37,Female,Single,Master,2,Salaried,0,83660,534,0,11,190453,60,Home,11.47,Urban,Yes,0.455,190453,3174.22,1
APP101802,29,Male,Married,High School,1,Salaried,14,28315,850,2,7,294590,24,Home,3.79,Semiurban,No,5.202,344590,12274.58,0
APP101803,21,Male,Single,Master,3,Salaried,10,107175,574,0,6,196460,24,Personal,10.98,Urban,No,0.917,196460,8185.83,0
APP101804,21,Male,Divorced,High School,0,Salaried,7,32664,623,0,14,229263,24,Home,9.31,Urban,No,3.509,229263,9552.62,0
APP101805,21,Female,Single,High School,1,Salaried,0,15000,735,0,8,93093,12,Medical,5.94,Rural,No,6.206,93093,7757.75,0
APP101806,41,Female,Married,Bachelor,1,Salaried,3,45824,699,1,7,54162,60,Business,8.32,Urban,Yes,0.236,79162,902.7,1
APP101807,44,Male,Single,High School,3,Salaried,20,37075,811,2,11,130638,60,Auto,6.06,Rural,No,0.705,180638,2177.3,1
APP101808,21,Female,Single,High School,3,Business,0,58535,737,3,2,100099,60,Home,4.91,Urban,No,0.342,175099,1668.32,1
APP101809,48,Male,Married,High School,1,Salaried,6,38517,673,2,1,81112,60,Business,8.49,Urban,Yes,0.421,131112,1351.87,0
APP101810,32,Male,Divorced,Bachelor,0,Unemployed,0,15000,763,0,0,167460,120,Education,6.75,Semiurban,Yes,1.116,167460,1395.5,0
APP101811,39,Female,Married,High School,1,Self-Employed,9,34828,772,1,10,55126,24,Home,6.65,Urban,No,0.791,80126,2296.92,1
APP101812,57,Male,Married,Bachelor,4,Salaried,0,52550,627,0,7,216118,24,Medical,7.64,Urban,No,2.056,216118,9004.92,0
APP101813,48,Male,Married,Bachelor,1,Unemployed,0,15000,757,0,12,118044,60,Business,7.21,Rural,No,1.574,118044,1967.4,0
APP101814,34,Male,Single,Bachelor,2,Salaried,0,15000,662,1,8,146380,24,Personal,9.27,Semiurban,No,4.879,171380,6099.17,0
APP101815,27,Female,Single,Master,1,Salaried,8,81186,671,0,1,157982,12,Auto,7.64,Urban,Yes,1.946,157982,13165.17,0
APP101816,21,Male,Single,Bachelor,1,Salaried,4,62868,691,0,6,112662,60,Home,6.78,Urban,No,0.358,112662,1877.7,1
APP101817,29,Female,Married,High School,1,Self-Employed,2,68867,649,0,12,251243,60,Personal,8.04,Semiurban,Yes,0.73,251243,4187.38,1
APP101818,35,Female,Single,High School,2,Salaried,13,37527,645,4,6,21537,120,Education,9.23,Semiurban,Yes,0.057,121537,179.48,1
APP101819,26,Male,Single,Bachelor,3,Salaried,6,30159,758,1,13,252666,120,Education,5.6,Urban,No,0.838,277666,2105.55,1
APP101820,36,Female,Single,Bachelor,1,Salaried,10,15000,557,0,5,122235,36,Education,9.51,Semiurban,No,2.716,122235,3395.42,0
APP101821,38,Male,Single,High School,1,Self-Employed,11,31705,595,3,11,223659,240,Auto,12.2,Urban,No,0.353,298659,931.91,1
APP101822,35,Male,Divorced,High School,0,Salaried,15,49394,733,3,0,166099,12,Home,7.33,Urban,No,3.363,241099,13841.58,0
APP101823,30,Female,Single,Master,0,Salaried,0,124847,674,2,6,218039,120,Education,8.21,Urban,No,0.175,268039,1816.99,1
APP101824,40,Female,Married,Bachelor,3,Salaried,13,61352,759,1,6,140527,36,Business,6.15,Urban,No,0.764,165527,3903.53,0
APP101825,43,Male,Married,Bachelor,0,Business,8,44490,708,0,1,169074,120,Personal,7.42,Urban,No,0.38,169074,1408.95,1
APP101826,24,Male,Married,Master,2,Salaried,5,49402,573,0,13,237832,24,Home,12.34,Semiurban,No,2.407,237832,9909.67,0
APP101827,54,Male,Single,Master,2,Salaried,1,50417,685,1,4,157667,60,Home,9.12,Urban,No,0.625,182667,2627.78,0
APP101828,36,Male,Single,Bachelor,2,Business,11,74775,722,3,4,256406,36,Business,9.95,Semiurban,Yes,1.143,331406,7122.39,0
APP101829,38,Male,Single,Bachelor,3,Salaried,2,88022,698,2,14,178175,36,Business,8.43,Semiurban,No,0.675,228175,4949.31,1
APP101830,46,Male,Married,PhD,1,Self-Employed,11,172747,642,0,8,91382,12,Home,8.2,Rural,No,0.529,91382,7615.17,1
APP101831,40,Female,Single,Bachelor,3,Unemployed,0,15000,658,1,11,121615,60,Home,9.11,Urban,Yes,1.622,146615,2026.92,0
APP101832,49,Male,Married,High School,0,Business,13,67805,635,1,0,221048,24,Auto,9.85,Rural,No,1.63,246048,9210.33,0
APP101833,41,Male,Married,High School,1,Salaried,16,28042,573,2,4,50817,36,Home,11.15,Urban,Yes,0.604,100817,1411.58,1
APP101834,30,Female,Married,Bachelor,2,Salaried,3,17252,562,0,18,213430,24,Business,10.32,Semiurban,No,6.186,213430,8892.92,0
APP101835,42,Female,Married,Master,0,Salaried,12,136120,711,1,12,120738,60,Business,9.58,Semiurban,No,0.177,145738,2012.3,1
APP101836,24,Male,Married,High School,2,Unemployed,0,15000,610,0,2,46822,24,Medical,8.53,Semiurban,Yes,1.561,46822,1950.92,0
APP101837,39,Male,Married,High School,2,Unemployed,0,15000,726,0,9,166580,60,Auto,7.82,Rural,No,2.221,166580,2776.33,0
APP101838,37,Female,Single,Master,2,Salaried,18,136383,632,1,3,93984,120,Education,9.07,Urban,Yes,0.069,118984,783.2,1
APP101839,35,Male,Married,Master,0,Self-Employed,4,94248,574,0,14,104270,120,Personal,9.74,Semiurban,Yes,0.111,104270,868.92,1
APP101840,36,Male,Married,High School,2,Business,14,33444,647,1,0,99941,24,Personal,9.31,Semiurban,Yes,1.494,124941,4164.21,0
APP101841,21,Female,Married,High School,0,Salaried,14,53947,847,0,9,159191,12,Home,6.32,Urban,No,2.951,159191,13265.92,0
APP101842,31,Male,Single,Bachelor,2,Salaried,14,79326,672,4,9,118802,12,Home,8.96,Urban,No,1.498,218802,9900.17,0
APP101843,39,Male,Married,High School,1,Salaried,0,18678,731,2,2,181275,120,Personal,7.65,Urban,Yes,0.971,231275,1510.62,0
APP101844,39,Male,Single,Master,1,Salaried,11,60682,693,0,6,230993,24,Education,6.12,Semiurban,No,1.903,230993,9624.71,0
APP101845,25,Male,Single,High School,1,Business,7,86001,567,1,9,193335,36,Business,11.58,Urban,No,0.749,218335,5370.42,1
APP101846,53,Male,Single,High School,0,Unemployed,0,15000,795,0,0,294424,24,Personal,5.69,Rural,No,9.814,294424,12267.67,0
APP101847,27,Female,Single,High School,0,Salaried,0,46937,660,1,1,314107,120,Auto,9.33,Urban,No,0.669,339107,2617.56,0
APP101848,49,Male,Married,High School,0,Salaried,10,66934,575,0,7,126779,240,Auto,11.42,Semiurban,Yes,0.095,126779,528.25,1
APP101849,43,Male,Married,High School,1,Salaried,9,15000,639,0,3,57790,60,Home,9.41,Urban,No,0.771,57790,963.17,0
APP101850,30,Male,Single,High School,2,Business,0,54042,663,4,5,126869,120,Personal,6.74,Urban,No,0.235,226869,1057.24,0
APP101851,59,Female,Divorced,Master,0,Self-Employed,2,103803,739,0,7,159468,60,Education,8.64,Urban,No,0.307,159468,2657.8,1
APP101852,23,Male,Divorced,High School,0,Salaried,0,15000,625,1,3,328061,60,Home,11.31,Semiurban,Yes,4.374,353061,5467.68,0
APP101853,49,Male,Divorced,Master,1,Self-Employed,3,72945,850,0,7,120015,60,Education,5.81,Semiurban,No,0.329,120015,2000.25,1
APP101854,50,Female,Married,High School,2,Salaried,11,60278,605,1,9,172234,12,Auto,9.17,Urban,Yes,2.857,197234,14352.83,0
APP101855,29,Male,Married,Bachelor,0,Salaried,9,42392,728,0,11,95507,12,Home,8.67,Rural,No,2.253,95507,7958.92,0
APP101856,54,Male,Single,High School,0,Unemployed,0,15000,522,0,1,122266,60,Home,11.28,Urban,No,1.63,122266,2037.77,0
APP101857,34,Male,Married,High School,0,Salaried,1,61789,670,0,4,52849,36,Education,8.53,Urban,No,0.285,52849,1468.03,0
APP101858,41,Male,Married,Bachelor,1,Salaried,14,71112,709,0,10,32981,36,Education,9.02,Semiurban,No,0.155,32981,916.14,1
APP101859,41,Male,Married,Bachelor,0,Salaried,7,58278,590,3,0,258874,60,Business,10.85,Urban,Yes,0.888,333874,4314.57,0
APP101860,36,Female,Divorced,Master,1,Salaried,8,74802,799,3,8,235295,60,Home,3.67,Urban,No,0.629,310295,3921.58,1
APP101861,47,Male,Married,Master,2,Self-Employed,13,133703,714,2,8,120431,120,Personal,7.93,Semiurban,No,0.09,170431,1003.59,1
APP101862,47,Male,Single,Bachelor,1,Self-Employed,2,80835,654,0,0,235070,36,Education,10.11,Rural,No,0.969,235070,6529.72,0
APP101863,21,Male,Single,Bachelor,0,Business,9,114210,713,0,5,45447,36,Home,6.38,Urban,No,0.133,45447,1262.42,1
APP101864,53,Male,Single,Master,1,Salaried,10,55491,632,1,9,136130,24,Auto,10.34,Urban,No,1.227,161130,5672.08,0
APP101865,21,Male,Married,Bachelor,1,Salaried,4,15000,780,4,6,163941,24,Personal,4.73,Rural,No,5.465,263941,6830.88,0
APP101866,50,Female,Married,PhD,3,Salaried,11,120876,761,1,5,251284,12,Auto,6.57,Semiurban,No,2.079,276284,20940.33,0
APP101867,51,Male,Married,Master,0,Business,10,170670,709,0,8,165803,12,Medical,8.36,Urban,No,0.971,165803,13816.92,1
APP101868,24,Female,Married,High School,2,Salaried,7,38070,728,2,12,193580,36,Home,7.19,Urban,Yes,1.695,243580,5377.22,0
APP101869,33,Male,Divorced,High School,2,Business,7,86303,561,0,10,112403,36,Personal,11.96,Semiurban,No,0.434,112403,3122.31,1
APP101870,24,Male,Married,Bachelor,0,Salaried,11,51619,797,2,4,171116,36,Auto,4.65,Urban,No,1.105,221116,4753.22,0
APP101871,35,Male,Married,Bachelor,3,Salaried,12,57732,672,4,0,251148,60,Personal,9.38,Semiurban,No,0.87,351148,4185.8,0
APP101872,34,Male,Single,Bachelor,1,Salaried,8,103810,762,3,10,20679,60,Medical,6.81,Semiurban,No,0.04,95679,344.65,1
APP101873,47,Male,Married,Master,2,Unemployed,0,15000,739,0,2,240885,24,Business,6.37,Semiurban,No,8.03,240885,10036.88,0
APP101874,53,Male,Married,High School,0,Salaried,11,35865,760,1,5,133202,60,Business,7.24,Urban,No,0.743,158202,2220.03,0
APP101875,54,Female,Single,High School,0,Salaried,0,15000,596,1,9,37523,24,Home,10.01,Urban,Yes,1.251,62523,1563.46,0
APP101876,31,Male,Single,High School,1,Salaried,0,54076,606,0,13,128629,240,Education,11.36,Rural,No,0.119,128629,535.95,1
APP101877,35,Male,Divorced,Bachelor,0,Salaried,15,42253,850,1,14,253206,36,Education,5.58,Urban,No,1.998,278206,7033.5,0
APP101878,21,Male,Single,Bachelor,1,Salaried,6,63680,558,1,8,111413,120,Auto,11.25,Urban,Yes,0.175,136413,928.44,1
APP101879,28,Male,Married,High School,1,Salaried,8,36486,592,0,5,173947,24,Education,9.49,Rural,No,2.384,173947,7247.79,0
APP101880,49,Male,Single,Bachelor,1,Salaried,14,48855,683,0,1,20945,240,Personal,8.49,Urban,No,0.021,20945,87.27,1
APP101881,57,Male,Married,High School,1,Salaried,7,39939,683,0,17,5000,120,Home,7.76,Rural,Yes,0.013,5000,41.67,1
APP101882,23,Male,Married,High School,0,Salaried,8,41285,636,3,6,63860,36,Auto,9.22,Rural,Yes,0.516,138860,1773.89,0
APP101883,30,Female,Married,Bachelor,1,Salaried,2,89401,729,2,11,231024,36,Auto,8.67,Semiurban,No,0.861,281024,6417.33,0
APP101884,37,Female,Married,High School,1,Self-Employed,10,82324,752,2,8,145933,12,Personal,6.67,Semiurban,No,1.773,195933,12161.08,0
APP101885,41,Male,Divorced,Bachelor,0,Salaried,11,76267,678,0,5,237975,36,Personal,6.99,Urban,No,1.04,237975,6610.42,0
APP101886,28,Male,Married,Master,0,Salaried,4,119325,658,1,5,242649,36,Education,9.33,Semiurban,No,0.678,267649,6740.25,0
APP101887,43,Female,Married,Master,0,Salaried,2,105759,678,0,1,89347,36,Education,9.23,Semiurban,No,0.282,89347,2481.86,0
APP101888,32,Male,Married,High School,0,Salaried,23,50655,640,1,13,275360,24,Personal,10.79,Urban,Yes,2.718,300360,11473.33,0
APP101889,37,Male,Single,Bachelor,3,Self-Employed,7,115654,544,1,7,106449,36,Home,11.98,Semiurban,No,0.307,131449,2956.92,1
APP101890,44,Male,Married,Bachelor,1,Self-Employed,3,32745,704,2,15,230028,60,Education,7.65,Rural,No,1.405,280028,3833.8,0
APP101891,38,Male,Married,Master,0,Self-Employed,12,66905,741,0,5,226759,36,Home,7.44,Rural,Yes,1.13,226759,6298.86,1
APP101892,32,Male,Single,Master,0,Salaried,7,51320,667,0,6,155202,24,Personal,9.05,Rural,No,1.512,155202,6466.75,0
APP101893,36,Male,Single,High School,0,Salaried,1,36725,498,3,2,155333,60,Auto,12.47,Semiurban,No,0.846,230333,2588.88,0
APP101894,36,Male,Single,High School,1,Salaried,10,54003,634,3,6,175636,12,Education,6.85,Urban,No,3.252,250636,14636.33,0
APP101895,33,Male,Married,Bachelor,0,Salaried,2,32122,752,1,1,159234,36,Auto,6.39,Urban,No,1.652,184234,4423.17,0
APP101896,34,Female,Married,Bachelor,1,Salaried,17,72569,564,0,10,118789,60,Medical,11.2,Semiurban,No,0.327,118789,1979.82,1
APP101897,57,Male,Single,High School,1,Salaried,10,31726,735,1,8,111927,36,Personal,8.4,Urban,No,1.176,136927,3109.08,0
APP101898,44,Male,Married,High School,2,Business,6,53889,644,1,15,119428,36,Home,8.49,Rural,No,0.739,144428,3317.44,1
APP101899,34,Male,Divorced,Bachelor,0,Salaried,8,65010,678,2,0,247457,120,Business,8.03,Rural,No,0.381,297457,2062.14,0
APP101900,46,Female,Single,High School,1,Unemployed,0,15000,625,1,14,22932,120,Auto,9.26,Semiurban,No,0.153,47932,191.1,1
APP101901,33,Female,Married,High School,2,Salaried,9,29533,589,0,3,110252,120,Home,10.09,Urban,Yes,0.373,110252,918.77,0
APP101902,52,Female,Divorced,High School,1,Business,20,60897,794,1,9,123924,12,Auto,6.97,Semiurban,No,2.035,148924,10327.0,0
APP101903,42,Male,Divorced,High School,2,Salaried,14,23131,745,0,2,131752,36,Personal,6.36,Urban,No,1.899,131752,3659.78,0
APP101904,36,Female,Single,Bachelor,2,Business,10,62926,731,0,9,173742,60,Auto,8.24,Urban,No,0.552,173742,2895.7,1
APP101905,43,Female,Single,High School,1,Salaried,2,22971,752,0,0,42140,240,Home,8.38,Semiurban,No,0.092,42140,175.58,1
APP101906,21,Male,Single,High School,1,Salaried,7,46283,720,0,4,232025,24,Medical,7.21,Semiurban,Yes,2.507,232025,9667.71,0
APP101907,24,Male,Married,High School,4,Salaried,10,49442,755,2,8,220956,120,Medical,6.47,Urban,Yes,0.447,270956,1841.3,1
APP101908,23,Male,Married,High School,2,Unemployed,0,15000,626,1,16,203946,60,Auto,9.64,Rural,No,2.719,228946,3399.1,0
APP101909,39,Female,Married,Bachelor,3,Unemployed,0,15000,790,1,0,133395,240,Home,5.61,Urban,No,0.445,158395,555.81,0
APP101910,58,Male,Single,High School,0,Salaried,2,50889,783,1,7,90931,12,Education,6.25,Semiurban,Yes,1.787,115931,7577.58,0
APP101911,64,Male,Single,Bachelor,1,Self-Employed,4,75393,710,4,5,123983,36,Home,6.33,Rural,No,0.548,223983,3443.97,1
APP101912,45,Female,Married,High School,3,Salaried,4,40989,656,3,0,154869,36,Auto,9.74,Semiurban,No,1.259,229869,4301.92,0
APP101913,44,Female,Married,High School,0,Salaried,12,20275,582,2,2,203294,60,Home,12.02,Urban,No,2.005,253294,3388.23,0
APP101914,21,Female,Married,High School,4,Salaried,3,44681,698,0,5,143495,60,Auto,7.37,Urban,No,0.642,143495,2391.58,0
APP101915,31,Female,Married,High School,0,Unemployed,0,15000,814,0,10,178836,120,Home,4.07,Urban,Yes,1.192,178836,1490.3,0
APP101916,28,Male,Single,Bachelor,3,Salaried,14,62543,587,1,8,115287,120,Business,11.18,Urban,Yes,0.184,140287,960.72,1
APP101917,30,Female,Single,Bachelor,1,Salaried,5,70001,761,0,1,172906,12,Home,6.36,Urban,No,2.47,172906,14408.83,0
APP101918,35,Male,Single,Master,0,Salaried,1,100574,642,0,0,130064,36,Medical,8.49,Semiurban,No,0.431,130064,3612.89,0
APP101919,32,Female,Single,High School,3,Salaried,3,22784,649,0,10,171436,36,Personal,8.9,Rural,No,2.508,171436,4762.11,0
APP101920,21,Male,Single,High School,0,Salaried,18,38207,585,0,7,8644,240,Home,9.08,Urban,Yes,0.011,8644,36.02,1
APP101921,46,Female,Single,High School,0,Salaried,4,51025,619,1,16,188968,36,Auto,10.1,Semiurban,No,1.234,213968,5249.11,0
APP101922,25,Male,Single,Master,0,Salaried,7,69277,731,1,6,193200,60,Auto,6.12,Semiurban,No,0.558,218200,3220.0,0
APP101923,40,Female,Single,High School,2,Salaried,5,58789,741,2,13,192316,36,Auto,6.0,Semiurban,Yes,1.09,242316,5342.11,1
APP101924,62,Male,Married,Bachelor,4,Salaried,0,62254,698,1,10,71004,60,Home,6.84,Urban,Yes,0.228,96004,1183.4,1
APP101925,26,Male,Single,High School,0,Salaried,3,15000,639,0,12,93189,24,Auto,9.38,Urban,No,3.106,93189,3882.88,0
APP101926,21,Female,Married,High School,1,Business,0,85035,591,1,10,80512,60,Home,8.37,Semiurban,No,0.189,105512,1341.87,1
APP101927,34,Male,Married,PhD,0,Salaried,13,91315,684,4,10,176398,120,Home,10.41,Urban,No,0.193,276398,1469.98,1
APP101928,51,Female,Married,Bachelor,2,Business,8,23635,650,0,0,202657,12,Business,8.62,Urban,No,8.574,202657,16888.08,0
APP101929,61,Male,Divorced,Master,0,Salaried,22,69800,696,1,6,94274,60,Auto,5.96,Rural,No,0.27,119274,1571.23,1
APP101930,23,Female,Single,Bachelor,0,Salaried,3,28290,654,0,4,255249,240,Home,7.86,Rural,Yes,0.451,255249,1063.54,0
APP101931,43,Male,Married,Bachelor,0,Salaried,2,78828,656,0,14,254190,24,Home,9.48,Urban,No,1.612,254190,10591.25,0
APP101932,32,Male,Divorced,High School,1,Self-Employed,17,49647,692,0,2,161036,24,Auto,9.51,Semiurban,No,1.622,161036,6709.83,0
APP101933,36,Female,Married,Bachelor,3,Business,14,55359,708,1,6,179670,36,Education,8.0,Semiurban,Yes,1.082,204670,4990.83,0
APP101934,69,Male,Single,High School,1,Salaried,10,56189,777,1,12,15635,120,Home,6.55,Semiurban,No,0.028,40635,130.29,1
APP101935,21,Male,Single,Bachelor,0,Salaried,1,71463,653,0,9,107676,60,Auto,7.41,Urban,No,0.301,107676,1794.6,1
APP101936,41,Male,Single,Bachelor,1,Self-Employed,18,64927,723,1,8,49811,60,Personal,9.03,Semiurban,No,0.153,74811,830.18,1
APP101937,43,Male,Married,Master,2,Salaried,7,37518,824,0,13,77201,12,Education,6.08,Semiurban,No,2.058,77201,6433.42,0
APP101938,51,Male,Married,Bachelor,0,Self-Employed,5,46725,725,0,9,191161,240,Education,7.82,Urban,Yes,0.205,191161,796.5,1
APP101939,39,Female,Single,Bachelor,0,Salaried,14,38563,773,0,5,210484,36,Auto,6.56,Rural,Yes,1.819,210484,5846.78,0
APP101940,41,Male,Married,High School,0,Self-Employed,7,66076,630,2,1,213828,36,Education,9.93,Urban,No,1.079,263828,5939.67,0
APP101941,33,Male,Married,High School,2,Salaried,1,15000,622,0,10,169335,36,Personal,8.76,Semiurban,No,3.763,169335,4703.75,0
APP101942,41,Male,Married,High School,1,Salaried,8,41173,667,0,4,191869,36,Home,9.6,Rural,Yes,1.553,191869,5329.69,0
APP101943,33,Male,Married,Bachelor,1,Self-Employed,3,64491,675,0,6,22869,36,Personal,9.3,Rural,No,0.118,22869,635.25,1
APP101944,45,Male,Married,PhD,0,Salaried,0,137421,765,1,13,46837,60,Home,6.6,Semiurban,No,0.068,71837,780.62,1
APP101945,33,Female,Single,High School,0,Salaried,2,46072,621,2,6,133262,120,Home,9.31,Semiurban,Yes,0.289,183262,1110.52,1
APP101946,42,Female,Married,High School,4,Salaried,4,51366,672,1,5,197798,12,Business,6.4,Rural,No,3.851,222798,16483.17,0
APP101947,37,Male,Single,Bachelor,0,Salaried,1,46865,765,2,6,114218,36,Home,4.97,Urban,No,0.812,164218,3172.72,1
APP101948,51,Male,Married,Master,3,Salaried,11,37992,697,0,6,41137,36,Auto,8.61,Semiurban,Yes,0.361,41137,1142.69,1
APP101949,37,Female,Divorced,Bachelor,1,Unemployed,0,15000,679,3,3,94658,12,Business,9.32,Urban,No,6.311,169658,7888.17,0
APP101950,21,Male,Married,High School,0,Self-Employed,10,66720,699,0,16,75321,120,Education,9.09,Semiurban,Yes,0.113,75321,627.67,1
APP101951,53,Male,Married,PhD,1,Salaried,0,126995,589,0,5,12040,24,Home,8.87,Semiurban,No,0.047,12040,501.67,1
APP101952,27,Male,Single,Master,3,Business,13,96008,588,1,11,327951,24,Auto,12.53,Urban,No,1.708,352951,13664.62,0
APP101953,30,Male,Single,High School,1,Salaried,0,26936,552,1,2,248629,12,Home,11.96,Rural,Yes,9.23,273629,20719.08,0
APP101954,30,Female,Married,Master,3,Self-Employed,0,52389,696,0,10,5000,24,Personal,7.51,Urban,No,0.048,5000,208.33,1
APP101955,54,Female,Single,Bachelor,0,Salaried,15,56584,753,3,8,5000,24,Business,7.1,Urban,Yes,0.044,80000,208.33,1
APP101956,21,Male,Married,High School,1,Self-Employed,2,53267,741,1,8,85520,36,Personal,5.48,Rural,No,0.535,110520,2375.56,1
APP101957,70,Male,Single,Bachelor,2,Self-Employed,18,116195,771,1,8,30853,60,Medical,5.96,Urban,No,0.053,55853,514.22,1
APP101958,50,Female,Single,Master,3,Self-Employed,11,98409,796,0,10,340609,12,Auto,6.62,Semiurban,No,3.461,340609,28384.08,0
APP101959,40,Female,Single,Bachelor,1,Salaried,12,75344,691,0,6,85814,120,Medical,8.24,Urban,No,0.114,85814,715.12,1
APP101960,37,Male,Divorced,High School,1,Salaried,14,28341,674,3,7,178923,36,Business,10.26,Urban,No,2.104,253923,4970.08,0
APP101961,41,Female,Married,PhD,0,Salaried,8,97668,798,1,10,109536,60,Education,4.56,Semiurban,No,0.224,134536,1825.6,1
APP101962,44,Male,Single,High School,0,Salaried,8,44451,623,1,2,56625,12,Auto,9.42,Urban,Yes,1.274,81625,4718.75,0
APP101963,45,Female,Single,Bachelor,0,Salaried,15,56486,585,1,1,233787,36,Business,9.16,Semiurban,Yes,1.38,258787,6494.08,0
APP101964,44,Female,Married,Bachelor,0,Self-Employed,8,71345,652,2,8,202386,12,Education,10.5,Rural,No,2.837,252386,16865.5,0
APP101965,39,Male,Single,High School,0,Business,3,66313,643,1,0,145234,24,Education,9.41,Rural,Yes,1.095,170234,6051.42,0
APP101966,35,Female,Married,High School,0,Salaried,11,50418,683,0,0,340554,36,Auto,8.35,Rural,No,2.252,340554,9459.83,0
APP101967,36,Male,Married,Master,4,Salaried,0,115996,611,1,17,168804,60,Business,9.65,Urban,No,0.291,193804,2813.4,1
APP101968,35,Male,Married,Bachelor,2,Business,15,15000,709,1,15,113482,24,Home,6.94,Semiurban,Yes,3.783,138482,4728.42,0
APP101969,51,Male,Married,Bachelor,1,Business,16,131765,634,3,5,303221,60,Business,10.52,Semiurban,Yes,0.46,378221,5053.68,1
APP101970,45,Male,Married,Bachelor,4,Salaried,15,17229,778,1,12,182310,24,Business,6.61,Rural,No,5.291,207310,7596.25,0
APP101971,21,Male,Divorced,Bachelor,0,Salaried,14,67719,584,0,13,280233,24,Education,10.56,Urban,No,2.069,280233,11676.38,0
APP101972,45,Male,Divorced,Bachelor,1,Self-Employed,7,142668,668,0,10,146872,36,Home,9.22,Semiurban,No,0.343,146872,4079.78,1
APP101973,40,Male,Married,High School,1,Business,7,61883,653,1,7,5000,60,Education,8.08,Urban,No,0.016,30000,83.33,1
APP101974,37,Male,Single,High School,0,Salaried,0,45150,698,1,11,25299,240,Home,10.04,Urban,No,0.028,50299,105.41,1
APP101975,33,Male,Married,Master,2,Self-Employed,18,81499,754,0,11,236616,36,Home,8.49,Semiurban,No,0.968,236616,6572.67,1
APP101976,51,Male,Single,Bachelor,0,Self-Employed,5,92017,701,1,11,102874,36,Auto,7.94,Semiurban,No,0.373,127874,2857.61,1
APP101977,49,Male,Married,High School,0,Salaried,10,48338,669,2,0,170266,12,Business,8.32,Urban,No,3.522,220266,14188.83,0
APP101978,28,Male,Married,PhD,0,Self-Employed,9,82749,735,0,18,240707,60,Home,7.94,Urban,No,0.582,240707,4011.78,1
APP101979,42,Male,Single,Master,3,Salaried,0,74283,747,1,20,164358,24,Home,8.18,Urban,No,1.106,189358,6848.25,1
APP101980,26,Female,Single,High School,2,Self-Employed,0,26912,701,0,0,81247,60,Education,9.73,Urban,No,0.604,81247,1354.12,0
APP101981,21,Female,Married,PhD,2,Salaried,8,91242,711,0,10,149113,120,Business,8.42,Urban,No,0.163,149113,1242.61,1
APP101982,30,Female,Married,Bachelor,1,Salaried,5,49515,731,0,18,158554,60,Home,7.52,Rural,Yes,0.64,158554,2642.57,1
APP101983,48,Male,Married,High School,0,Self-Employed,7,53267,548,1,13,117347,60,Home,11.18,Semiurban,No,0.441,142347,1955.78,1
APP101984,49,Male,Married,High School,1,Self-Employed,14,35491,651,4,13,39201,60,Home,7.1,Urban,Yes,0.221,139201,653.35,1
APP101985,44,Female,Single,Bachelor,1,Unemployed,0,15000,710,2,0,121561,36,Personal,7.37,Urban,Yes,2.701,171561,3376.69,0
APP101986,46,Male,Married,Master,0,Salaried,12,78285,656,0,11,142574,24,Business,9.24,Rural,No,0.911,142574,5940.58,1
APP101987,44,Male,Married,High School,2,Salaried,10,43372,656,0,9,34545,60,Personal,6.62,Rural,No,0.159,34545,575.75,1
APP101988,30,Male,Married,High School,0,Unemployed,0,15000,709,1,11,76552,36,Business,8.0,Semiurban,No,1.701,101552,2126.44,0
APP101989,43,Female,Single,High School,0,Self-Employed,1,46742,711,0,2,92651,60,Personal,6.97,Urban,No,0.396,92651,1544.18,0
APP101990,47,Male,Married,Bachelor,2,Unemployed,0,15000,717,2,2,5000,36,Auto,9.24,Semiurban,No,0.111,55000,138.89,0
APP101991,47,Female,Single,High School,2,Salaried,8,43436,616,0,7,160258,24,Education,9.4,Semiurban,No,1.845,160258,6677.42,0
APP101992,52,Female,Single,High School,1,Salaried,13,38869,566,0,6,168956,120,Education,10.42,Semiurban,No,0.435,168956,1407.97,1
APP101993,46,Male,Divorced,Bachelor,1,Salaried,7,85616,744,0,7,106453,36,Home,6.98,Semiurban,Yes,0.414,106453,2957.03,1
APP101994,42,Female,Single,Master,1,Business,6,173098,620,2,5,40510,120,Home,9.6,Urban,Yes,0.023,90510,337.58,1
APP101995,50,Male,Single,Bachelor,2,Business,6,38546,615,0,6,182558,240,Home,10.49,Rural,No,0.237,182558,760.66,1
APP101996,37,Female,Married,High School,2,Salaried,2,52800,607,0,4,193686,120,Education,9.52,Rural,No,0.367,193686,1614.05,0
APP101997,27,Male,Married,Bachelor,1,Salaried,16,80443,772,1,7,157886,24,Auto,6.58,Urban,Yes,0.981,182886,6578.58,1
APP101998,36,Female,Married,High School,4,Salaried,14,18447,696,1,0,153324,120,Education,8.88,Rural,No,0.831,178324,1277.7,0
APP101999,29,Male,Married,PhD,4,Self-Employed,0,143014,707,3,10,197515,60,Medical,7.87,Semiurban,No,0.276,272515,3291.92,1
APP102000,29,Female,Married,Master,1,Salaried,12,107118,735,0,9,142362,24,Medical,7.96,Rural,No,0.665,142362,5931.75,0
APP102001,36,Male,Single,High School,2,Self-Employed,0,30457,676,0,1,76579,12,Personal,8.03,Rural,No,2.514,76579,6381.58,0
APP102002,28,Male,Married,High School,1,Salaried,13,37864,761,1,14,144377,36,Education,7.13,Urban,No,1.271,169377,4010.47,1
APP102003,34,Female,Married,Bachelor,1,Salaried,3,64657,584,0,3,118635,24,Auto,11.63,Urban,No,0.917,118635,4943.12,0
APP102004,21,Female,Married,Bachelor,0,Salaried,10,74261,593,0,13,144374,12,Auto,10.74,Urban,No,1.944,144374,12031.17,0
APP102005,40,Male,Single,Bachelor,1,Self-Employed,0,42346,588,0,9,220741,240,Auto,8.37,Urban,No,0.261,220741,919.75,1
APP102006,38,Male,Single,Master,3,Salaried,0,115602,713,2,13,53833,120,Auto,8.3,Urban,No,0.047,103833,448.61,1
APP102007,28,Male,Married,Master,2,Unemployed,0,15000,720,0,8,164197,60,Auto,6.45,Urban,No,2.189,164197,2736.62,0
APP102008,45,Female,Married,Bachelor,2,Self-Employed,3,111712,642,2,10,49793,24,Home,8.24,Urban,No,0.223,99793,2074.71,1
APP102009,49,Female,Married,Master,0,Salaried,2,95883,661,3,12,76545,12,Education,9.27,Urban,No,0.798,151545,6378.75,0
APP102010,21,Female,Married,Master,1,Salaried,16,57792,781,3,17,275907,36,Education,5.41,Urban,Yes,1.591,350907,7664.08,1
APP102011,28,Male,Single,Master,0,Unemployed,0,15000,624,1,13,186584,60,Auto,8.41,Urban,No,2.488,211584,3109.73,0
APP102012,28,Male,Married,PhD,0,Salaried,13,54088,703,4,10,162875,240,Home,7.94,Urban,No,0.151,262875,678.65,1
APP102013,26,Female,Married,High School,1,Salaried,1,44011,625,1,1,17322,120,Home,8.89,Rural,No,0.039,42322,144.35,1
APP102014,47,Female,Divorced,High School,1,Unemployed,0,15000,767,0,0,131140,120,Education,5.03,Rural,No,0.874,131140,1092.83,0
APP102015,35,Male,Single,Master,1,Self-Employed,0,102809,730,2,7,5000,24,Home,7.96,Urban,Yes,0.024,55000,208.33,1
APP102016,34,Female,Married,Master,1,Salaried,6,50709,568,1,4,152980,24,Business,11.63,Semiurban,No,1.508,177980,6374.17,0
APP102017,21,Male,Married,Master,0,Salaried,8,61877,659,0,4,50242,24,Personal,9.72,Rural,Yes,0.406,50242,2093.42,1
APP102018,45,Male,Single,High School,0,Business,19,66327,513,2,7,194627,24,Education,10.84,Semiurban,No,1.467,244627,8109.46,0
APP102019,23,Male,Married,Bachelor,3,Salaried,13,41831,752,1,11,162904,60,Business,7.37,Semiurban,No,0.779,187904,2715.07,1
APP102020,38,Male,Single,High School,0,Salaried,5,46750,843,2,4,52712,120,Auto,4.65,Rural,No,0.113,102712,439.27,1
APP102021,41,Male,Divorced,Bachelor,0,Salaried,2,44646,505,2,12,180527,36,Business,10.63,Urban,No,1.348,230527,5014.64,0
APP102022,54,Male,Married,High School,2,Salaried,14,59500,565,0,8,317471,120,Business,9.95,Urban,No,0.534,317471,2645.59,1
APP102023,22,Male,Single,High School,4,Unemployed,0,15000,693,0,8,133781,12,Medical,5.32,Semiurban,No,8.919,133781,11148.42,0
APP102024,21,Female,Single,High School,2,Self-Employed,9,44153,678,1,17,220424,60,Business,7.38,Semiurban,No,0.998,245424,3673.73,1
APP102025,40,Male,Married,Bachelor,0,Self-Employed,0,99607,647,1,8,5000,60,Business,7.59,Urban,No,0.01,30000,83.33,1
APP102026,59,Male,Married,High School,0,Unemployed,0,15000,540,0,7,187415,36,Education,11.4,Rural,No,4.165,187415,5205.97,0
APP102027,52,Male,Married,High School,4,Salaried,10,25612,705,0,10,104458,60,Auto,8.19,Rural,No,0.816,104458,1740.97,0
APP102028,40,Male,Single,High School,2,Salaried,0,34549,751,0,16,128478,24,Auto,5.29,Urban,No,1.859,128478,5353.25,0
APP102029,32,Female,Married,High School,1,Self-Employed,14,52196,850,1,7,197609,36,Auto,5.83,Semiurban,No,1.262,222609,5489.14,0
APP102030,47,Male,Single,PhD,0,Salaried,11,24521,784,0,10,130521,60,Home,5.71,Rural,No,1.065,130521,2175.35,1
APP102031,26,Female,Married,High School,0,Salaried,12,52948,576,0,7,20604,36,Home,9.41,Urban,No,0.13,20604,572.33,1
APP102032,43,Male,Married,High School,0,Salaried,5,43505,679,1,7,272177,120,Business,6.63,Urban,No,0.626,297177,2268.14,0
APP102033,44,Male,Married,Master,1,Salaried,9,110517,727,0,5,33983,120,Personal,6.66,Rural,No,0.031,33983,283.19,1
APP102034,50,Male,Married,Bachelor,0,Salaried,8,75203,624,0,5,82837,24,Personal,9.38,Urban,No,0.551,82837,3451.54,1
APP102035,70,Male,Single,Bachelor,4,Salaried,7,62998,742,3,16,160249,36,Education,8.16,Semiurban,No,0.848,235249,4451.36,1
APP102036,42,Male,Single,Bachelor,0,Salaried,9,51104,736,1,5,160994,36,Home,7.17,Urban,Yes,1.05,185994,4472.06,0
APP102037,31,Female,Married,PhD,2,Salaried,15,156914,778,0,0,184237,36,Medical,6.13,Rural,No,0.391,184237,5117.69,1
APP102038,37,Male,Married,High School,0,Salaried,14,79972,744,2,8,160661,60,Business,7.7,Urban,No,0.402,210661,2677.68,1
APP102039,21,Male,Married,PhD,1,Salaried,0,82434,702,0,13,241873,12,Home,8.1,Urban,No,2.934,241873,20156.08,0
APP102040,29,Male,Married,Master,0,Unemployed,0,15000,628,1,14,189223,120,Medical,7.93,Semiurban,No,1.261,214223,1576.86,0
APP102041,33,Male,Divorced,Bachelor,2,Unemployed,0,15000,576,0,2,55143,36,Auto,10.04,Urban,No,1.225,55143,1531.75,0
APP102042,31,Male,Married,Bachelor,1,Self-Employed,7,54369,697,2,13,5000,12,Medical,7.48,Urban,No,0.092,55000,416.67,1
APP102043,39,Male,Married,Bachelor,0,Unemployed,0,15000,647,0,18,162087,60,Home,8.91,Urban,No,2.161,162087,2701.45,0
APP102044,28,Male,Single,High School,2,Unemployed,0,15000,655,0,4,267291,60,Medical,8.42,Semiurban,No,3.564,267291,4454.85,0
APP102045,51,Male,Single,High School,1,Salaried,2,23189,769,1,7,49810,240,Business,5.81,Urban,Yes,0.107,74810,207.54,1
APP102046,38,Female,Married,PhD,3,Salaried,5,157998,789,1,1,66004,60,Home,7.68,Urban,No,0.084,91004,1100.07,1
APP102047,37,Female,Married,Bachelor,3,Unemployed,0,15000,581,1,17,178388,36,Education,10.33,Rural,No,3.964,203388,4955.22,0
APP102048,34,Male,Married,High School,3,Self-Employed,5,64291,663,1,0,188639,240,Business,9.22,Urban,No,0.147,213639,786.0,1
APP102049,39,Male,Single,Master,0,Salaried,13,68451,645,0,6,239782,36,Home,8.98,Rural,No,1.168,239782,6660.61,0
APP102050,47,Female,Married,Bachelor,0,Self-Employed,15,96884,705,2,11,281288,120,Education,8.72,Semiurban,No,0.29,331288,2344.07,1
APP102051,27,Male,Single,High School,4,Salaried,14,15000,498,1,4,168886,36,Auto,11.95,Rural,No,3.753,193886,4691.28,0
APP102052,30,Male,Married,Bachelor,1,Salaried,19,71022,563,0,3,75863,12,Business,11.71,Urban,Yes,1.068,75863,6321.92,0
APP102053,34,Male,Single,Bachelor,0,Salaried,7,64003,670,2,7,78310,60,Education,5.73,Semiurban,No,0.245,128310,1305.17,1
APP102054,21,Male,Single,High School,2,Salaried,9,15000,742,2,19,106509,36,Education,7.26,Semiurban,No,2.367,156509,2958.58,0
APP102055,28,Male,Single,PhD,0,Salaried,9,112250,686,3,6,232496,36,Home,8.54,Urban,No,0.69,307496,6458.22,1
APP102056,32,Female,Single,High School,2,Business,7,78510,733,1,6,109993,60,Home,7.64,Semiurban,No,0.28,134993,1833.22,1
APP102057,48,Female,Married,Bachelor,2,Salaried,11,15000,695,1,2,226926,36,Education,7.02,Urban,No,5.043,251926,6303.5,0
APP102058,41,Female,Single,High School,2,Salaried,0,21231,782,2,9,28013,24,Home,5.64,Urban,No,0.66,78013,1167.21,0
APP102059,40,Female,Single,Bachelor,0,Salaried,9,111609,798,0,12,172972,36,Auto,5.0,Rural,No,0.517,172972,4804.78,1
APP102060,48,Male,Married,High School,1,Self-Employed,0,46486,619,3,4,89912,120,Business,10.11,Semiurban,Yes,0.193,164912,749.27,1
APP102061,36,Male,Married,High School,1,Unemployed,0,15000,750,0,10,191768,24,Medical,7.9,Semiurban,No,6.392,191768,7990.33,0
APP102062,42,Female,Single,Master,1,Salaried,12,114621,720,0,5,129498,60,Home,5.96,Urban,No,0.226,129498,2158.3,1
APP102063,36,Female,Single,High School,0,Salaried,6,48893,850,0,0,213802,24,Business,5.21,Semiurban,No,2.186,213802,8908.42,0
APP102064,41,Male,Divorced,Master,1,Salaried,12,111060,616,1,10,115206,12,Auto,8.82,Urban,No,1.037,140206,9600.5,0
APP102065,31,Female,Married,Bachelor,1,Self-Employed,6,15000,670,0,18,147922,36,Business,10.35,Rural,No,3.287,147922,4108.94,0
APP102066,21,Male,Married,PhD,1,Salaried,14,86778,597,0,2,214646,60,Home,10.62,Urban,No,0.495,214646,3577.43,1
APP102067,36,Male,Married,Bachelor,2,Salaried,6,15000,602,1,8,141848,36,Education,9.61,Rural,No,3.152,166848,3940.22,0
APP102068,55,Male,Single,High School,1,Salaried,0,15000,710,1,14,154664,36,Medical,7.67,Rural,No,3.437,179664,4296.22,0
APP102069,49,Male,Single,High School,0,Salaried,9,32444,696,2,7,210838,36,Home,9.38,Urban,No,2.166,260838,5856.61,0
APP102070,49,Male,Married,Master,2,Unemployed,0,15000,723,0,0,143859,120,Medical,7.6,Urban,No,0.959,143859,1198.82,0
APP102071,52,Male,Married,Master,2,Salaried,0,79345,721,0,8,23215,120,Auto,5.79,Rural,No,0.029,23215,193.46,1
APP102072,39,Male,Single,High School,0,Salaried,2,41638,661,0,15,104316,12,Medical,10.3,Semiurban,No,2.505,104316,8693.0,0
APP102073,40,Male,Married,Bachelor,1,Business,1,95015,660,1,5,5000,36,Personal,9.61,Urban,No,0.018,30000,138.89,1
APP102074,30,Male,Single,Bachelor,0,Business,4,96551,602,0,9,130004,60,Home,9.42,Rural,Yes,0.269,130004,2166.73,1
APP102075,34,Female,Single,PhD,0,Salaried,1,109316,623,0,2,187705,120,Business,10.14,Rural,No,0.172,187705,1564.21,1
APP102076,45,Male,Single,PhD,3,Unemployed,0,15000,675,1,7,159967,12,Home,7.89,Semiurban,No,10.664,184967,13330.58,0
APP102077,52,Male,Single,PhD,3,Self-Employed,17,80409,695,2,9,261572,60,Home,7.46,Rural,No,0.651,311572,4359.53,1
APP102078,36,Male,Divorced,Master,1,Salaried,3,76801,736,0,8,252613,120,Education,7.16,Semiurban,No,0.329,252613,2105.11,1
APP102079,32,Male,Married,Master,2,Salaried,0,77306,728,1,5,170538,36,Home,8.04,Urban,No,0.735,195538,4737.17,1
APP102080,38,Female,Single,High School,3,Salaried,5,23066,804,0,10,5000,24,Auto,6.39,Urban,No,0.108,5000,208.33,1
APP102081,45,Male,Divorced,Master,4,Salaried,1,113150,602,0,11,203707,36,Education,10.9,Rural,No,0.6,203707,5658.53,1
APP102082,21,Female,Married,Bachelor,1,Salaried,2,78120,661,0,11,88263,240,Auto,9.25,Urban,No,0.056,88263,367.76,1
APP102083,21,Male,Married,PhD,1,Self-Employed,12,73933,609,1,6,220498,60,Business,11.27,Urban,No,0.596,245498,3674.97,0
APP102084,31,Male,Divorced,Bachelor,1,Business,5,82186,782,1,4,175012,36,Medical,8.08,Semiurban,No,0.71,200012,4861.44,0
APP102085,23,Male,Single,High School,0,Salaried,1,77166,639,2,17,202486,12,Medical,9.52,Urban,Yes,2.624,252486,16873.83,0
APP102086,31,Male,Married,Bachelor,1,Salaried,10,64014,772,2,8,190133,60,Education,6.22,Semiurban,No,0.594,240133,3168.88,1
APP102087,36,Male,Married,Bachelor,2,Salaried,14,69892,796,1,6,341214,36,Home,5.9,Urban,No,1.627,366214,9478.17,0
APP102088,32,Male,Married,High School,2,Self-Employed,11,37612,713,0,0,191694,24,Education,5.81,Urban,No,2.548,191694,7987.25,0
APP102089,55,Male,Married,High School,3,Business,0,54780,703,2,3,47588,60,Auto,7.96,Semiurban,No,0.174,97588,793.13,1
APP102090,41,Male,Single,Bachelor,0,Salaried,1,97783,683,2,4,235704,36,Home,7.72,Semiurban,No,0.803,285704,6547.33,0
APP102091,41,Female,Married,High School,1,Self-Employed,8,52779,654,2,10,115564,12,Education,8.22,Semiurban,No,2.19,165564,9630.33,0
APP102092,45,Male,Single,High School,0,Salaried,6,40758,645,0,6,257615,60,Home,9.06,Semiurban,No,1.264,257615,4293.58,0
APP102093,24,Male,Single,High School,0,Self-Employed,6,50560,668,2,8,273430,60,Education,6.54,Urban,No,1.082,323430,4557.17,0
APP102094,50,Male,Single,PhD,3,Salaried,2,197815,825,2,0,199747,60,Medical,5.32,Semiurban,No,0.202,249747,3329.12,1
APP102095,37,Male,Divorced,Master,1,Salaried,0,79293,596,1,15,47789,120,Personal,10.28,Urban,No,0.06,72789,398.24,1
APP102096,46,Male,Single,High School,2,Salaried,20,27473,696,2,4,113174,24,Personal,6.54,Urban,Yes,2.06,163174,4715.58,0
APP102097,25,Female,Married,Master,0,Business,8,85051,736,2,9,257260,36,Home,8.63,Rural,No,1.008,307260,7146.11,1
APP102098,21,Female,Married,Bachelor,1,Self-Employed,11,95422,657,1,5,309920,36,Home,9.3,Semiurban,No,1.083,334920,8608.89,0
APP102099,47,Male,Divorced,High School,2,Unemployed,0,15000,713,2,6,154954,12,Home,9.03,Urban,No,10.33,204954,12912.83,0
APP102100,42,Male,Single,High School,0,Salaried,8,49885,559,2,4,128016,120,Education,11.25,Urban,Yes,0.257,178016,1066.8,1
APP102101,27,Male,Married,Bachelor,0,Salaried,7,41904,786,3,9,55589,36,Home,6.64,Rural,No,0.442,130589,1544.14,1
APP102102,27,Female,Married,Bachelor,0,Salaried,1,15000,770,3,3,56636,36,Personal,8.12,Rural,No,1.259,131636,1573.22,0
APP102103,51,Male,Married,Master,2,Self-Employed,0,55377,672,1,9,168622,36,Home,9.88,Semiurban,No,1.015,193622,4683.94,0
APP102104,23,Male,Married,Bachelor,4,Business,10,91032,609,0,7,206059,36,Auto,11.76,Semiurban,No,0.755,206059,5723.86,1
APP102105,57,Male,Married,High School,2,Business,9,99623,743,0,11,31011,36,Medical,7.02,Rural,No,0.104,31011,861.42,1
APP102106,27,Female,Divorced,PhD,4,Self-Employed,13,159039,588,3,11,216346,36,Personal,9.45,Semiurban,No,0.453,291346,6009.61,1
APP102107,45,Male,Married,High School,2,Self-Employed,12,44232,599,0,6,259782,36,Auto,8.86,Semiurban,No,1.958,259782,7216.17,0
APP102108,34,Male,Single,Bachelor,3,Unemployed,0,15000,675,0,9,200447,36,Auto,7.52,Rural,No,4.454,200447,5567.97,0
APP102109,45,Female,Married,High School,1,Salaried,14,35756,801,1,5,282228,60,Education,6.66,Urban,No,1.579,307228,4703.8,0
APP102110,31,Male,Married,High School,1,Business,12,24504,731,0,14,178437,60,Auto,10.11,Semiurban,Yes,1.456,178437,2973.95,1
APP102111,36,Female,Married,Bachelor,1,Unemployed,0,15000,628,1,6,179229,12,Auto,10.95,Urban,No,11.949,204229,14935.75,0
APP102112,38,Male,Married,High School,2,Salaried,21,15646,545,2,6,177701,120,Business,10.92,Urban,No,1.136,227701,1480.84,0
APP102113,25,Female,Single,Bachelor,0,Self-Employed,20,95742,683,0,5,258753,24,Education,9.11,Rural,Yes,1.351,258753,10781.38,1
APP102114,46,Female,Married,High School,0,Salaried,12,56102,700,1,4,193011,36,Auto,7.45,Semiurban,No,1.147,218011,5361.42,0
APP102115,31,Male,Married,Bachelor,3,Salaried,11,38000,674,1,18,107619,60,Home,8.03,Urban,No,0.566,132619,1793.65,1
APP102116,35,Female,Married,Bachelor,0,Self-Employed,14,76367,824,1,10,183874,240,Home,4.49,Semiurban,No,0.12,208874,766.14,1
APP102117,26,Male,Single,High School,4,Salaried,4,44380,669,0,8,184675,12,Education,7.65,Rural,Yes,4.161,184675,15389.58,0
APP102118,21,Female,Married,Master,2,Salaried,4,106338,497,2,5,133013,60,Education,12.62,Rural,Yes,0.25,183013,2216.88,1
APP102119,35,Male,Married,High School,0,Business,12,30316,647,0,13,231806,60,Business,10.54,Semiurban,No,1.529,231806,3863.43,0
APP102120,66,Female,Single,High School,2,Salaried,2,52491,716,0,5,157318,60,Medical,8.72,Semiurban,Yes,0.599,157318,2621.97,1
APP102121,47,Male,Single,Bachelor,2,Salaried,11,27080,710,1,8,206422,12,Medical,9.26,Semiurban,No,7.623,231422,17201.83,0
APP102122,37,Female,Divorced,Bachelor,0,Self-Employed,8,95315,665,3,19,190780,60,Home,9.48,Semiurban,No,0.4,265780,3179.67,1
APP102123,34,Male,Single,Bachelor,2,Salaried,2,86567,652,1,3,91938,24,Business,8.93,Rural,No,0.531,116938,3830.75,0
APP102124,38,Female,Divorced,High School,2,Salaried,8,30282,520,1,10,71635,12,Business,11.07,Urban,Yes,2.366,96635,5969.58,0
APP102125,44,Female,Single,Master,0,Salaried,15,117621,686,1,9,92778,60,Medical,8.86,Semiurban,No,0.158,117778,1546.3,1
APP102126,23,Male,Married,Bachelor,0,Salaried,8,20649,652,0,10,143507,60,Medical,7.28,Urban,No,1.39,143507,2391.78,0
APP102127,51,Female,Married,High School,0,Salaried,8,61242,699,0,6,277322,120,Auto,7.42,Semiurban,No,0.453,277322,2311.02,1
APP102128,46,Female,Married,High School,0,Business,9,100759,719,0,5,146207,12,Home,6.83,Urban,No,1.451,146207,12183.92,0
APP102129,46,Male,Married,Master,0,Salaried,10,89238,779,0,9,179900,36,Education,7.66,Rural,No,0.672,179900,4997.22,1
APP102130,43,Male,Married,Bachelor,2,Salaried,6,55111,603,1,5,219841,12,Home,8.56,Semiurban,No,3.989,244841,18320.08,0
APP102131,38,Male,Married,High School,1,Unemployed,0,15000,576,0,0,121291,36,Auto,11.41,Rural,No,2.695,121291,3369.19,0
APP102132,46,Male,Single,High School,3,Business,1,47151,634,2,3,116826,36,Home,9.71,Rural,No,0.826,166826,3245.17,0
APP102133,45,Male,Married,High School,0,Salaried,3,87930,621,4,6,234126,60,Personal,9.98,Rural,No,0.533,334126,3902.1,1
APP102134,33,Male,Single,Bachelor,1,Salaried,3,45336,613,1,2,195453,36,Auto,9.27,Urban,No,1.437,220453,5429.25,0
APP102135,31,Male,Married,Master,1,Self-Employed,10,144978,795,0,8,104880,60,Business,4.64,Urban,No,0.145,104880,1748.0,1
APP102136,39,Male,Single,Bachelor,3,Self-Employed,8,49763,691,0,4,117012,36,Personal,8.68,Semiurban,Yes,0.784,117012,3250.33,0
APP102137,56,Male,Single,Bachelor,1,Business,7,149880,837,1,7,156825,60,Personal,6.15,Semiurban,No,0.209,181825,2613.75,1
APP102138,23,Female,Married,Master,1,Salaried,12,143400,679,1,18,176369,120,Education,8.92,Urban,No,0.123,201369,1469.74,1
APP102139,21,Female,Single,Bachelor,3,Salaried,10,69649,586,0,14,249518,24,Education,10.14,Rural,No,1.791,249518,10396.58,0
APP102140,39,Male,Single,Bachelor,0,Salaried,6,67166,615,0,10,192559,36,Auto,8.56,Urban,Yes,0.956,192559,5348.86,1
APP102141,38,Female,Married,High School,0,Self-Employed,1,30311,761,1,17,71319,60,Medical,6.16,Semiurban,No,0.471,96319,1188.65,1
APP102142,40,Female,Married,Bachelor,1,Self-Employed,3,39729,589,1,7,87097,60,Auto,10.67,Rural,No,0.438,112097,1451.62,1
APP102143,40,Female,Married,Bachelor,2,Salaried,0,67447,724,1,7,174777,36,Home,6.73,Rural,No,0.864,199777,4854.92,0
APP102144,35,Male,Married,High School,0,Salaried,8,67518,651,3,2,161422,12,Home,8.02,Urban,No,2.391,236422,13451.83,0
APP102145,55,Male,Single,PhD,1,Unemployed,0,15000,605,2,14,82482,240,Auto,8.45,Semiurban,No,0.275,132482,343.68,1
APP102146,21,Female,Married,Master,1,Salaried,5,149757,790,0,17,234231,60,Business,6.74,Semiurban,No,0.313,234231,3903.85,1
APP102147,28,Female,Single,Bachelor,3,Salaried,7,44746,632,2,12,5000,60,Home,9.87,Semiurban,Yes,0.022,55000,83.33,1
APP102148,36,Female,Married,Bachelor,0,Business,14,98602,613,1,15,176849,36,Auto,10.89,Semiurban,No,0.598,201849,4912.47,1
APP102149,21,Female,Divorced,Bachelor,0,Salaried,13,65800,673,2,0,26243,60,Home,6.4,Urban,No,0.08,76243,437.38,1
APP102150,35,Male,Married,High School,1,Salaried,7,40223,639,2,19,220455,240,Medical,10.39,Urban,No,0.274,270455,918.56,1
APP102151,57,Male,Married,High School,1,Salaried,15,15000,850,0,7,128800,60,Business,6.11,Urban,Yes,1.717,128800,2146.67,0
APP102152,38,Male,Single,Master,2,Self-Employed,0,69456,764,0,19,209818,24,Auto,7.93,Urban,No,1.51,209818,8742.42,0
APP102153,40,Male,Married,Bachelor,1,Salaried,19,64990,632,0,16,118720,240,Auto,9.48,Urban,No,0.091,118720,494.67,1
APP102154,22,Female,Married,Master,2,Unemployed,0,15000,641,0,11,256059,60,Home,9.4,Rural,Yes,3.414,256059,4267.65,0
APP102155,30,Male,Single,High School,2,Salaried,8,53133,518,1,6,5000,12,Auto,11.86,Urban,Yes,0.094,30000,416.67,1
APP102156,33,Male,Single,Bachelor,3,Self-Employed,2,94705,690,1,8,220359,60,Personal,7.29,Semiurban,No,0.465,245359,3672.65,1
APP102157,34,Female,Married,Bachelor,1,Salaried,5,53998,620,0,0,101372,12,Home,8.73,Rural,No,1.877,101372,8447.67,0
APP102158,53,Male,Married,Bachelor,4,Salaried,11,35939,687,1,12,180007,60,Business,8.49,Urban,No,1.002,205007,3000.12,1
APP102159,44,Female,Married,Master,0,Self-Employed,11,153984,522,1,0,183367,120,Home,11.31,Semiurban,No,0.119,208367,1528.06,1
APP102160,24,Female,Divorced,PhD,2,Salaried,12,41781,677,0,6,38606,60,Auto,9.18,Urban,Yes,0.185,38606,643.43,1
APP102161,40,Male,Single,High School,1,Self-Employed,3,37898,815,1,15,229793,36,Medical,5.34,Urban,No,2.021,254793,6383.14,0
APP102162,43,Male,Married,High School,2,Salaried,2,27125,684,1,11,181496,120,Auto,6.85,Semiurban,No,0.669,206496,1512.47,1
APP102163,51,Male,Married,High School,1,Salaried,9,55063,618,1,0,159355,120,Business,8.22,Urban,No,0.289,184355,1327.96,1
APP102164,56,Male,Single,Bachelor,2,Salaried,12,92925,678,1,1,180814,36,Home,7.68,Semiurban,No,0.649,205814,5022.61,0
APP102165,25,Male,Married,High School,3,Self-Employed,8,46752,674,1,5,160018,36,Business,9.25,Urban,Yes,1.141,185018,4444.94,1
APP102166,28,Male,Single,Bachelor,2,Salaried,16,65744,850,0,8,216774,240,Medical,4.48,Rural,No,0.165,216774,903.22,1
APP102167,22,Female,Single,Bachelor,2,Unemployed,0,15000,653,2,12,112286,24,Medical,9.24,Urban,No,3.743,162286,4678.58,0
APP102168,35,Male,Single,Bachelor,0,Salaried,7,105100,583,1,11,216894,36,Auto,8.67,Urban,Yes,0.688,241894,6024.83,1
APP102169,43,Female,Divorced,Master,0,Salaried,12,20358,681,1,2,195783,36,Personal,8.54,Semiurban,No,3.206,220783,5438.42,0
APP102170,49,Male,Married,Bachelor,4,Salaried,15,78605,695,0,11,136238,24,Education,8.14,Urban,No,0.867,136238,5676.58,1
APP102171,37,Male,Married,Bachelor,2,Salaried,0,69413,724,0,11,297699,36,Medical,8.71,Urban,No,1.43,297699,8269.42,0
APP102172,34,Female,Single,High School,1,Salaried,1,35510,740,2,10,186128,60,Home,7.35,Urban,Yes,1.048,236128,3102.13,1
APP102173,39,Male,Married,Bachelor,1,Business,6,102233,836,0,20,165600,24,Home,6.04,Rural,No,0.81,165600,6900.0,1
APP102174,27,Male,Married,Bachelor,0,Salaried,26,78520,632,1,11,195916,60,Business,11.31,Semiurban,No,0.499,220916,3265.27,1
APP102175,63,Female,Divorced,Bachelor,1,Salaried,6,74579,625,1,12,141618,36,Education,9.54,Urban,No,0.633,166618,3933.83,1
APP102176,21,Female,Married,Master,1,Unemployed,0,15000,531,1,17,246088,12,Business,12.91,Semiurban,No,16.406,271088,20507.33,0
APP102177,40,Female,Married,Master,0,Salaried,11,82143,732,0,12,148291,60,Home,7.48,Urban,No,0.361,148291,2471.52,1
APP102178,62,Male,Single,Master,0,Salaried,13,78874,609,0,5,215554,60,Auto,9.29,Urban,No,0.547,215554,3592.57,1
APP102179,38,Male,Married,High School,1,Salaried,9,38827,751,0,14,64537,120,Home,6.87,Rural,Yes,0.166,64537,537.81,1
APP102180,35,Female,Married,Bachelor,1,Salaried,14,73824,640,1,5,6334,36,Home,8.69,Urban,Yes,0.029,31334,175.94,1
APP102181,33,Female,Divorced,High School,0,Salaried,0,41438,818,3,3,182210,12,Home,5.17,Semiurban,Yes,4.397,257210,15184.17,0
APP102182,35,Male,Single,High School,1,Salaried,3,42231,565,0,3,119295,12,Personal,10.13,Rural,No,2.825,119295,9941.25,0
APP102183,54,Female,Single,High School,3,Salaried,14,42312,761,2,14,134586,60,Home,6.48,Urban,No,0.636,184586,2243.1,1
APP102184,21,Male,Married,High School,1,Self-Employed,8,47573,752,0,11,5000,36,Home,7.67,Urban,No,0.035,5000,138.89,1
APP102185,56,Male,Single,High School,3,Business,0,47022,722,2,13,286050,240,Business,5.86,Urban,Yes,0.304,336050,1191.88,1
APP102186,21,Male,Single,Bachelor,3,Self-Employed,0,84543,590,0,11,158364,120,Education,10.49,Semiurban,Yes,0.187,158364,1319.7,1
APP102187,34,Male,Married,PhD,0,Salaried,3,84598,722,0,8,256765,12,Business,7.68,Rural,No,3.035,256765,21397.08,0
APP102188,32,Male,Married,High School,0,Salaried,8,52739,690,1,9,38593,120,Business,9.58,Urban,No,0.073,63593,321.61,1
APP102189,45,Male,Married,Master,1,Salaried,10,81599,533,1,10,157891,24,Home,10.97,Semiurban,No,0.967,182891,6578.79,0
APP102190,21,Male,Married,High School,1,Salaried,6,35234,804,0,4,182601,36,Education,7.05,Rural,No,1.728,182601,5072.25,0
APP102191,43,Female,Single,High School,1,Salaried,10,69384,652,0,1,160717,60,Home,8.1,Semiurban,No,0.463,160717,2678.62,0
APP102192,62,Female,Married,Bachelor,0,Salaried,5,57442,798,0,5,168679,12,Home,5.59,Semiurban,Yes,2.937,168679,14056.58,0
APP102193,21,Female,Single,Bachelor,1,Salaried,15,75570,674,2,10,38806,24,Personal,8.94,Rural,No,0.257,88806,1616.92,1
APP102194,40,Female,Divorced,High School,0,Business,23,44625,758,3,4,175360,36,Business,7.45,Semiurban,No,1.31,250360,4871.11,0
APP102195,30,Male,Married,High School,4,Salaried,5,15000,611,0,18,82585,60,Business,9.51,Rural,No,1.101,82585,1376.42,1
APP102196,43,Male,Married,Bachelor,0,Unemployed,0,15000,697,1,10,100582,36,Home,8.28,Urban,No,2.235,125582,2793.94,0
APP102197,38,Female,Single,High School,3,Business,10,15000,691,0,8,151320,60,Auto,8.02,Semiurban,No,2.018,151320,2522.0,0
APP102198,30,Male,Married,Bachelor,0,Salaried,8,54078,654,0,4,121847,36,Education,9.71,Urban,No,0.751,121847,3384.64,0
APP102199,43,Male,Single,Bachelor,0,Salaried,11,96716,610,0,12,126446,60,Home,9.65,Rural,No,0.261,126446,2107.43,1
APP102200,59,Male,Married,High School,0,Self-Employed,10,31389,434,1,1,239918,36,Medical,13.1,Semiurban,Yes,2.548,264918,6664.39,0
APP102201,35,Female,Married,Master,4,Self-Employed,5,15000,612,0,9,137516,120,Home,10.75,Semiurban,No,0.917,137516,1145.97,0
APP102202,46,Male,Married,High School,0,Salaried,15,68254,736,2,5,118248,240,Education,7.49,Urban,Yes,0.087,168248,492.7,1
APP102203,22,Female,Single,Bachelor,1,Salaried,9,48116,568,0,8,140158,120,Education,11.31,Urban,No,0.291,140158,1167.98,1
APP102204,26,Male,Married,Master,3,Salaried,5,77488,584,2,10,61080,24,Medical,12.82,Urban,No,0.394,111080,2545.0,1
APP102205,43,Female,Married,PhD,2,Salaried,22,127531,565,1,2,163004,36,Auto,8.71,Urban,No,0.426,188004,4527.89,1
APP102206,55,Female,Single,Bachelor,1,Unemployed,0,15000,696,0,0,207747,36,Home,7.05,Urban,Yes,4.617,207747,5770.75,0
APP102207,42,Female,Married,Bachelor,4,Salaried,9,78762,608,1,3,175118,120,Medical,8.91,Semiurban,Yes,0.222,200118,1459.32,1
APP102208,34,Male,Single,High School,3,Salaried,9,57757,777,0,12,152932,36,Home,5.61,Semiurban,No,0.883,152932,4248.11,1
APP102209,37,Male,Married,Bachelor,1,Salaried,7,16347,738,0,9,198118,60,Business,8.66,Semiurban,Yes,2.424,198118,3301.97,0
APP102210,22,Female,Married,Bachelor,1,Business,10,36961,696,0,5,105671,60,Home,5.41,Semiurban,No,0.572,105671,1761.18,0
APP102211,45,Male,Married,Bachelor,4,Self-Employed,2,107135,704,0,17,153139,24,Medical,8.4,Rural,No,0.715,153139,6380.79,1
APP102212,48,Male,Married,Master,4,Business,11,78890,618,0,14,261864,60,Medical,8.11,Urban,No,0.664,261864,4364.4,1
APP102213,32,Male,Single,High School,1,Business,0,45343,618,0,13,126473,24,Business,9.67,Semiurban,Yes,1.395,126473,5269.71,0
APP102214,32,Female,Single,Master,2,Business,0,55436,736,0,4,198630,24,Auto,7.54,Urban,No,1.792,198630,8276.25,0
APP102215,41,Male,Married,Master,0,Self-Employed,18,77807,753,0,13,200631,36,Home,7.85,Semiurban,No,0.86,200631,5573.08,1
APP102216,32,Female,Married,Bachelor,1,Salaried,0,51267,736,3,9,89385,12,Home,7.01,Semiurban,No,1.744,164385,7448.75,0
APP102217,37,Male,Single,Bachelor,0,Salaried,0,36563,642,2,4,205035,12,Auto,8.99,Semiurban,No,5.608,255035,17086.25,0
APP102218,63,Male,Married,High School,0,Self-Employed,0,28285,648,0,7,101452,60,Home,6.99,Semiurban,No,0.717,101452,1690.87,0
APP102219,35,Female,Married,PhD,2,Salaried,18,108746,605,1,2,184325,120,Home,12.18,Urban,No,0.17,209325,1536.04,1
APP102220,33,Male,Single,High School,1,Self-Employed,0,33438,741,1,4,100163,60,Home,7.49,Urban,No,0.599,125163,1669.38,0
APP102221,30,Male,Married,Bachelor,0,Salaried,2,44842,523,0,2,172484,36,Home,11.98,Semiurban,No,1.282,172484,4791.22,0
APP102222,46,Female,Single,Bachelor,1,Self-Employed,0,15000,503,0,12,160337,36,Business,13.01,Semiurban,No,3.563,160337,4453.81,0
APP102223,35,Female,Married,PhD,1,Salaried,6,173528,519,3,7,158955,60,Home,11.55,Urban,Yes,0.183,233955,2649.25,1
APP102224,30,Male,Single,Master,4,Salaried,5,108609,508,1,3,171756,120,Personal,12.26,Urban,No,0.158,196756,1431.3,0
APP102225,53,Female,Married,Bachelor,3,Self-Employed,5,57155,788,2,10,107547,24,Home,6.96,Semiurban,No,0.941,157547,4481.12,0
APP102226,55,Female,Married,High School,1,Salaried,19,26266,742,1,8,56692,36,Auto,5.69,Rural,Yes,0.719,81692,1574.78,1
APP102227,30,Female,Married,High School,3,Self-Employed,0,50628,584,1,13,156528,36,Home,10.85,Semiurban,No,1.031,181528,4348.0,1
APP102228,21,Male,Married,High School,0,Salaried,7,41710,671,1,8,238223,120,Education,10.66,Urban,Yes,0.571,263223,1985.19,1
APP102229,50,Male,Married,Master,2,Unemployed,0,15000,797,1,0,196659,60,Home,7.81,Urban,No,2.622,221659,3277.65,0
APP102230,29,Female,Single,Bachelor,4,Business,2,15000,720,1,5,185779,60,Home,9.13,Semiurban,No,2.477,210779,3096.32,0
APP102231,47,Female,Married,Master,1,Salaried,10,60902,849,0,2,109129,12,Home,6.93,Semiurban,Yes,1.792,109129,9094.08,0
APP102232,21,Male,Divorced,Bachelor,2,Self-Employed,5,25098,670,1,10,164919,36,Business,7.34,Urban,No,2.19,189919,4581.08,0
APP102233,48,Male,Married,Bachelor,0,Salaried,10,64284,627,1,13,83560,60,Auto,8.94,Urban,No,0.26,108560,1392.67,1
APP102234,23,Male,Single,High School,0,Salaried,7,45116,593,0,0,116112,60,Auto,9.23,Semiurban,No,0.515,116112,1935.2,0
APP102235,46,Male,Single,High School,1,Self-Employed,0,29962,681,0,7,178567,120,Personal,11.88,Urban,Yes,0.596,178567,1488.06,1
APP102236,38,Male,Divorced,High School,4,Self-Employed,15,39173,754,2,13,5000,60,Home,7.16,Urban,Yes,0.026,55000,83.33,1
APP102237,26,Male,Married,Bachelor,1,Salaried,20,104076,687,3,0,288363,36,Home,6.85,Rural,No,0.924,363363,8010.08,0
APP102238,33,Female,Married,High School,3,Salaried,6,55564,651,2,5,43266,60,Auto,7.88,Rural,Yes,0.156,93266,721.1,1
APP102239,46,Male,Married,Bachelor,3,Business,2,73040,780,0,7,301097,60,Home,6.51,Semiurban,No,0.824,301097,5018.28,0
APP102240,39,Female,Single,Bachelor,0,Salaried,17,117298,722,0,13,82887,60,Home,6.2,Urban,No,0.141,82887,1381.45,1
APP102241,45,Male,Married,Bachelor,1,Business,19,45114,670,0,10,82097,120,Auto,10.47,Urban,No,0.182,82097,684.14,1
APP102242,61,Male,Divorced,High School,1,Self-Employed,6,33333,618,1,11,118191,24,Business,10.43,Urban,No,1.773,143191,4924.62,0
APP102243,21,Male,Married,High School,1,Salaried,6,40066,659,2,11,114846,60,Home,9.13,Urban,Yes,0.573,164846,1914.1,1
APP102244,57,Male,Single,High School,0,Salaried,7,15207,717,2,6,101599,24,Medical,6.61,Urban,No,3.341,151599,4233.29,0
APP102245,39,Female,Single,Bachelor,4,Salaried,0,104757,617,2,16,120354,36,Auto,8.34,Urban,No,0.383,170354,3343.17,1
APP102246,27,Female,Single,High School,2,Business,6,67807,581,0,4,157337,24,Personal,10.73,Semiurban,No,1.16,157337,6555.71,0
APP102247,22,Male,Married,Master,1,Business,18,78489,641,0,0,78206,60,Auto,9.32,Semiurban,No,0.199,78206,1303.43,1
APP102248,35,Male,Single,Master,1,Self-Employed,6,111063,676,3,0,217257,120,Business,7.2,Urban,No,0.196,292257,1810.48,1
APP102249,49,Male,Single,High School,0,Salaried,1,44555,789,2,7,262977,12,Medical,6.17,Urban,No,5.902,312977,21914.75,0
APP102250,36,Female,Divorced,Bachelor,1,Self-Employed,10,62860,587,1,6,5000,120,Education,10.21,Semiurban,Yes,0.008,30000,41.67,1
APP102251,56,Female,Single,Bachelor,3,Salaried,3,29787,698,0,5,298431,24,Medical,8.78,Urban,No,5.009,298431,12434.62,0
APP102252,21,Male,Single,Bachelor,3,Self-Employed,7,28913,657,1,8,211803,36,Auto,10.97,Urban,No,2.442,236803,5883.42,0
APP102253,37,Female,Single,High School,0,Salaried,0,80269,661,1,14,170604,60,Auto,6.7,Urban,No,0.425,195604,2843.4,1
APP102254,22,Female,Single,High School,1,Business,1,27490,803,0,10,104061,60,Business,6.74,Semiurban,Yes,0.757,104061,1734.35,1
APP102255,42,Male,Married,High School,2,Self-Employed,12,86057,686,0,11,163329,24,Home,7.58,Semiurban,No,0.949,163329,6805.38,1
APP102256,48,Male,Divorced,High School,0,Salaried,8,27216,606,1,2,221796,120,Business,10.3,Semiurban,Yes,0.815,246796,1848.3,0
APP102257,32,Female,Married,Master,0,Business,3,155514,751,0,5,358793,60,Home,7.11,Urban,Yes,0.461,358793,5979.88,1
APP102258,21,Female,Married,Bachelor,1,Salaried,8,71635,745,4,11,325354,120,Education,7.6,Semiurban,No,0.454,425354,2711.28,1
APP102259,40,Male,Married,Master,1,Salaried,4,99626,599,0,8,27710,120,Personal,8.78,Urban,Yes,0.028,27710,230.92,1
APP102260,43,Male,Married,High School,0,Salaried,3,54810,584,1,10,133374,120,Auto,11.29,Semiurban,No,0.243,158374,1111.45,1
APP102261,42,Male,Single,High School,0,Self-Employed,14,16557,712,1,11,156201,36,Auto,7.8,Semiurban,Yes,3.145,181201,4338.92,0
APP102262,52,Male,Single,Bachelor,0,Business,12,64637,677,1,8,257484,240,Education,9.85,Semiurban,No,0.199,282484,1072.85,1
APP102263,25,Female,Divorced,High School,0,Business,7,27088,642,0,15,143291,120,Business,10.75,Urban,No,0.529,143291,1194.09,1
APP102264,46,Male,Single,High School,1,Self-Employed,8,54375,764,1,5,89580,36,Auto,6.96,Urban,Yes,0.549,114580,2488.33,1
APP102265,52,Female,Single,Bachelor,0,Salaried,7,26916,632,0,3,154303,120,Home,10.35,Urban,No,0.573,154303,1285.86,0
APP102266,21,Female,Married,High School,0,Salaried,10,15000,713,0,0,119173,60,Education,8.64,Semiurban,Yes,1.589,119173,1986.22,0
APP102267,41,Male,Married,Bachelor,3,Salaried,3,54063,773,0,11,228921,60,Auto,7.88,Semiurban,No,0.847,228921,3815.35,0
APP102268,31,Male,Single,High School,0,Business,13,15000,652,0,5,341007,12,Education,10.23,Urban,No,22.734,341007,28417.25,0
APP102269,37,Male,Single,Bachelor,1,Unemployed,0,15000,533,3,14,222844,12,Business,10.18,Semiurban,No,14.856,297844,18570.33,0
APP102270,42,Female,Married,Master,4,Salaried,6,37127,647,1,9,226068,60,Home,9.34,Semiurban,Yes,1.218,251068,3767.8,0
APP102271,32,Male,Married,High School,1,Business,5,40934,695,0,6,248847,36,Education,6.71,Urban,No,2.026,248847,6912.42,0
APP102272,29,Female,Single,PhD,2,Self-Employed,13,15000,760,3,2,186363,12,Home,6.28,Urban,No,12.424,261363,15530.25,0
APP102273,38,Female,Married,Bachelor,1,Salaried,7,101252,638,0,12,118100,36,Auto,8.76,Rural,No,0.389,118100,3280.56,1
APP102274,24,Male,Married,Master,0,Salaried,3,30455,817,0,7,125982,120,Auto,6.25,Semiurban,No,0.414,125982,1049.85,1
APP102275,24,Female,Married,High School,1,Business,5,53444,576,0,9,237680,36,Auto,10.25,Urban,No,1.482,237680,6602.22,0
APP102276,46,Female,Single,Bachelor,1,Salaried,12,15206,693,1,11,173115,60,Education,7.98,Semiurban,No,2.277,198115,2885.25,0
APP102277,24,Male,Single,Bachelor,0,Business,0,58662,660,1,9,71417,120,Business,9.8,Rural,Yes,0.122,96417,595.14,1
APP102278,45,Male,Married,Master,1,Salaried,5,134934,787,0,3,254729,36,Home,7.14,Urban,Yes,0.629,254729,7075.81,1
APP102279,43,Female,Married,Bachelor,3,Salaried,14,67436,562,0,10,88070,12,Medical,11.04,Semiurban,No,1.306,88070,7339.17,0
APP102280,21,Female,Single,Bachelor,0,Salaried,6,41909,714,1,12,59809,36,Auto,8.47,Urban,No,0.476,84809,1661.36,1
APP102281,29,Male,Married,Master,1,Business,9,115334,660,1,9,79848,240,Education,9.45,Urban,No,0.035,104848,332.7,1
APP102282,52,Male,Single,High School,1,Salaried,14,32190,802,2,11,174510,36,Home,7.92,Semiurban,No,1.807,224510,4847.5,0
APP102283,26,Male,Single,High School,2,Business,13,60573,613,1,11,227817,60,Education,9.53,Semiurban,Yes,0.752,252817,3796.95,1
APP102284,32,Female,Married,Bachelor,2,Salaried,5,78596,713,1,6,170376,60,Business,6.99,Rural,No,0.434,195376,2839.6,1
APP102285,43,Male,Single,Bachelor,2,Salaried,7,51722,612,1,5,105451,24,Home,9.96,Semiurban,No,1.019,130451,4393.79,0
APP102286,47,Male,Married,Bachelor,1,Business,13,98249,695,1,19,85365,60,Personal,7.15,Urban,No,0.174,110365,1422.75,1
APP102287,34,Female,Married,Bachelor,0,Salaried,13,65912,650,0,14,211689,36,Business,8.63,Semiurban,No,1.071,211689,5880.25,0
APP102288,30,Male,Married,PhD,0,Business,7,124431,649,0,7,142583,36,Education,9.47,Semiurban,Yes,0.382,142583,3960.64,1
APP102289,55,Male,Married,Bachelor,2,Salaried,7,41601,521,1,11,177280,36,Home,11.07,Urban,Yes,1.42,202280,4924.44,0
APP102290,58,Male,Married,High School,2,Self-Employed,9,39371,713,2,3,138778,24,Medical,7.51,Urban,Yes,1.762,188778,5782.42,0
APP102291,49,Female,Single,High School,4,Self-Employed,16,65082,593,0,5,173955,36,Home,9.87,Urban,Yes,0.891,173955,4832.08,0
APP102292,39,Male,Married,PhD,1,Business,14,190945,590,1,1,181219,12,Home,9.77,Urban,Yes,0.949,206219,15101.58,1
APP102293,28,Female,Divorced,Bachelor,1,Salaried,12,31555,555,0,9,344029,120,Business,9.8,Semiurban,Yes,1.09,344029,2866.91,0
APP102294,28,Female,Single,Master,1,Self-Employed,1,83421,595,0,9,182199,36,Home,11.11,Semiurban,No,0.728,182199,5061.08,0
APP102295,44,Male,Single,High School,0,Salaried,6,28823,720,0,13,119008,60,Auto,8.97,Urban,No,0.826,119008,1983.47,1
APP102296,43,Male,Single,Bachelor,1,Salaried,6,79998,716,0,6,164049,36,Education,8.63,Urban,No,0.684,164049,4556.92,1
APP102297,54,Male,Married,Bachelor,1,Salaried,16,48219,733,0,13,74029,24,Auto,8.28,Urban,Yes,0.768,74029,3084.54,1
APP102298,45,Male,Married,High School,4,Salaried,6,80516,597,0,11,73325,60,Home,9.64,Semiurban,No,0.182,73325,1222.08,1
APP102299,21,Female,Married,Bachelor,1,Business,15,98171,697,1,20,249974,60,Business,8.24,Urban,No,0.509,274974,4166.23,1
APP102300,50,Female,Married,Bachelor,4,Self-Employed,4,107459,630,0,16,174332,24,Home,8.62,Urban,No,0.811,174332,7263.83,1
APP102301,26,Male,Married,Bachelor,1,Salaried,5,34634,756,1,15,239520,60,Business,6.75,Urban,No,1.383,264520,3992.0,1
APP102302,33,Male,Married,Master,0,Business,10,117571,714,0,12,20006,12,Medical,7.67,Semiurban,No,0.17,20006,1667.17,1
APP102303,41,Male,Married,Master,0,Salaried,17,98025,627,0,3,71957,24,Education,8.07,Semiurban,No,0.367,71957,2998.21,1
APP102304,61,Female,Married,Master,0,Self-Employed,6,53301,763,1,9,173858,60,Business,6.87,Rural,No,0.652,198858,2897.63,1
APP102305,70,Male,Married,Master,1,Business,0,117991,720,1,19,84051,36,Home,7.07,Semiurban,No,0.237,109051,2334.75,1
APP102306,45,Male,Married,Bachelor,0,Business,0,129444,569,2,10,36082,24,Home,10.89,Rural,Yes,0.139,86082,1503.42,1
APP102307,35,Male,Married,High School,1,Salaried,9,36269,546,0,3,63687,60,Home,10.84,Semiurban,No,0.351,63687,1061.45,0
APP102308,44,Male,Married,Master,4,Self-Employed,0,60381,572,1,9,124306,36,Auto,10.91,Semiurban,No,0.686,149306,3452.94,0
APP102309,48,Male,Married,Bachelor,2,Salaried,2,105073,811,0,3,183048,60,Home,6.48,Rural,Yes,0.348,183048,3050.8,1
APP102310,34,Male,Married,High School,2,Business,8,32241,598,1,3,287212,12,Education,8.79,Urban,No,8.908,312212,23934.33,0
APP102311,59,Male,Married,Bachelor,0,Salaried,0,63897,830,0,10,65792,120,Home,5.08,Rural,Yes,0.103,65792,548.27,1
APP102312,40,Female,Married,High School,1,Business,5,44407,594,1,11,69928,12,Medical,9.47,Urban,No,1.575,94928,5827.33,0
APP102313,43,Male,Married,Bachelor,0,Salaried,1,36579,586,1,4,33924,36,Education,11.46,Semiurban,Yes,0.309,58924,942.33,1
APP102314,45,Male,Married,High School,3,Self-Employed,0,65974,750,2,5,195849,60,Auto,8.7,Semiurban,Yes,0.594,245849,3264.15,1
APP102315,43,Male,Single,High School,0,Self-Employed,3,46083,754,4,0,159984,36,Medical,6.96,Urban,No,1.157,259984,4444.0,0
APP102316,48,Male,Single,PhD,1,Self-Employed,1,134682,724,3,7,72813,120,Medical,7.92,Rural,No,0.054,147813,606.78,1
APP102317,30,Male,Married,Master,1,Self-Employed,10,15000,734,1,0,83534,60,Medical,5.85,Rural,No,1.114,108534,1392.23,0
APP102318,31,Male,Married,Master,1,Unemployed,0,15000,615,2,6,140085,36,Business,10.0,Semiurban,Yes,3.113,190085,3891.25,0
APP102319,24,Male,Divorced,Bachelor,2,Business,5,62977,746,0,8,144611,24,Education,6.82,Urban,No,1.148,144611,6025.46,0
APP102320,43,Male,Married,Master,0,Salaried,4,16937,699,0,0,66825,12,Auto,9.38,Semiurban,No,3.946,66825,5568.75,0
APP102321,47,Male,Married,Master,1,Business,5,208881,650,1,2,164175,120,Auto,8.77,Urban,No,0.079,189175,1368.12,1
APP102322,43,Male,Single,Bachelor,2,Salaried,1,75025,687,4,7,39899,24,Education,7.44,Rural,Yes,0.266,139899,1662.46,1
APP102323,58,Female,Single,PhD,1,Self-Employed,0,126109,764,1,7,153921,36,Home,5.38,Urban,No,0.407,178921,4275.58,1
APP102324,37,Male,Married,High School,1,Business,0,95797,711,0,7,135793,12,Medical,7.96,Semiurban,Yes,1.418,135793,11316.08,0
APP102325,46,Male,Single,PhD,0,Salaried,0,105902,507,1,9,182088,12,Personal,11.32,Semiurban,No,1.719,207088,15174.0,0
APP102326,24,Male,Married,Bachelor,2,Business,17,60051,751,0,0,246902,24,Home,8.2,Urban,No,2.056,246902,10287.58,0
APP102327,33,Male,Married,Bachelor,4,Business,3,83438,745,1,11,120345,120,Home,7.73,Semiurban,No,0.144,145345,1002.88,1
APP102328,46,Male,Married,High School,1,Salaried,0,30128,649,0,6,150031,60,Home,8.92,Urban,Yes,0.996,150031,2500.52,0
APP102329,48,Male,Married,Bachelor,3,Salaried,4,47491,689,0,5,5000,60,Business,8.85,Urban,Yes,0.021,5000,83.33,1
APP102330,34,Female,Married,Bachelor,1,Salaried,0,28557,689,0,0,307737,120,Home,9.96,Rural,No,1.078,307737,2564.48,0
APP102331,37,Male,Single,PhD,0,Unemployed,0,15000,521,1,6,5000,24,Auto,10.42,Urban,No,0.167,30000,208.33,0
APP102332,21,Male,Married,PhD,0,Salaried,7,131783,647,1,10,143370,240,Home,8.42,Urban,Yes,0.054,168370,597.38,1
APP102333,33,Female,Married,PhD,2,Self-Employed,8,131139,650,0,8,5000,24,Auto,10.94,Urban,No,0.019,5000,208.33,1
APP102334,48,Female,Single,High School,1,Salaried,7,33197,667,0,8,83947,24,Education,7.91,Urban,No,1.264,83947,3497.79,0
APP102335,44,Male,Single,PhD,2,Salaried,5,54878,637,2,6,288835,36,Education,9.92,Semiurban,Yes,1.754,338835,8023.19,0
APP102336,44,Male,Single,Bachelor,2,Business,0,74797,733,3,7,241576,60,Education,8.53,Urban,No,0.646,316576,4026.27,1
APP102337,38,Male,Single,Master,4,Salaried,7,23274,615,2,2,228800,24,Personal,9.68,Urban,No,4.915,278800,9533.33,0
APP102338,38,Male,Divorced,High School,1,Unemployed,0,15000,752,0,7,134579,60,Education,7.65,Rural,Yes,1.794,134579,2242.98,0
APP102339,30,Male,Married,Bachelor,1,Salaried,18,83636,729,0,5,282074,36,Medical,7.13,Semiurban,No,1.124,282074,7835.39,0
APP102340,46,Male,Married,PhD,0,Salaried,6,190678,788,0,2,170588,60,Personal,8.06,Urban,No,0.179,170588,2843.13,1
APP102341,43,Female,Married,PhD,1,Salaried,7,51869,818,0,11,205187,60,Home,5.2,Rural,No,0.791,205187,3419.78,1
APP102342,43,Male,Married,Bachelor,3,Unemployed,0,15000,819,1,0,361752,120,Home,4.67,Rural,No,2.412,386752,3014.6,0
APP102343,31,Male,Single,Master,0,Salaried,16,55015,585,0,10,237225,120,Education,11.19,Urban,Yes,0.431,237225,1976.88,1
APP102344,21,Male,Divorced,High School,4,Salaried,5,22252,707,3,10,144763,60,Home,8.57,Rural,No,1.301,219763,2412.72,0
APP102345,51,Female,Married,Bachelor,4,Salaried,12,31777,622,2,5,190834,240,Education,9.71,Semiurban,No,0.3,240834,795.14,1
APP102346,32,Male,Married,Bachelor,1,Salaried,3,63518,850,0,13,262330,60,Business,5.03,Rural,No,0.826,262330,4372.17,1
APP102347,27,Male,Married,High School,0,Self-Employed,9,30853,729,1,5,199797,60,Home,6.92,Rural,No,1.295,224797,3329.95,0
APP102348,46,Male,Married,High School,0,Self-Employed,13,37656,793,1,4,212645,24,Business,5.41,Semiurban,No,2.824,237645,8860.21,0
APP102349,33,Male,Single,High School,0,Salaried,0,34292,714,1,1,253034,24,Home,7.11,Urban,Yes,3.689,278034,10543.08,0
APP102350,50,Male,Married,Bachelor,0,Salaried,4,41500,469,2,7,352411,24,Home,12.93,Rural,Yes,4.246,402411,14683.79,0
APP102351,45,Male,Divorced,High School,1,Business,13,41669,617,0,3,75215,60,Business,9.45,Semiurban,No,0.361,75215,1253.58,1
APP102352,46,Male,Single,Bachelor,0,Salaried,11,15000,625,1,4,206166,36,Home,8.01,Urban,No,4.581,231166,5726.83,0
APP102353,21,Male,Married,High School,2,Salaried,14,43521,648,0,7,186766,36,Education,8.62,Semiurban,No,1.43,186766,5187.94,0
APP102354,52,Male,Married,Bachelor,1,Salaried,13,61691,708,1,7,119144,24,Education,7.63,Urban,No,0.966,144144,4964.33,0
APP102355,41,Female,Single,Bachelor,0,Salaried,5,40066,720,1,14,98209,36,Home,8.11,Rural,No,0.817,123209,2728.03,1
APP102356,33,Male,Married,Bachelor,1,Salaried,21,69009,469,0,12,282164,36,Home,12.91,Rural,No,1.363,282164,7837.89,0
APP102357,39,Male,Single,Bachelor,4,Salaried,8,94922,661,0,10,68220,60,Education,10.54,Urban,Yes,0.144,68220,1137.0,1
APP102358,21,Male,Married,Bachelor,2,Salaried,0,60589,641,0,7,37276,36,Auto,8.2,Urban,No,0.205,37276,1035.44,1
APP102359,42,Male,Single,High School,1,Salaried,6,65279,790,0,5,104961,36,Business,6.75,Urban,No,0.536,104961,2915.58,1
APP102360,25,Female,Divorced,Master,2,Self-Employed,5,180887,727,1,7,7447,36,Medical,8.09,Semiurban,No,0.014,32447,206.86,1
APP102361,21,Male,Single,High School,2,Unemployed,0,15000,665,4,5,82329,24,Home,8.98,Rural,No,2.744,182329,3430.38,0
APP102362,21,Male,Single,High School,3,Unemployed,0,15000,697,0,4,65795,36,Home,7.76,Semiurban,No,1.462,65795,1827.64,0
APP102363,51,Male,Single,Bachelor,0,Business,14,45635,545,0,7,156883,12,Business,10.42,Semiurban,No,3.438,156883,13073.58,0
APP102364,30,Female,Divorced,High School,3,Salaried,11,34222,732,0,3,265638,24,Business,7.32,Urban,Yes,3.881,265638,11068.25,0
APP102365,56,Female,Married,Master,0,Salaried,1,82183,648,0,3,102859,36,Auto,7.25,Semiurban,No,0.417,102859,2857.19,0
APP102366,31,Male,Married,High School,3,Business,7,104649,615,0,12,219208,24,Auto,8.78,Urban,No,1.047,219208,9133.67,1
APP102367,21,Male,Married,Bachelor,0,Salaried,3,75681,785,1,1,210101,60,Education,5.33,Urban,No,0.555,235101,3501.68,0
APP102368,24,Male,Married,High School,3,Salaried,9,20942,701,2,2,5000,36,Education,8.48,Urban,No,0.08,55000,138.89,1
APP102369,52,Male,Single,High School,4,Salaried,3,31295,626,2,14,105846,60,Auto,10.11,Urban,Yes,0.676,155846,1764.1,1
APP102370,36,Female,Married,High School,0,Salaried,8,41264,631,0,6,119919,60,Medical,8.31,Rural,No,0.581,119919,1998.65,1
APP102371,31,Male,Single,Master,4,Business,6,44403,709,0,14,180516,36,Home,6.51,Rural,Yes,1.355,180516,5014.33,1
APP102372,39,Male,Divorced,PhD,0,Business,7,144820,703,1,2,195605,36,Business,6.48,Semiurban,Yes,0.45,220605,5433.47,1
APP102373,44,Female,Married,Bachelor,0,Business,20,45433,682,0,8,176466,60,Business,9.34,Semiurban,No,0.777,176466,2941.1,1
APP102374,51,Female,Married,Master,1,Business,5,36527,583,1,11,78400,36,Personal,11.26,Rural,No,0.715,103400,2177.78,0
APP102375,55,Male,Single,Bachelor,4,Salaried,0,36325,595,1,3,99334,12,Personal,10.75,Rural,Yes,2.735,124334,8277.83,0
APP102376,33,Female,Married,PhD,1,Self-Employed,14,134929,620,0,16,29740,60,Education,11.1,Urban,No,0.044,29740,495.67,1
APP102377,22,Male,Single,Master,1,Salaried,14,91133,664,0,6,155310,60,Auto,10.5,Urban,No,0.341,155310,2588.5,1
APP102378,33,Female,Single,High School,2,Self-Employed,0,52429,676,3,10,120625,36,Education,7.49,Semiurban,Yes,0.767,195625,3350.69,1
APP102379,41,Female,Single,Bachelor,4,Salaried,3,84790,667,1,4,192613,120,Business,8.27,Semiurban,No,0.227,217613,1605.11,1
APP102380,26,Male,Married,Bachelor,2,Self-Employed,10,98567,670,2,15,205750,60,Home,9.38,Rural,No,0.417,255750,3429.17,1
APP102381,26,Female,Married,High School,0,Unemployed,0,15000,830,0,9,123298,36,Home,3.0,Urban,Yes,2.74,123298,3424.94,0
APP102382,42,Female,Single,High School,0,Salaried,7,43161,747,1,18,172567,60,Personal,6.81,Urban,No,0.8,197567,2876.12,1
APP102383,37,Male,Single,Master,0,Salaried,8,82210,775,0,13,132734,240,Home,7.46,Semiurban,No,0.081,132734,553.06,1
APP102384,38,Male,Married,Master,1,Salaried,2,73201,717,1,12,60920,60,Home,7.31,Urban,Yes,0.166,85920,1015.33,1
APP102385,28,Female,Married,Master,0,Salaried,0,15000,685,2,3,85987,120,Personal,9.03,Urban,No,0.573,135987,716.56,0
APP102386,35,Male,Single,PhD,0,Salaried,20,141419,712,0,8,5000,24,Home,5.76,Urban,No,0.018,5000,208.33,1
APP102387,26,Male,Single,Master,3,Business,2,136379,698,0,6,118340,24,Home,8.32,Urban,Yes,0.434,118340,4930.83,1
APP102388,48,Female,Divorced,High School,0,Salaried,9,20714,744,1,8,102516,24,Personal,6.66,Urban,No,2.475,127516,4271.5,0
APP102389,50,Female,Divorced,High School,1,Salaried,7,66986,601,1,8,62389,60,Auto,9.75,Semiurban,No,0.186,87389,1039.82,1
APP102390,21,Male,Divorced,High School,1,Self-Employed,13,38010,737,1,3,215534,36,Auto,6.31,Semiurban,Yes,1.89,240534,5987.06,0
APP102391,26,Male,Married,High School,0,Salaried,8,40114,693,1,7,192102,36,Education,9.74,Semiurban,Yes,1.596,217102,5336.17,0
APP102392,21,Male,Single,High School,1,Salaried,8,59912,535,1,7,194299,36,Medical,11.37,Urban,No,1.081,219299,5397.19,0
APP102393,30,Male,Single,Bachelor,1,Business,0,98255,686,1,2,205329,60,Home,8.43,Urban,No,0.418,230329,3422.15,1
APP102394,36,Male,Single,Master,3,Business,2,182099,575,1,12,149856,120,Home,12.56,Urban,Yes,0.082,174856,1248.8,1
APP102395,21,Female,Single,Master,0,Salaried,12,66556,637,0,9,149033,24,Education,8.34,Rural,No,1.12,149033,6209.71,0
APP102396,26,Male,Divorced,Bachelor,1,Salaried,11,102279,667,0,12,216416,24,Auto,8.8,Urban,Yes,1.058,216416,9017.33,1
APP102397,25,Male,Married,Master,2,Salaried,2,52721,559,1,10,203381,36,Home,10.14,Urban,No,1.286,228381,5649.47,0
APP102398,40,Male,Married,Bachelor,2,Salaried,0,92940,675,1,0,232193,36,Auto,7.77,Semiurban,Yes,0.833,257193,6449.81,0
APP102399,38,Female,Single,Master,2,Salaried,8,15000,685,2,3,146511,60,Personal,8.61,Urban,No,1.953,196511,2441.85,0
APP102400,29,Male,Divorced,Bachelor,4,Self-Employed,0,38994,740,1,16,71089,60,Home,6.92,Rural,No,0.365,96089,1184.82,1
APP102401,40,Male,Married,High School,2,Business,1,70821,643,1,11,168968,60,Home,11.12,Rural,Yes,0.477,193968,2816.13,1
APP102402,31,Male,Single,Master,1,Salaried,18,64985,701,0,0,103739,24,Home,9.76,Rural,No,0.798,103739,4322.46,0
APP102403,34,Male,Married,High School,2,Self-Employed,16,48830,672,0,10,202282,24,Education,8.4,Semiurban,No,2.071,202282,8428.42,0
APP102404,58,Male,Single,Bachelor,1,Salaried,10,61041,646,0,3,173024,36,Home,7.54,Urban,Yes,0.945,173024,4806.22,1
APP102405,54,Male,Single,High School,0,Salaried,9,21159,546,1,0,154115,24,Auto,10.79,Urban,No,3.642,179115,6421.46,0
APP102406,22,Male,Married,Bachelor,0,Self-Employed,0,38522,671,0,16,118637,12,Medical,9.63,Urban,No,3.08,118637,9886.42,0
APP102407,47,Male,Married,PhD,0,Business,3,157927,739,0,8,230054,24,Home,6.33,Rural,Yes,0.728,230054,9585.58,1
APP102408,47,Male,Single,High School,0,Salaried,6,30339,605,1,9,223912,36,Auto,11.5,Semiurban,No,2.46,248912,6219.78,0
APP102409,24,Male,Single,Master,0,Salaried,3,121583,662,0,1,105160,60,Auto,9.34,Rural,No,0.173,105160,1752.67,1
APP102410,47,Male,Divorced,High School,0,Self-Employed,5,46369,674,1,2,51729,60,Auto,7.35,Semiurban,No,0.223,76729,862.15,0
APP102411,56,Male,Married,High School,3,Salaried,15,54578,768,1,0,164355,24,Business,5.98,Urban,No,1.506,189355,6848.12,0
APP102412,24,Male,Married,High School,3,Salaried,4,49749,682,2,15,244872,120,Home,7.84,Urban,No,0.492,294872,2040.6,1
APP102413,26,Male,Single,Master,1,Salaried,5,58462,703,0,0,49056,12,Business,7.13,Urban,Yes,0.839,49056,4088.0,0
APP102414,50,Male,Single,High School,2,Self-Employed,12,15000,679,0,16,187628,36,Medical,7.27,Urban,No,4.17,187628,5211.89,0
APP102415,41,Male,Single,Bachelor,0,Salaried,0,89623,640,2,3,84322,60,Auto,8.62,Semiurban,No,0.188,134322,1405.37,1
APP102416,44,Male,Single,High School,3,Unemployed,0,15000,589,0,1,68647,36,Medical,9.84,Urban,No,1.525,68647,1906.86,0
APP102417,42,Male,Single,High School,1,Salaried,3,34934,657,2,7,224494,60,Auto,10.16,Semiurban,No,1.285,274494,3741.57,0
APP102418,42,Female,Single,Master,0,Salaried,8,73097,711,0,4,202027,120,Business,8.22,Semiurban,Yes,0.276,202027,1683.56,1
APP102419,22,Female,Married,High School,0,Self-Employed,5,49328,689,1,8,137816,12,Auto,8.72,Semiurban,No,2.794,162816,11484.67,0
APP102420,50,Male,Single,High School,0,Salaried,6,58834,798,0,3,213159,60,Home,6.39,Rural,No,0.725,213159,3552.65,0
APP102421,52,Male,Married,High School,0,Salaried,4,42101,755,0,6,204681,12,Home,6.1,Semiurban,No,4.862,204681,17056.75,0
APP102422,35,Male,Single,Bachelor,0,Salaried,1,56816,779,2,4,31100,36,Auto,7.57,Semiurban,Yes,0.182,81100,863.89,1
APP102423,37,Male,Married,Bachelor,0,Salaried,11,85461,517,1,12,156741,24,Personal,11.23,Urban,No,0.917,181741,6530.88,1
APP102424,21,Male,Single,High School,0,Business,5,78767,806,1,10,263024,60,Home,5.54,Rural,No,0.668,288024,4383.73,1
APP102425,44,Female,Married,High School,0,Salaried,11,29127,701,0,9,187905,24,Medical,8.36,Urban,Yes,3.226,187905,7829.38,0
APP102426,44,Male,Single,Bachelor,4,Unemployed,0,15000,712,3,13,5000,36,Personal,10.26,Semiurban,No,0.111,80000,138.89,1
APP102427,37,Female,Divorced,High School,0,Business,4,41377,751,1,9,64348,24,Auto,6.41,Rural,Yes,0.778,89348,2681.17,1
APP102428,51,Male,Married,Master,0,Salaried,6,76400,681,0,8,229661,24,Auto,6.75,Urban,No,1.503,229661,9569.21,0
APP102429,33,Female,Married,Master,2,Salaried,7,37503,594,0,7,105426,24,Education,10.41,Urban,No,1.406,105426,4392.75,0
APP102430,44,Female,Single,Bachelor,3,Salaried,12,62268,795,0,4,239707,60,Business,6.78,Urban,Yes,0.77,239707,3995.12,1
APP102431,25,Male,Married,High School,1,Salaried,5,39739,618,0,4,313688,240,Home,9.21,Urban,No,0.395,313688,1307.03,0
APP102432,37,Male,Married,Bachelor,3,Self-Employed,12,15000,601,3,8,130964,36,Auto,9.39,Semiurban,No,2.91,205964,3637.89,0
APP102433,35,Male,Single,Master,0,Salaried,10,32299,661,0,13,100572,60,Home,7.51,Urban,No,0.623,100572,1676.2,1
APP102434,40,Male,Married,Bachelor,0,Unemployed,0,15000,649,0,10,69507,120,Medical,9.36,Urban,No,0.463,69507,579.22,0
APP102435,33,Male,Married,Master,0,Salaried,2,66823,680,0,10,210659,36,Home,10.34,Rural,No,1.051,210659,5851.64,0
APP102436,36,Male,Married,Bachelor,1,Salaried,12,86850,672,0,2,101785,36,Business,10.27,Urban,No,0.391,101785,2827.36,1
APP102437,47,Male,Married,Bachelor,1,Salaried,2,15000,787,0,10,117821,240,Auto,6.56,Urban,No,0.393,117821,490.92,1
APP102438,32,Female,Married,High School,2,Salaried,7,18859,716,0,6,61314,120,Business,7.26,Urban,Yes,0.325,61314,510.95,1
APP102439,21,Male,Divorced,Bachelor,0,Business,7,83859,611,0,8,115394,24,Medical,10.16,Urban,No,0.688,115394,4808.08,1
APP102440,58,Female,Married,High School,2,Self-Employed,6,28061,622,1,10,93462,60,Auto,9.24,Urban,No,0.666,118462,1557.7,1
APP102441,54,Male,Married,Master,0,Salaried,5,43268,648,0,2,5000,60,Home,8.4,Rural,Yes,0.023,5000,83.33,1
APP102442,22,Female,Married,Master,1,Business,3,143402,649,3,8,82905,60,Business,9.18,Urban,No,0.116,157905,1381.75,1
APP102443,46,Male,Married,Master,1,Business,0,92873,638,1,9,209695,120,Personal,10.52,Urban,No,0.226,234695,1747.46,1
APP102444,31,Male,Divorced,Bachelor,2,Business,16,34247,591,1,12,257919,60,Business,9.99,Semiurban,No,1.506,282919,4298.65,0
APP102445,41,Female,Single,High School,0,Business,5,15000,703,3,5,141466,60,Business,7.74,Urban,Yes,1.886,216466,2357.77,0
APP102446,41,Male,Married,High School,2,Self-Employed,7,96776,643,1,7,152695,120,Education,8.88,Urban,No,0.158,177695,1272.46,1
APP102447,35,Female,Single,Bachelor,2,Salaried,7,88207,603,1,8,172878,36,Auto,10.73,Urban,No,0.653,197878,4802.17,0
APP102448,28,Male,Single,Master,0,Salaried,14,63321,718,0,5,307008,60,Business,8.49,Urban,No,0.97,307008,5116.8,0
APP102449,29,Male,Single,Bachelor,4,Salaried,19,62196,747,1,5,69211,60,Home,5.98,Urban,Yes,0.223,94211,1153.52,1
APP102450,27,Male,Married,High School,2,Self-Employed,8,40140,660,0,5,49028,120,Auto,8.62,Semiurban,No,0.122,49028,408.57,1
APP102451,28,Female,Single,PhD,1,Business,7,174627,822,1,7,145872,240,Education,6.67,Semiurban,No,0.042,170872,607.8,1
APP102452,37,Male,Married,PhD,0,Self-Employed,1,74197,850,0,16,181536,60,Personal,4.67,Semiurban,Yes,0.489,181536,3025.6,1
APP102453,29,Female,Married,Bachelor,1,Unemployed,0,15000,719,1,7,147330,36,Personal,9.01,Rural,No,3.274,172330,4092.5,0
APP102454,46,Female,Single,Bachelor,0,Salaried,0,71385,642,2,10,40836,60,Home,9.85,Semiurban,No,0.114,90836,680.6,1
APP102455,55,Male,Single,Master,1,Self-Employed,3,150300,701,0,8,220784,60,Education,9.74,Rural,Yes,0.294,220784,3679.73,1
APP102456,31,Male,Married,Bachelor,1,Self-Employed,0,94242,582,0,6,138948,60,Business,10.05,Urban,No,0.295,138948,2315.8,1
APP102457,40,Female,Married,PhD,2,Self-Employed,14,174427,610,1,7,194350,36,Education,10.5,Rural,No,0.371,219350,5398.61,1
APP102458,43,Male,Married,High School,0,Self-Employed,10,43839,545,3,11,274223,36,Home,11.83,Urban,No,2.085,349223,7617.31,0
APP102459,43,Male,Married,Bachelor,2,Salaried,6,44424,629,1,7,32936,36,Home,10.5,Urban,No,0.247,57936,914.89,1
APP102460,38,Male,Divorced,Bachelor,0,Salaried,14,15000,581,0,7,12531,12,Auto,10.73,Urban,No,0.835,12531,1044.25,0
APP102461,46,Male,Married,Master,1,Unemployed,0,15000,729,3,6,195245,60,Business,8.53,Semiurban,No,2.603,270245,3254.08,0
APP102462,43,Male,Divorced,Master,2,Salaried,3,90319,620,0,3,5000,120,Home,8.97,Rural,Yes,0.006,5000,41.67,1
APP102463,23,Male,Married,PhD,1,Salaried,0,83999,702,4,13,118009,120,Education,7.9,Semiurban,Yes,0.14,218009,983.41,1
APP102464,48,Female,Married,Bachelor,0,Salaried,12,40582,739,0,5,104296,60,Home,5.73,Urban,No,0.514,104296,1738.27,1
APP102465,48,Male,Single,Master,1,Salaried,3,118410,773,4,15,178788,60,Auto,6.27,Urban,No,0.302,278788,2979.8,1
APP102466,28,Male,Divorced,Bachelor,0,Business,8,113692,651,0,9,96711,60,Auto,8.13,Urban,No,0.17,96711,1611.85,1
APP102467,38,Female,Married,Bachelor,1,Self-Employed,14,111384,704,1,15,189357,24,Auto,8.25,Urban,No,0.85,214357,7889.88,1
APP102468,46,Female,Married,High School,0,Unemployed,0,15000,707,1,7,64640,12,Business,8.85,Urban,No,4.309,89640,5386.67,0
APP102469,35,Female,Single,Master,2,Salaried,7,54982,781,1,4,50633,60,Home,6.94,Rural,Yes,0.184,75633,843.88,1
APP102470,50,Male,Married,PhD,1,Self-Employed,10,172952,742,2,13,151542,36,Home,7.94,Urban,Yes,0.292,201542,4209.5,1
APP102471,66,Female,Single,High School,0,Business,2,61757,784,1,5,158422,60,Education,6.42,Semiurban,No,0.513,183422,2640.37,1
APP102472,28,Male,Single,High School,0,Unemployed,0,15000,546,0,14,173616,60,Personal,10.94,Semiurban,Yes,2.315,173616,2893.6,0
APP102473,21,Male,Single,Master,0,Unemployed,0,15000,626,0,10,268366,120,Education,8.31,Rural,No,1.789,268366,2236.38,0
APP102474,41,Male,Married,Bachelor,1,Self-Employed,8,71667,762,1,15,252448,60,Medical,4.84,Semiurban,No,0.705,277448,4207.47,1
APP102475,46,Male,Single,PhD,1,Salaried,5,136118,726,1,3,186129,120,Personal,5.97,Urban,No,0.137,211129,1551.08,1
APP102476,35,Female,Single,High School,1,Salaried,15,39191,669,0,12,214751,60,Medical,7.96,Semiurban,Yes,1.096,214751,3579.18,1
APP102477,55,Male,Single,High School,2,Business,9,83751,642,0,4,170971,240,Personal,10.07,Urban,No,0.102,170971,712.38,1
APP102478,21,Female,Married,Bachelor,0,Business,12,107526,743,1,0,244360,120,Business,5.91,Urban,No,0.227,269360,2036.33,1
APP102479,46,Female,Single,High School,3,Self-Employed,10,31954,521,1,12,179110,24,Medical,10.76,Semiurban,No,2.803,204110,7462.92,0
APP102480,30,Male,Single,High School,0,Salaried,6,26615,743,2,7,105820,240,Auto,6.67,Rural,No,0.199,155820,440.92,1
APP102481,58,Male,Married,High School,0,Self-Employed,13,40944,687,0,12,89802,36,Auto,9.55,Rural,No,0.731,89802,2494.5,1
APP102482,61,Male,Married,High School,2,Salaried,10,18605,640,3,8,242078,60,Personal,9.16,Semiurban,No,2.602,317078,4034.63,0
APP102483,28,Male,Single,High School,2,Salaried,2,33002,720,3,8,135353,120,Home,7.73,Semiurban,No,0.41,210353,1127.94,0
APP102484,31,Male,Single,PhD,1,Salaried,2,156537,649,0,15,303343,24,Personal,9.43,Semiurban,No,0.969,303343,12639.29,1
APP102485,48,Female,Single,High School,2,Unemployed,0,15000,682,1,8,61644,120,Auto,9.75,Rural,No,0.411,86644,513.7,0
APP102486,33,Male,Divorced,Bachelor,3,Salaried,13,40838,676,1,5,250115,240,Home,8.56,Urban,No,0.306,275115,1042.15,1
APP102487,37,Male,Married,Master,2,Self-Employed,17,168314,739,1,7,115881,120,Medical,5.45,Urban,Yes,0.069,140881,965.68,1
APP102488,38,Female,Married,Bachelor,0,Salaried,0,36734,692,1,8,182581,120,Auto,8.29,Urban,No,0.497,207581,1521.51,1
APP102489,21,Male,Single,Bachelor,2,Self-Employed,8,43143,527,1,0,45861,36,Business,12.9,Urban,No,0.354,70861,1273.92,0
APP102490,37,Female,Married,Bachelor,2,Self-Employed,10,108884,568,0,10,5000,36,Home,11.28,Rural,Yes,0.015,5000,138.89,1
APP102491,29,Male,Single,Master,2,Unemployed,0,15000,593,0,14,268398,60,Personal,10.36,Urban,No,3.579,268398,4473.3,0
APP102492,32,Male,Single,Master,2,Salaried,14,73773,716,0,7,114905,24,Business,8.03,Urban,No,0.779,114905,4787.71,1
APP102493,55,Male,Married,Bachelor,4,Salaried,11,80797,724,1,5,228829,120,Home,5.68,Rural,No,0.283,253829,1906.91,1
APP102494,22,Male,Married,Master,1,Business,2,131654,813,0,9,97484,24,Home,3.76,Semiurban,No,0.37,97484,4061.83,1
APP102495,47,Male,Single,Bachelor,0,Salaried,1,30345,598,2,16,228938,60,Education,10.93,Semiurban,No,1.509,278938,3815.63,0
APP102496,34,Female,Married,High School,1,Salaried,9,15000,784,0,10,115710,24,Personal,7.61,Urban,No,3.857,115710,4821.25,0
APP102497,34,Male,Divorced,Master,0,Salaried,13,59561,524,0,9,53161,24,Education,10.89,Semiurban,Yes,0.446,53161,2215.04,1
APP102498,47,Female,Married,Bachelor,0,Self-Employed,8,104547,681,2,6,201718,60,Auto,8.57,Urban,Yes,0.386,251718,3361.97,1
APP102499,42,Male,Married,Master,1,Salaried,0,64074,699,0,2,225568,60,Personal,8.64,Semiurban,No,0.704,225568,3759.47,0
APP102500,44,Male,Divorced,High School,0,Salaried,1,50051,699,0,8,201234,36,Personal,9.68,Urban,Yes,1.34,201234,5589.83,0
APP102501,49,Male,Married,High School,2,Business,12,67842,655,4,8,138419,24,Business,8.82,Semiurban,Yes,1.02,238419,5767.46,0
APP102502,34,Female,Married,PhD,2,Salaried,5,28259,689,1,0,10091,60,Business,8.96,Urban,Yes,0.071,35091,168.18,1
APP102503,30,Male,Married,High School,1,Salaried,8,34888,581,0,4,64484,120,Home,12.37,Semiurban,Yes,0.185,64484,537.37,1
APP102504,24,Male,Single,PhD,3,Salaried,14,110355,749,0,13,93839,24,Auto,6.74,Rural,No,0.425,93839,3909.96,1
APP102505,28,Female,Married,PhD,0,Self-Employed,0,77416,699,2,6,129339,60,Personal,8.08,Semiurban,Yes,0.334,179339,2155.65,1
APP102506,70,Male,Single,Master,2,Salaried,5,66217,708,1,0,240463,36,Auto,6.73,Urban,No,1.21,265463,6679.53,0
APP102507,52,Female,Single,Bachelor,2,Business,4,104690,657,0,16,140610,120,Auto,7.8,Rural,Yes,0.134,140610,1171.75,1
APP102508,21,Male,Married,Bachelor,0,Self-Employed,10,74178,653,2,3,5000,12,Education,9.82,Urban,Yes,0.067,55000,416.67,1
APP102509,22,Female,Single,Master,0,Salaried,12,112024,721,0,5,5000,12,Auto,8.77,Urban,No,0.045,5000,416.67,1
APP102510,43,Female,Married,Master,0,Unemployed,0,15000,807,4,13,94419,24,Medical,7.02,Urban,No,3.147,194419,3934.12,0
APP102511,44,Female,Married,Bachelor,2,Salaried,7,36103,568,0,4,108934,60,Home,9.61,Urban,No,0.603,108934,1815.57,0
APP102512,44,Male,Married,PhD,2,Salaried,13,76898,564,1,0,178451,120,Business,10.51,Urban,Yes,0.232,203451,1487.09,1
APP102513,34,Male,Single,Bachelor,0,Self-Employed,0,72608,701,0,9,33800,120,Business,8.46,Urban,No,0.047,33800,281.67,1
APP102514,36,Female,Single,PhD,1,Self-Employed,7,179443,653,0,11,39386,60,Medical,6.66,Rural,No,0.044,39386,656.43,1
APP102515,41,Male,Married,High School,0,Salaried,0,33713,689,0,5,186287,12,Auto,8.68,Urban,No,5.526,186287,15523.92,0
APP102516,39,Male,Divorced,High School,1,Salaried,4,15000,678,0,7,256736,24,Home,10.32,Urban,No,8.558,256736,10697.33,0
APP102517,21,Female,Single,Bachelor,4,Salaried,0,71014,729,0,2,5000,120,Education,8.56,Semiurban,No,0.007,5000,41.67,1
APP102518,35,Male,Single,High School,0,Salaried,16,28777,657,0,3,88484,60,Business,6.45,Semiurban,No,0.615,88484,1474.73,1
APP102519,27,Male,Married,Master,3,Self-Employed,5,43473,583,3,6,238899,36,Home,10.74,Rural,No,1.832,313899,6636.08,0
APP102520,40,Male,Single,High School,2,Self-Employed,3,50794,616,0,11,224646,60,Home,9.9,Rural,No,0.885,224646,3744.1,0
APP102521,70,Male,Married,PhD,4,Salaried,9,134914,667,1,8,75944,24,Home,8.93,Semiurban,No,0.281,100944,3164.33,1
APP102522,42,Male,Married,High School,0,Salaried,1,31957,579,1,13,242790,120,Home,10.53,Semiurban,No,0.76,267790,2023.25,1
APP102523,34,Female,Married,Bachelor,0,Salaried,1,72414,677,1,16,153592,60,Business,8.13,Urban,No,0.424,178592,2559.87,1
APP102524,49,Male,Single,High School,0,Salaried,17,53933,684,2,12,202804,36,Education,5.99,Urban,No,1.253,252804,5633.44,0
APP102525,43,Female,Single,Bachelor,2,Salaried,18,79794,651,2,0,93677,36,Education,9.29,Urban,No,0.391,143677,2602.14,1
APP102526,43,Female,Single,High School,1,Salaried,4,29185,696,3,6,173393,120,Home,8.71,Semiurban,No,0.594,248393,1444.94,0
APP102527,45,Male,Married,High School,0,Salaried,14,22381,550,2,12,56735,36,Personal,10.44,Urban,No,0.845,106735,1575.97,1
APP102528,62,Male,Married,Bachelor,2,Salaried,10,35381,603,2,7,106212,24,Medical,11.2,Urban,No,1.501,156212,4425.5,0
APP102529,24,Female,Married,High School,0,Business,0,83763,588,1,0,126249,24,Auto,8.6,Urban,No,0.754,151249,5260.38,0
APP102530,43,Male,Married,High School,0,Salaried,2,53679,750,1,5,161210,12,Home,5.27,Semiurban,No,3.003,186210,13434.17,0
APP102531,26,Male,Single,Master,1,Unemployed,0,15000,850,1,0,342522,60,Business,5.08,Urban,No,4.567,367522,5708.7,0
APP102532,44,Female,Married,High School,0,Business,0,118981,609,0,6,354788,60,Education,9.14,Semiurban,No,0.596,354788,5913.13,0
APP102533,26,Male,Married,Bachelor,0,Unemployed,0,15000,661,0,4,118967,120,Business,9.75,Rural,Yes,0.793,118967,991.39,0
APP102534,32,Female,Married,High School,1,Business,4,89235,624,0,6,268367,60,Business,9.09,Urban,No,0.601,268367,4472.78,1
APP102535,34,Male,Single,High School,3,Self-Employed,17,82312,697,0,13,61267,60,Home,9.42,Semiurban,No,0.149,61267,1021.12,1
APP102536,49,Female,Married,Bachelor,2,Self-Employed,6,75292,631,1,1,181942,120,Auto,8.66,Urban,No,0.242,206942,1516.18,1
APP102537,49,Male,Married,High School,1,Salaried,12,28529,702,0,4,95147,120,Home,8.1,Semiurban,No,0.334,95147,792.89,1
APP102538,23,Female,Married,Master,2,Self-Employed,16,64432,733,1,2,113922,60,Personal,5.36,Urban,Yes,0.354,138922,1898.7,1
APP102539,38,Male,Single,Master,1,Self-Employed,16,83378,582,3,13,362860,12,Medical,10.31,Rural,No,4.352,437860,30238.33,0
APP102540,29,Male,Married,High School,0,Salaried,4,60915,701,0,13,119041,36,Personal,8.05,Rural,Yes,0.651,119041,3306.69,1
APP102541,22,Male,Single,PhD,2,Self-Employed,2,57605,536,0,9,98012,36,Home,12.49,Urban,No,0.567,98012,2722.56,1
APP102542,35,Male,Married,High School,2,Salaried,7,15000,659,0,9,69974,240,Education,7.31,Urban,No,0.233,69974,291.56,1
APP102543,34,Male,Divorced,High School,1,Salaried,0,48335,654,2,1,88458,36,Business,8.64,Semiurban,No,0.61,138458,2457.17,0
APP102544,67,Male,Married,High School,1,Salaried,9,52178,661,3,8,36257,60,Home,10.23,Semiurban,No,0.139,111257,604.28,1
APP102545,43,Male,Married,Bachelor,2,Self-Employed,3,131039,655,2,2,167828,120,Business,10.49,Rural,No,0.128,217828,1398.57,1
APP102546,21,Male,Married,Bachelor,1,Business,14,38163,640,0,8,166389,60,Education,8.37,Rural,Yes,0.872,166389,2773.15,1
APP102547,31,Male,Single,High School,3,Business,4,59461,658,0,6,177017,12,Personal,8.15,Rural,No,2.977,177017,14751.42,0
APP102548,50,Female,Single,Master,0,Business,0,173639,699,4,5,149085,12,Home,6.32,Semiurban,No,0.859,249085,12423.75,0
APP102549,63,Female,Divorced,Bachelor,3,Salaried,16,63021,701,0,8,104609,120,Education,5.86,Urban,No,0.166,104609,871.74,1
APP102550,21,Female,Married,High School,0,Unemployed,0,15000,689,0,11,97452,60,Personal,7.83,Rural,No,1.299,97452,1624.2,0
APP102551,21,Female,Single,Bachelor,0,Salaried,8,79747,634,0,16,162720,60,Business,8.67,Semiurban,Yes,0.408,162720,2712.0,1
APP102552,60,Male,Single,PhD,1,Business,14,108036,766,3,10,145878,24,Auto,8.74,Urban,Yes,0.675,220878,6078.25,1
APP102553,42,Male,Married,High School,1,Salaried,13,56899,802,0,19,99138,12,Home,6.31,Urban,No,1.742,99138,8261.5,0
APP102554,27,Male,Married,High School,2,Salaried,3,20062,576,3,9,127072,24,Personal,10.27,Urban,No,3.167,202072,5294.67,0
APP102555,44,Female,Married,Bachelor,1,Self-Employed,5,26417,693,0,16,273155,60,Home,8.8,Urban,No,2.068,273155,4552.58,0
APP102556,21,Female,Single,Bachelor,2,Self-Employed,1,63792,642,2,10,307613,60,Personal,10.19,Semiurban,No,0.964,357613,5126.88,0
APP102557,38,Male,Divorced,Bachelor,0,Salaried,0,15000,754,0,9,132381,120,Auto,8.13,Semiurban,No,0.883,132381,1103.18,0
APP102558,41,Male,Married,High School,0,Self-Employed,11,52178,678,0,7,91297,240,Medical,8.7,Urban,No,0.087,91297,380.4,1
APP102559,49,Male,Married,Bachelor,1,Salaried,10,16685,684,1,9,146552,60,Education,8.3,Rural,Yes,1.757,171552,2442.53,0
APP102560,25,Male,Married,Bachelor,1,Salaried,12,67060,719,0,10,240870,120,Personal,7.78,Semiurban,No,0.359,240870,2007.25,1
APP102561,39,Male,Single,Bachelor,2,Self-Employed,15,77563,656,1,0,146506,120,Auto,8.82,Urban,No,0.189,171506,1220.88,1
APP102562,26,Male,Divorced,High School,1,Salaried,12,40810,814,4,11,178407,60,Medical,5.19,Urban,Yes,0.874,278407,2973.45,0
APP102563,41,Female,Single,Bachelor,4,Self-Employed,13,85092,720,0,0,97397,36,Home,8.64,Semiurban,Yes,0.382,97397,2705.47,0
APP102564,27,Male,Single,High School,2,Salaried,0,45573,754,0,11,56664,36,Auto,6.73,Semiurban,No,0.414,56664,1574.0,1
APP102565,33,Female,Married,Bachelor,3,Salaried,6,52674,662,1,10,210924,36,Medical,7.75,Urban,Yes,1.335,235924,5859.0,0
APP102566,26,Female,Married,Master,0,Salaried,13,137507,670,2,15,165587,120,Home,8.62,Urban,No,0.12,215587,1379.89,1
APP102567,45,Female,Married,Bachelor,0,Salaried,0,69832,744,2,3,202466,120,Business,7.84,Urban,No,0.29,252466,1687.22,1
APP102568,48,Male,Married,High School,0,Salaried,8,55508,736,1,3,13136,24,Auto,5.82,Rural,No,0.118,38136,547.33,1
APP102569,35,Female,Married,Bachelor,0,Self-Employed,11,104192,580,1,13,296611,36,Education,10.13,Urban,No,0.949,321611,8239.19,1
APP102570,38,Female,Divorced,Master,1,Unemployed,0,15000,690,0,2,170182,60,Education,7.4,Urban,No,2.269,170182,2836.37,0
APP102571,21,Female,Single,Master,1,Business,10,217563,717,0,2,5421,36,Home,9.84,Semiurban,No,0.008,5421,150.58,1
APP102572,34,Male,Married,Bachelor,1,Self-Employed,11,76980,669,1,9,228952,24,Home,8.71,Urban,No,1.487,253952,9539.67,0
APP102573,37,Female,Single,High School,2,Salaried,9,41878,710,2,7,120128,60,Home,9.35,Semiurban,No,0.574,170128,2002.13,1
APP102574,69,Female,Married,Bachelor,4,Salaried,0,43760,672,0,8,152440,12,Auto,8.8,Semiurban,No,3.484,152440,12703.33,0
APP102575,24,Female,Single,Bachelor,3,Salaried,11,53593,500,1,10,111782,36,Home,12.33,Urban,No,0.695,136782,3105.06,0
APP102576,55,Female,Married,PhD,0,Salaried,9,66751,575,0,10,142168,120,Education,10.44,Urban,No,0.213,142168,1184.73,1
APP102577,49,Male,Married,Bachelor,0,Business,0,115395,757,1,7,146198,60,Business,6.64,Semiurban,No,0.253,171198,2436.63,1
APP102578,41,Male,Married,Bachelor,0,Salaried,16,37192,660,2,8,16394,36,Education,8.73,Rural,Yes,0.147,66394,455.39,1
APP102579,59,Male,Married,Bachelor,0,Salaried,11,61844,695,1,7,219260,120,Education,7.44,Semiurban,No,0.355,244260,1827.17,1
APP102580,42,Male,Married,High School,1,Salaried,0,51792,679,0,8,159029,120,Education,8.41,Rural,No,0.307,159029,1325.24,1
APP102581,42,Female,Married,Master,1,Salaried,3,82885,613,2,1,185695,12,Home,8.12,Rural,Yes,2.24,235695,15474.58,0
APP102582,37,Male,Divorced,Bachelor,0,Salaried,4,37602,642,1,11,215276,24,Medical,9.33,Semiurban,Yes,2.863,240276,8969.83,0
APP102583,52,Male,Married,PhD,2,Self-Employed,4,148749,706,1,13,159668,36,Home,6.68,Semiurban,No,0.358,184668,4435.22,1
APP102584,51,Male,Single,Bachelor,2,Salaried,9,57866,714,3,11,176487,120,Auto,7.81,Rural,Yes,0.305,251487,1470.72,1
APP102585,30,Male,Single,High School,0,Self-Employed,2,15000,850,0,10,32366,120,Home,5.32,Semiurban,No,0.216,32366,269.72,1
APP102586,22,Male,Single,Bachelor,1,Salaried,14,35416,641,1,3,83570,12,Business,10.6,Urban,Yes,2.36,108570,6964.17,0
APP102587,35,Female,Single,High School,3,Business,14,99779,813,1,0,156801,60,Auto,6.06,Urban,No,0.314,181801,2613.35,1
APP102588,28,Male,Married,High School,1,Business,11,101963,611,0,12,164856,60,Home,9.51,Urban,Yes,0.323,164856,2747.6,1
APP102589,37,Male,Single,High School,0,Business,8,76810,719,2,8,182056,36,Home,6.99,Semiurban,No,0.79,232056,5057.11,0
APP102590,52,Male,Single,Bachelor,0,Salaried,13,79601,694,1,8,262483,60,Home,8.84,Urban,No,0.659,287483,4374.72,1
APP102591,32,Male,Single,Bachelor,0,Salaried,6,40542,669,1,9,142463,36,Business,8.52,Urban,No,1.171,167463,3957.31,0
APP102592,37,Male,Married,High School,0,Unemployed,0,15000,679,2,9,179031,36,Business,7.67,Semiurban,No,3.978,229031,4973.08,0
APP102593,38,Female,Married,Bachelor,2,Salaried,15,90884,630,0,11,154719,36,Home,9.55,Rural,No,0.567,154719,4297.75,1
APP102594,48,Male,Married,Bachelor,0,Salaried,9,70647,752,1,7,130022,240,Home,5.1,Semiurban,No,0.092,155022,541.76,1
APP102595,21,Male,Married,Master,0,Salaried,3,80110,612,2,0,133133,120,Education,9.84,Urban,No,0.166,183133,1109.44,1
APP102596,30,Male,Single,Bachelor,0,Self-Employed,5,66395,705,2,11,87257,120,Personal,7.12,Rural,No,0.131,137257,727.14,1
APP102597,40,Female,Divorced,Bachelor,2,Salaried,3,89361,740,1,10,140639,120,Education,6.87,Semiurban,No,0.157,165639,1171.99,1
APP102598,52,Male,Married,High School,0,Self-Employed,20,73962,790,1,1,132489,24,Business,8.19,Semiurban,Yes,0.896,157489,5520.38,1
APP102599,32,Female,Single,Master,0,Self-Employed,8,118937,757,0,2,137864,120,Education,6.37,Semiurban,No,0.116,137864,1148.87,1
APP102600,21,Male,Married,Bachelor,1,Salaried,8,61656,725,2,12,10647,24,Home,8.29,Semiurban,No,0.086,60647,443.62,1
APP102601,45,Female,Married,Master,1,Salaried,12,66405,628,1,13,142084,120,Personal,10.49,Rural,No,0.214,167084,1184.03,1
APP102602,30,Male,Married,High School,0,Salaried,0,54127,617,1,0,79835,60,Home,10.51,Rural,No,0.295,104835,1330.58,0
APP102603,23,Male,Married,Bachelor,0,Salaried,14,32452,588,0,10,145051,24,Business,10.61,Semiurban,No,2.235,145051,6043.79,0
APP102604,30,Male,Single,Bachelor,2,Salaried,4,37635,581,1,6,62418,36,Personal,9.27,Urban,No,0.553,87418,1733.83,0
APP102605,35,Male,Single,High School,4,Salaried,18,16605,679,0,8,153994,36,Auto,7.77,Urban,No,3.091,153994,4277.61,0
APP102606,30,Female,Single,Bachelor,0,Self-Employed,6,109056,621,3,8,126242,60,Home,8.41,Semiurban,No,0.232,201242,2104.03,1
APP102607,21,Female,Single,PhD,0,Self-Employed,14,80608,775,2,4,99897,60,Education,6.15,Urban,No,0.248,149897,1664.95,1
APP102608,48,Male,Single,Bachelor,0,Salaried,0,70100,633,0,11,173146,120,Business,9.0,Rural,No,0.247,173146,1442.88,1
APP102609,53,Female,Divorced,PhD,2,Self-Employed,0,109173,687,1,4,180038,36,Personal,7.35,Urban,No,0.55,205038,5001.06,1
APP102610,45,Female,Single,High School,1,Self-Employed,6,111248,658,1,11,146055,60,Business,9.39,Rural,No,0.263,171055,2434.25,1
APP102611,24,Female,Married,Bachelor,2,Salaried,0,71047,567,2,12,195503,60,Auto,10.17,Semiurban,No,0.55,245503,3258.38,1
APP102612,35,Male,Married,Bachelor,2,Salaried,11,15000,767,2,3,116936,12,Auto,6.3,Semiurban,Yes,7.796,166936,9744.67,0
APP102613,37,Male,Married,Bachelor,3,Business,9,134078,735,4,3,181996,36,Business,5.73,Urban,No,0.452,281996,5055.44,1
APP102614,45,Male,Divorced,PhD,3,Self-Employed,2,96616,744,0,8,146622,120,Business,7.19,Urban,Yes,0.152,146622,1221.85,1
APP102615,46,Female,Married,High School,2,Self-Employed,7,46180,727,0,15,70053,60,Home,7.37,Urban,No,0.303,70053,1167.55,1
APP102616,29,Male,Divorced,Master,1,Salaried,12,56143,619,1,5,85891,36,Education,9.02,Semiurban,No,0.51,110891,2385.86,1
APP102617,38,Male,Married,Bachelor,0,Business,0,97335,620,2,5,243232,24,Personal,9.98,Rural,No,1.249,293232,10134.67,0
APP102618,43,Male,Divorced,High School,1,Self-Employed,0,54232,716,0,9,276107,12,Business,7.8,Semiurban,No,5.091,276107,23008.92,0
APP102619,55,Male,Married,Master,1,Salaried,5,57021,803,0,11,207060,24,Home,6.53,Rural,No,1.816,207060,8627.5,0
APP102620,46,Female,Single,Bachelor,1,Business,8,70944,710,2,10,103344,24,Home,8.43,Rural,No,0.728,153344,4306.0,1
APP102621,47,Female,Married,Master,0,Salaried,7,81291,758,2,8,264217,36,Auto,7.56,Urban,No,1.083,314217,7339.36,1
APP102622,39,Male,Married,High School,2,Salaried,13,15000,637,0,6,199003,24,Business,10.93,Semiurban,Yes,6.633,199003,8291.79,0
APP102623,54,Female,Married,Master,1,Salaried,10,31151,767,2,9,176851,24,Education,6.79,Urban,No,2.839,226851,7368.79,0
APP102624,42,Male,Single,Bachelor,1,Self-Employed,12,122099,646,0,0,297384,120,Home,8.13,Urban,No,0.244,297384,2478.2,1
APP102625,27,Male,Married,High School,0,Self-Employed,0,57284,699,0,17,81201,24,Business,7.59,Urban,Yes,0.709,81201,3383.38,1
APP102626,54,Male,Divorced,Bachelor,1,Self-Employed,8,56252,650,0,7,211838,60,Medical,8.6,Urban,No,0.753,211838,3530.63,1
APP102627,46,Male,Single,High School,0,Unemployed,0,15000,751,2,8,84831,24,Home,6.06,Semiurban,Yes,2.828,134831,3534.62,0
APP102628,32,Male,Married,Bachelor,3,Salaried,16,58592,752,1,18,101469,36,Home,4.45,Urban,Yes,0.577,126469,2818.58,1
APP102629,32,Female,Married,High School,1,Self-Employed,9,71089,561,0,4,358164,36,Business,11.01,Urban,No,1.679,358164,9949.0,0
APP102630,41,Male,Divorced,High School,0,Self-Employed,3,105823,786,0,19,190189,12,Education,6.31,Rural,No,1.797,190189,15849.08,0
APP102631,43,Female,Divorced,High School,0,Unemployed,0,15000,850,1,11,297934,240,Medical,6.91,Urban,No,0.993,322934,1241.39,0
APP102632,40,Male,Married,Bachelor,2,Salaried,11,37826,651,1,10,193486,36,Education,10.83,Semiurban,No,1.705,218486,5374.61,0
APP102633,41,Male,Married,Bachelor,0,Unemployed,0,15000,669,4,11,182193,36,Auto,9.3,Rural,No,4.049,282193,5060.92,0
APP102634,58,Male,Single,Bachelor,4,Salaried,5,23212,779,2,3,99912,24,Personal,6.98,Semiurban,Yes,2.152,149912,4163.0,0
APP102635,50,Male,Married,High School,1,Business,6,40906,685,0,0,228219,36,Business,7.47,Semiurban,No,1.86,228219,6339.42,0
APP102636,40,Male,Married,Bachelor,0,Self-Employed,15,65614,679,1,2,152024,60,Auto,8.61,Urban,Yes,0.463,177024,2533.73,1
APP102637,49,Male,Married,Bachelor,2,Business,9,76232,831,0,13,156438,36,Personal,5.26,Semiurban,No,0.684,156438,4345.5,1
APP102638,25,Male,Married,High School,0,Salaried,12,77954,571,3,3,129109,36,Personal,10.73,Urban,No,0.552,204109,3586.36,0
APP102639,42,Male,Single,Master,2,Salaried,5,35250,616,0,0,141937,24,Auto,8.91,Semiurban,Yes,2.013,141937,5914.04,0
APP102640,59,Male,Married,Bachelor,0,Salaried,10,58872,713,0,7,151994,60,Medical,8.16,Rural,No,0.516,151994,2533.23,1
APP102641,35,Female,Single,Bachelor,4,Self-Employed,15,15000,550,1,10,159830,60,Home,9.63,Urban,No,2.131,184830,2663.83,0
APP102642,27,Female,Single,High School,1,Self-Employed,5,57348,650,0,8,145942,12,Home,12.04,Semiurban,No,2.545,145942,12161.83,0
APP102643,30,Male,Single,High School,2,Unemployed,0,15000,649,0,11,25452,60,Home,10.47,Rural,No,0.339,25452,424.2,1
APP102644,24,Female,Single,Master,0,Salaried,0,113835,756,1,13,193355,36,Auto,8.21,Semiurban,Yes,0.566,218355,5370.97,1
APP102645,28,Female,Married,Master,0,Salaried,3,68541,735,0,10,140158,12,Education,6.02,Semiurban,No,2.045,140158,11679.83,0
APP102646,33,Female,Single,High School,2,Salaried,5,17465,545,1,7,5000,120,Business,9.48,Rural,No,0.029,30000,41.67,1
APP102647,21,Male,Single,High School,2,Salaried,1,15000,624,2,5,22969,36,Personal,9.79,Rural,Yes,0.51,72969,638.03,1
APP102648,38,Male,Divorced,Bachelor,0,Business,15,53301,624,1,11,112123,60,Home,9.22,Urban,Yes,0.421,137123,1868.72,1
APP102649,48,Female,Married,Bachelor,1,Business,2,98976,662,3,9,252287,36,Education,10.61,Urban,No,0.85,327287,7007.97,0
APP102650,27,Male,Single,Master,0,Unemployed,0,15000,592,0,3,198617,36,Education,10.79,Rural,No,4.414,198617,5517.14,0
APP102651,56,Female,Single,High School,1,Salaried,9,33277,716,0,14,95027,60,Auto,7.64,Urban,Yes,0.571,95027,1583.78,1
APP102652,44,Female,Single,Bachelor,0,Salaried,8,83144,624,1,9,134744,60,Business,11.0,Rural,No,0.324,159744,2245.73,1
APP102653,50,Male,Single,High School,0,Salaried,16,22124,727,0,11,238363,60,Education,7.64,Urban,No,2.155,238363,3972.72,0
APP102654,30,Male,Single,High School,0,Self-Employed,0,15000,679,0,6,100693,60,Education,8.65,Urban,No,1.343,100693,1678.22,0
APP102655,48,Male,Married,High School,1,Unemployed,0,15000,602,3,13,63123,60,Personal,11.0,Urban,No,0.842,138123,1052.05,0
APP102656,24,Male,Single,Master,0,Salaried,1,119928,791,1,0,220443,60,Medical,5.5,Urban,Yes,0.368,245443,3674.05,1
APP102657,48,Male,Married,Bachelor,4,Salaried,0,92483,793,0,16,239285,60,Education,7.16,Urban,No,0.517,239285,3988.08,1
APP102658,40,Male,Married,Master,0,Self-Employed,0,42907,703,2,0,101608,240,Home,8.51,Semiurban,No,0.118,151608,423.37,1
APP102659,44,Male,Married,High School,3,Self-Employed,8,38961,660,0,1,189009,60,Personal,7.88,Urban,No,0.97,189009,3150.15,0
APP102660,23,Male,Divorced,High School,1,Salaried,3,54666,595,1,9,146752,36,Education,12.06,Urban,No,0.895,171752,4076.44,1
APP102661,27,Female,Married,High School,1,Business,13,46538,765,0,5,102746,36,Medical,6.24,Urban,No,0.736,102746,2854.06,0
APP102662,45,Male,Married,High School,0,Salaried,6,43844,745,0,6,243498,36,Home,5.47,Semiurban,No,1.851,243498,6763.83,0
APP102663,26,Female,Married,Master,1,Unemployed,0,15000,614,0,5,96882,36,Medical,8.94,Rural,No,2.153,96882,2691.17,0
APP102664,43,Female,Single,High School,2,Salaried,6,22935,625,3,4,210480,24,Business,8.46,Urban,No,4.589,285480,8770.0,0
APP102665,21,Male,Single,High School,1,Salaried,7,26313,716,0,9,155446,36,Business,7.88,Semiurban,No,1.969,155446,4317.94,0
APP102666,48,Female,Married,High School,0,Salaried,5,58725,585,1,7,136200,120,Home,11.92,Semiurban,No,0.232,161200,1135.0,1
APP102667,23,Male,Married,High School,3,Salaried,2,42241,629,0,12,105581,36,Business,9.67,Urban,No,0.833,105581,2932.81,1
APP102668,44,Female,Married,Master,4,Salaried,13,119336,596,0,8,71070,36,Home,11.67,Urban,No,0.199,71070,1974.17,1
APP102669,45,Male,Divorced,Bachelor,1,Self-Employed,4,87612,599,1,5,130007,60,Home,11.09,Urban,No,0.297,155007,2166.78,1
APP102670,29,Male,Married,Bachelor,1,Salaried,5,100161,622,1,11,109006,12,Auto,6.89,Semiurban,No,1.088,134006,9083.83,0
APP102671,44,Male,Married,Bachelor,1,Self-Employed,10,96542,752,1,0,157401,120,Home,7.86,Rural,No,0.163,182401,1311.68,1
APP102672,41,Male,Married,High School,0,Salaried,9,55288,539,3,0,54203,60,Home,10.64,Semiurban,No,0.196,129203,903.38,0
APP102673,31,Male,Divorced,High School,0,Salaried,2,39891,714,0,0,137866,60,Business,8.23,Urban,Yes,0.691,137866,2297.77,0
APP102674,25,Male,Married,Master,1,Unemployed,0,15000,700,0,6,182477,24,Medical,7.94,Urban,No,6.083,182477,7603.21,0
APP102675,21,Male,Divorced,Bachelor,2,Business,11,94226,757,2,9,96138,12,Home,9.65,Rural,Yes,1.02,146138,8011.5,1
APP102676,42,Male,Single,High School,0,Salaried,9,15000,700,4,0,209278,24,Medical,8.44,Urban,Yes,6.976,309278,8719.92,0
APP102677,21,Male,Married,High School,1,Salaried,5,46690,649,0,7,217965,60,Auto,9.6,Semiurban,Yes,0.934,217965,3632.75,0
APP102678,39,Male,Single,High School,3,Self-Employed,5,29771,614,1,6,53428,120,Personal,10.8,Urban,Yes,0.179,78428,445.23,1
APP102679,34,Male,Single,High School,0,Salaried,6,59797,759,0,8,89327,60,Home,5.33,Urban,Yes,0.299,89327,1488.78,1
APP102680,46,Male,Divorced,High School,0,Self-Employed,0,65642,719,1,0,42765,60,Home,8.7,Urban,No,0.13,67765,712.75,1
APP102681,34,Female,Single,High School,2,Salaried,7,38648,640,0,21,183846,240,Medical,8.98,Rural,No,0.238,183846,766.02,1
APP102682,34,Male,Divorced,Bachelor,0,Salaried,13,37802,752,4,8,160230,120,Auto,6.27,Semiurban,No,0.424,260230,1335.25,1
APP102683,46,Female,Single,High School,0,Salaried,13,44562,644,0,1,21909,60,Auto,9.94,Urban,No,0.098,21909,365.15,1
APP102684,42,Male,Married,High School,1,Business,5,46167,679,0,8,97836,12,Education,6.93,Urban,No,2.119,97836,8153.0,0
APP102685,41,Female,Single,Master,1,Salaried,14,103603,631,1,15,174665,36,Medical,10.32,Semiurban,No,0.562,199665,4851.81,1
APP102686,43,Male,Married,Bachelor,3,Salaried,19,73900,722,0,1,159036,36,Home,7.4,Urban,No,0.717,159036,4417.67,0
APP102687,21,Male,Single,PhD,1,Self-Employed,6,250000,600,1,0,246812,36,Education,9.9,Urban,No,0.329,271812,6855.89,1
APP102688,47,Male,Married,High School,1,Self-Employed,12,41052,656,4,7,57846,36,Auto,6.64,Rural,Yes,0.47,157846,1606.83,1
APP102689,45,Male,Single,Bachelor,1,Salaried,0,52414,627,1,7,149288,120,Auto,10.36,Semiurban,No,0.285,174288,1244.07,1
APP102690,25,Male,Married,High School,4,Business,0,58937,701,3,11,69859,60,Auto,8.23,Rural,No,0.237,144859,1164.32,1
APP102691,35,Male,Single,Bachelor,0,Self-Employed,8,68670,711,0,15,158812,60,Personal,7.31,Semiurban,Yes,0.463,158812,2646.87,1
APP102692,37,Female,Single,High School,0,Salaried,1,59973,591,0,11,135515,36,Home,9.25,Semiurban,No,0.753,135515,3764.31,1
APP102693,36,Male,Single,High School,4,Salaried,20,37163,712,3,1,171740,36,Auto,8.54,Semiurban,No,1.54,246740,4770.56,0
APP102694,42,Male,Married,PhD,4,Self-Employed,11,209874,561,0,2,117267,24,Auto,11.13,Urban,No,0.279,117267,4886.12,1
APP102695,55,Female,Married,Bachelor,0,Salaried,13,74556,850,1,4,210986,36,Business,5.01,Urban,No,0.943,235986,5860.72,1
APP102696,50,Male,Married,Master,0,Salaried,7,62213,639,0,11,92825,24,Education,8.23,Semiurban,No,0.746,92825,3867.71,0
APP102697,22,Female,Single,High School,1,Self-Employed,1,34833,763,0,11,68778,36,Education,7.04,Urban,No,0.658,68778,1910.5,1
APP102698,45,Male,Married,High School,0,Salaried,4,60215,696,1,14,168017,24,Auto,8.32,Urban,No,1.395,193017,7000.71,0
APP102699,53,Female,Married,Bachelor,2,Self-Employed,9,72855,699,1,10,298309,36,Business,9.34,Urban,No,1.365,323309,8286.36,0
APP102700,42,Male,Single,Bachelor,0,Salaried,4,60226,586,3,4,28294,12,Auto,9.08,Rural,No,0.47,103294,2357.83,1
APP102701,51,Female,Married,Bachelor,0,Salaried,12,45037,747,0,7,58435,12,Home,6.34,Rural,No,1.297,58435,4869.58,0
APP102702,62,Female,Married,Master,1,Salaried,12,76003,683,1,0,168524,120,Medical,10.28,Semiurban,No,0.222,193524,1404.37,1
APP102703,50,Male,Single,High School,4,Salaried,8,30818,717,0,11,240178,60,Business,7.85,Rural,No,1.559,240178,4002.97,0
APP102704,40,Male,Single,Bachelor,1,Business,0,141064,672,1,4,174514,60,Education,8.81,Rural,No,0.247,199514,2908.57,1
APP102705,50,Male,Single,High School,1,Self-Employed,18,65458,690,0,14,101360,60,Education,9.17,Urban,No,0.31,101360,1689.33,1
APP102706,39,Female,Married,High School,4,Salaried,6,38941,609,1,11,183623,60,Home,11.63,Urban,No,0.943,208623,3060.38,1
APP102707,38,Male,Single,Bachelor,1,Unemployed,0,15000,667,0,17,191306,60,Medical,7.5,Semiurban,Yes,2.551,191306,3188.43,0
APP102708,33,Male,Single,Bachelor,1,Salaried,11,62304,646,0,10,95584,120,Home,11.26,Urban,No,0.153,95584,796.53,1
APP102709,56,Male,Single,High School,1,Salaried,6,41903,623,1,10,215987,24,Auto,9.5,Urban,No,2.577,240987,8999.46,0
APP102710,28,Male,Single,High School,0,Salaried,10,25253,690,0,7,147238,60,Medical,8.46,Semiurban,No,1.166,147238,2453.97,0
APP102711,56,Male,Single,Bachelor,1,Salaried,0,15000,709,1,6,10024,240,Education,7.88,Urban,No,0.033,35024,41.77,1
APP102712,43,Female,Divorced,Bachelor,1,Self-Employed,14,48068,700,1,6,139213,12,Auto,9.5,Rural,No,2.896,164213,11601.08,0
APP102713,21,Male,Single,High School,0,Salaried,23,39750,671,0,12,104474,36,Business,9.54,Urban,Yes,0.876,104474,2902.06,1
APP102714,42,Female,Married,High School,0,Salaried,0,29087,712,0,1,254391,36,Personal,7.62,Urban,No,2.915,254391,7066.42,0
APP102715,21,Male,Married,High School,0,Salaried,6,56338,699,2,8,43683,120,Home,6.89,Urban,No,0.078,93683,364.02,1
APP102716,45,Male,Married,PhD,1,Self-Employed,7,104200,687,4,0,111350,12,Home,8.02,Semiurban,No,1.069,211350,9279.17,0
APP102717,48,Male,Married,PhD,0,Business,13,250000,693,0,9,170576,60,Auto,6.8,Urban,No,0.136,170576,2842.93,1
APP102718,30,Male,Single,Bachelor,0,Business,20,68943,774,0,5,343523,120,Home,7.41,Urban,Yes,0.498,343523,2862.69,1
APP102719,39,Female,Married,PhD,3,Salaried,10,101628,583,0,10,306393,24,Business,9.66,Semiurban,No,1.507,306393,12766.38,0
APP102720,61,Female,Married,Bachelor,1,Self-Employed,20,63334,654,2,4,146380,24,Auto,8.82,Urban,Yes,1.156,196380,6099.17,0
APP102721,31,Male,Married,High School,0,Salaried,9,49696,707,1,6,177943,240,Auto,9.03,Rural,No,0.179,202943,741.43,1
APP102722,25,Male,Married,High School,2,Salaried,10,60650,553,0,11,198158,120,Auto,11.75,Semiurban,No,0.327,198158,1651.32,1
APP102723,55,Male,Divorced,Master,0,Business,9,146653,790,0,8,69005,60,Home,6.58,Rural,Yes,0.094,69005,1150.08,1
APP102724,61,Female,Married,Bachelor,2,Salaried,15,15000,700,2,15,150811,36,Home,7.2,Urban,Yes,3.351,200811,4189.19,0
APP102725,38,Female,Divorced,Master,2,Salaried,5,94245,756,0,5,258497,120,Auto,7.37,Urban,No,0.274,258497,2154.14,1
APP102726,50,Female,Married,Master,2,Salaried,12,45146,769,2,5,161329,120,Business,5.82,Semiurban,No,0.357,211329,1344.41,1
APP102727,54,Male,Married,Bachelor,2,Salaried,0,52255,712,0,14,305984,60,Auto,8.25,Semiurban,No,1.171,305984,5099.73,1
APP102728,29,Male,Married,High School,0,Salaried,6,54063,501,1,6,114348,36,Auto,10.67,Urban,No,0.705,139348,3176.33,0
APP102729,32,Male,Married,High School,2,Salaried,4,22404,691,1,5,142907,60,Auto,9.39,Semiurban,No,1.276,167907,2381.78,0
APP102730,52,Male,Divorced,High School,0,Salaried,8,62229,696,1,9,143543,12,Personal,8.28,Urban,No,2.307,168543,11961.92,0
APP102731,58,Male,Single,High School,0,Unemployed,0,15000,593,1,7,45892,24,Home,10.13,Rural,No,1.53,70892,1912.17,0
APP102732,44,Male,Married,Bachelor,3,Self-Employed,14,137128,536,1,6,238477,60,Home,11.67,Semiurban,No,0.348,263477,3974.62,1
APP102733,27,Male,Single,High School,1,Business,2,64802,716,1,4,123300,12,Home,7.56,Urban,Yes,1.903,148300,10275.0,0
APP102734,61,Female,Married,High School,4,Business,0,107765,580,0,14,170649,12,Personal,10.47,Urban,Yes,1.584,170649,14220.75,1
APP102735,31,Female,Single,Bachelor,0,Self-Employed,0,107930,844,4,7,102129,60,Auto,6.41,Rural,Yes,0.189,202129,1702.15,1
APP102736,33,Male,Single,High School,1,Salaried,13,31305,701,3,5,288013,24,Education,9.04,Rural,Yes,4.6,363013,12000.54,0
APP102737,42,Male,Divorced,Bachelor,0,Salaried,2,27457,788,1,6,248612,36,Home,6.95,Urban,No,3.018,273612,6905.89,0
APP102738,56,Male,Single,Bachelor,1,Self-Employed,10,75408,682,0,9,154668,36,Home,8.61,Urban,No,0.684,154668,4296.33,1
APP102739,48,Female,Married,Bachelor,0,Salaried,6,45433,740,0,15,52064,60,Auto,6.88,Urban,Yes,0.229,52064,867.73,1
APP102740,42,Female,Married,PhD,0,Salaried,12,159188,684,2,7,209516,36,Education,9.39,Semiurban,No,0.439,259516,5819.89,1
APP102741,43,Female,Single,High School,0,Salaried,6,37679,760,3,3,236638,36,Business,5.89,Semiurban,No,2.093,311638,6573.28,0
APP102742,38,Female,Single,High School,2,Self-Employed,24,44091,516,0,17,75814,36,Business,13.46,Rural,Yes,0.573,75814,2105.94,1
APP102743,44,Male,Married,Master,0,Unemployed,0,15000,751,1,8,138528,12,Medical,7.69,Semiurban,Yes,9.235,163528,11544.0,0
APP102744,21,Male,Single,Bachelor,2,Salaried,6,70480,733,1,7,156147,120,Home,8.52,Urban,No,0.222,181147,1301.22,1
APP102745,34,Male,Married,Master,0,Salaried,5,39837,667,0,8,236958,36,Home,9.13,Urban,Yes,1.983,236958,6582.17,0
APP102746,40,Male,Divorced,High School,0,Business,26,74613,647,0,1,137892,60,Business,8.94,Semiurban,No,0.37,137892,2298.2,1
APP102747,24,Female,Single,Master,1,Salaried,1,96852,656,1,7,226963,60,Auto,9.83,Urban,Yes,0.469,251963,3782.72,1
APP102748,42,Male,Single,Master,4,Salaried,7,53635,702,0,11,88168,24,Personal,6.55,Rural,No,0.822,88168,3673.67,1
APP102749,35,Male,Married,Bachelor,0,Salaried,8,83914,777,0,14,65565,12,Personal,5.87,Urban,Yes,0.781,65565,5463.75,1
APP102750,59,Male,Married,High School,0,Business,7,55784,637,0,6,296521,120,Home,9.07,Semiurban,No,0.532,296521,2471.01,0
APP102751,56,Female,Single,Master,2,Salaried,0,30184,543,3,8,45004,36,Business,9.76,Urban,No,0.497,120004,1250.11,0
APP102752,32,Male,Single,Master,0,Salaried,10,128221,850,1,14,89901,36,Home,5.64,Urban,No,0.234,114901,2497.25,1
APP102753,36,Male,Married,Master,2,Salaried,2,47987,733,1,8,212796,60,Auto,8.61,Urban,Yes,0.887,237796,3546.6,0
APP102754,37,Male,Divorced,High School,0,Business,16,76310,648,1,11,107547,12,Medical,7.33,Urban,Yes,1.409,132547,8962.25,0
APP102755,32,Male,Married,Master,1,Unemployed,0,15000,775,4,10,105415,60,Auto,6.08,Urban,No,1.406,205415,1756.92,0
APP102756,40,Male,Married,High School,0,Salaried,8,48810,754,0,4,134198,36,Home,6.75,Semiurban,No,0.916,134198,3727.72,0
APP102757,28,Female,Divorced,High School,1,Unemployed,0,15000,719,0,3,5000,60,Home,7.94,Urban,No,0.067,5000,83.33,1
APP102758,24,Male,Married,Bachelor,2,Salaried,0,35745,641,0,13,239647,60,Home,10.03,Urban,No,1.341,239647,3994.12,0
APP102759,45,Female,Married,High School,2,Salaried,2,71598,733,3,0,164070,60,Auto,7.06,Urban,No,0.458,239070,2734.5,0
APP102760,45,Male,Married,Bachelor,1,Unemployed,0,15000,767,0,4,85084,12,Business,7.6,Rural,No,5.672,85084,7090.33,0
APP102761,28,Male,Divorced,Bachelor,3,Salaried,16,71876,542,2,1,12695,60,Business,11.25,Semiurban,No,0.035,62695,211.58,1
APP102762,48,Female,Married,High School,0,Salaried,7,18672,697,0,13,40771,60,Business,7.46,Rural,No,0.437,40771,679.52,1
APP102763,30,Male,Married,Bachelor,0,Salaried,15,35540,703,1,14,22455,36,Auto,8.17,Rural,No,0.211,47455,623.75,1
APP102764,41,Male,Married,Master,1,Business,5,149051,701,0,4,168180,36,Home,6.72,Urban,Yes,0.376,168180,4671.67,1
APP102765,47,Female,Married,High School,1,Business,11,15000,683,0,21,168979,36,Home,8.09,Semiurban,No,3.755,168979,4693.86,0
APP102766,37,Male,Single,Bachelor,0,Business,3,102701,774,0,14,198972,60,Personal,6.34,Urban,No,0.387,198972,3316.2,1
APP102767,43,Female,Single,High School,1,Self-Employed,3,22445,663,1,8,208606,120,Home,8.14,Rural,No,0.929,233606,1738.38,0
APP102768,31,Male,Married,Bachelor,1,Business,0,57448,679,2,15,200253,60,Home,10.95,Urban,No,0.697,250253,3337.55,0
APP102769,35,Male,Single,High School,2,Salaried,10,17306,705,3,4,273027,60,Home,9.2,Urban,Yes,3.155,348027,4550.45,0
APP102770,35,Male,Married,High School,2,Self-Employed,9,55568,665,0,6,245619,120,Auto,8.9,Rural,No,0.442,245619,2046.82,1
APP102771,29,Female,Single,High School,1,Business,12,92304,569,1,10,226671,24,Medical,11.05,Rural,No,1.228,251671,9444.62,0
APP102772,35,Male,Married,PhD,0,Salaried,9,109920,697,2,4,168942,36,Auto,8.58,Urban,No,0.512,218942,4692.83,1
APP102773,21,Female,Single,Bachelor,1,Salaried,20,71445,698,0,1,207659,36,Business,8.66,Urban,No,0.969,207659,5768.31,0
APP102774,32,Female,Married,Bachelor,2,Salaried,9,64198,650,1,3,117151,60,Personal,10.56,Rural,No,0.365,142151,1952.52,1
APP102775,34,Male,Married,High School,0,Self-Employed,13,64736,669,1,7,132320,12,Medical,9.55,Urban,Yes,2.044,157320,11026.67,0
APP102776,34,Male,Single,Bachelor,1,Salaried,6,71677,425,0,10,287713,60,Home,11.51,Rural,No,0.803,287713,4795.22,0
APP102777,35,Male,Married,High School,4,Salaried,2,15000,776,0,6,105430,12,Auto,7.31,Rural,No,7.029,105430,8785.83,0
APP102778,37,Male,Single,High School,0,Salaried,12,57860,752,0,0,99542,120,Business,6.12,Urban,No,0.172,99542,829.52,1
APP102779,43,Male,Single,Bachelor,0,Salaried,7,80028,572,1,10,121034,240,Personal,10.01,Urban,No,0.076,146034,504.31,1
APP102780,48,Male,Married,High School,0,Self-Employed,12,42791,625,0,14,106055,36,Business,10.48,Urban,No,0.826,106055,2945.97,1
APP102781,30,Female,Single,High School,1,Salaried,10,15000,795,0,4,112836,60,Home,4.24,Urban,No,1.504,112836,1880.6,0
APP102782,23,Female,Divorced,Bachelor,3,Salaried,3,66061,587,1,16,169383,120,Home,11.97,Semiurban,No,0.256,194383,1411.52,1
APP102783,25,Female,Single,Master,1,Self-Employed,14,106339,718,0,12,172002,36,Auto,8.46,Semiurban,Yes,0.539,172002,4777.83,1
APP102784,32,Female,Married,High School,0,Business,2,51437,640,0,2,222887,24,Home,9.53,Semiurban,No,2.167,222887,9286.96,0
APP102785,33,Male,Married,High School,1,Salaried,11,45267,712,0,4,325046,60,Home,8.59,Urban,No,1.436,325046,5417.43,0
APP102786,28,Female,Married,High School,1,Salaried,15,60757,684,4,6,120532,60,Education,9.47,Urban,No,0.397,220532,2008.87,0
APP102787,22,Female,Married,PhD,1,Unemployed,0,15000,657,0,7,144755,60,Education,9.08,Urban,Yes,1.93,144755,2412.58,0
APP102788,32,Male,Married,Master,0,Salaried,14,82774,711,0,0,5000,120,Home,8.55,Semiurban,No,0.006,5000,41.67,1
APP102789,40,Female,Married,Bachelor,1,Unemployed,0,15000,640,0,4,46615,240,Home,8.22,Rural,Yes,0.155,46615,194.23,0
APP102790,45,Male,Married,Master,1,Salaried,13,51226,537,0,5,138303,120,Home,12.07,Urban,No,0.27,138303,1152.53,0
APP102791,31,Male,Single,Bachelor,0,Salaried,2,47465,605,1,17,187086,36,Home,10.51,Rural,No,1.314,212086,5196.83,0
APP102792,33,Female,Married,PhD,1,Salaried,9,90558,596,3,9,189310,24,Medical,11.52,Urban,No,1.045,264310,7887.92,0
APP102793,26,Female,Single,High School,4,Salaried,0,62610,551,1,4,199366,120,Business,11.15,Rural,No,0.318,224366,1661.38,1
APP102794,37,Male,Single,High School,0,Business,18,84497,709,0,5,250597,60,Auto,8.13,Urban,Yes,0.593,250597,4176.62,1
APP102795,27,Female,Married,Bachelor,4,Unemployed,0,15000,666,0,10,286455,36,Business,7.76,Rural,No,6.366,286455,7957.08,0
APP102796,44,Male,Married,High School,0,Unemployed,0,15000,708,0,6,130528,36,Auto,7.84,Rural,No,2.901,130528,3625.78,0
APP102797,21,Male,Married,Bachelor,2,Business,2,40359,721,0,5,85829,120,Business,8.19,Semiurban,No,0.213,85829,715.24,0
APP102798,33,Female,Married,High School,0,Business,12,91929,740,2,5,202391,24,Home,7.91,Urban,No,1.101,252391,8432.96,0
APP102799,41,Male,Single,Bachelor,0,Self-Employed,19,115465,712,1,10,224705,120,Home,9.47,Semiurban,Yes,0.195,249705,1872.54,1
APP102800,40,Female,Single,High School,1,Business,11,63869,601,0,1,160866,60,Home,10.44,Semiurban,No,0.504,160866,2681.1,0
APP102801,70,Male,Single,High School,1,Salaried,25,15000,726,0,2,135680,60,Home,7.39,Semiurban,No,1.809,135680,2261.33,0
APP102802,42,Male,Married,Master,2,Salaried,0,53835,697,0,3,109666,36,Home,8.62,Semiurban,Yes,0.679,109666,3046.28,0
APP102803,25,Male,Married,Master,1,Self-Employed,0,106684,850,2,2,146621,60,Business,4.44,Semiurban,No,0.275,196621,2443.68,1
APP102804,36,Male,Single,PhD,1,Business,2,90035,680,0,3,205205,60,Home,9.73,Urban,Yes,0.456,205205,3420.08,1
APP102805,21,Male,Married,Bachelor,3,Self-Employed,8,77553,710,2,12,96539,36,Education,7.11,Urban,No,0.415,146539,2681.64,1
APP102806,37,Female,Married,Bachelor,1,Business,1,161195,672,1,13,85923,36,Business,8.15,Urban,Yes,0.178,110923,2386.75,1
APP102807,28,Male,Married,Bachelor,0,Salaried,3,95653,683,0,9,197967,60,Business,7.26,Semiurban,No,0.414,197967,3299.45,1
APP102808,48,Female,Married,High School,0,Self-Employed,11,67386,678,3,9,82156,12,Home,8.52,Urban,Yes,1.219,157156,6846.33,0
APP102809,31,Male,Married,High School,1,Unemployed,0,15000,645,0,4,162093,120,Home,9.75,Urban,No,1.081,162093,1350.78,0
APP102810,36,Male,Married,High School,2,Salaried,1,33343,694,0,0,157856,120,Personal,9.77,Semiurban,No,0.473,157856,1315.47,0
APP102811,30,Male,Single,Master,0,Unemployed,0,15000,729,2,8,150032,36,Education,7.36,Semiurban,No,3.334,200032,4167.56,0
APP102812,58,Male,Single,High School,0,Salaried,6,42444,646,0,9,98587,120,Business,8.86,Rural,No,0.232,98587,821.56,1
APP102813,34,Male,Single,Master,0,Self-Employed,14,95928,746,0,4,288712,60,Auto,4.41,Rural,No,0.602,288712,4811.87,1
APP102814,59,Male,Married,Bachelor,1,Business,2,31829,737,2,2,181866,36,Home,7.48,Urban,Yes,1.905,231866,5051.83,0
APP102815,47,Male,Married,Bachelor,0,Salaried,3,42136,609,1,1,108847,36,Education,9.85,Semiurban,No,0.861,133847,3023.53,0
APP102816,43,Male,Married,High School,0,Salaried,11,55157,602,0,8,176474,36,Home,9.98,Rural,Yes,1.066,176474,4902.06,0
APP102817,42,Male,Single,High School,1,Salaried,12,22731,715,1,8,296578,60,Business,9.21,Semiurban,No,2.609,321578,4942.97,0
APP102818,42,Male,Married,PhD,2,Salaried,16,106628,632,2,13,157161,36,Business,9.91,Urban,No,0.491,207161,4365.58,1
APP102819,21,Male,Married,High School,0,Salaried,10,49218,596,0,3,272668,36,Business,9.66,Rural,No,1.847,272668,7574.11,0
APP102820,34,Female,Married,High School,1,Salaried,8,50240,817,1,6,58179,24,Education,4.75,Rural,Yes,0.579,83179,2424.12,1
APP102821,48,Male,Married,High School,0,Unemployed,0,15000,602,4,8,81908,60,Education,8.8,Urban,No,1.092,181908,1365.13,0
APP102822,37,Female,Married,High School,3,Salaried,6,52985,558,3,5,5000,60,Education,10.39,Semiurban,No,0.019,80000,83.33,1
APP102823,21,Male,Single,High School,0,Salaried,6,31083,617,1,12,308061,240,Business,10.03,Urban,No,0.496,333061,1283.59,1
APP102824,37,Female,Single,Bachelor,4,Unemployed,0,15000,698,0,14,13851,24,Home,5.93,Urban,No,0.462,13851,577.12,1
APP102825,58,Female,Single,Bachelor,4,Unemployed,0,15000,685,1,2,163936,24,Business,8.16,Urban,Yes,5.465,188936,6830.67,0
APP102826,52,Female,Married,Bachelor,2,Self-Employed,9,93897,830,0,5,289011,60,Education,6.2,Semiurban,No,0.616,289011,4816.85,1
APP102827,37,Male,Single,High School,0,Self-Employed,12,25182,618,1,14,227693,24,Auto,8.6,Semiurban,No,4.521,252693,9487.21,0
APP102828,49,Female,Married,Master,1,Salaried,0,44180,698,0,9,180103,60,Education,7.86,Urban,No,0.815,180103,3001.72,0
APP102829,33,Female,Married,Master,0,Salaried,7,44000,770,1,8,252649,24,Home,5.61,Urban,Yes,2.871,277649,10527.04,0
APP102830,21,Female,Single,High School,3,Salaried,2,15000,627,0,9,96528,36,Home,6.75,Urban,Yes,2.145,96528,2681.33,0
APP102831,26,Male,Married,High School,2,Business,17,32891,736,3,11,191414,60,Business,6.48,Rural,No,1.164,266414,3190.23,0
APP102832,56,Male,Single,High School,4,Salaried,11,59506,533,0,9,140988,36,Personal,10.28,Urban,No,0.79,140988,3916.33,1
APP102833,34,Male,Married,Master,1,Self-Employed,9,65646,820,0,9,139340,36,Auto,6.38,Semiurban,Yes,0.708,139340,3870.56,1
APP102834,35,Male,Married,Bachelor,1,Salaried,5,16276,759,2,8,165247,60,Medical,7.3,Semiurban,No,2.031,215247,2754.12,0
APP102835,34,Female,Single,Master,1,Salaried,10,61371,625,0,14,244025,120,Education,8.46,Semiurban,No,0.398,244025,2033.54,1
APP102836,60,Male,Married,High School,1,Self-Employed,2,61121,746,1,6,275323,36,Personal,8.37,Semiurban,No,1.502,300323,7647.86,0
APP102837,57,Male,Married,Bachelor,1,Business,7,21346,785,3,8,128638,120,Education,7.03,Urban,No,0.603,203638,1071.98,0
APP102838,64,Male,Divorced,High School,1,Salaried,4,58682,576,1,15,62904,36,Home,10.22,Rural,No,0.357,87904,1747.33,1
APP102839,36,Male,Married,High School,3,Salaried,21,16782,632,1,9,84433,36,Medical,9.69,Urban,No,1.677,109433,2345.36,0
APP102840,41,Male,Single,Bachelor,1,Salaried,16,50112,787,0,7,305823,24,Medical,5.31,Urban,No,3.051,305823,12742.62,0
APP102841,21,Female,Married,High School,3,Salaried,14,34855,685,1,11,268462,60,Auto,5.84,Semiurban,No,1.54,293462,4474.37,0
APP102842,55,Male,Single,Bachelor,3,Self-Employed,0,55156,714,0,9,62697,24,Medical,7.81,Semiurban,No,0.568,62697,2612.38,1
APP102843,23,Male,Single,Bachelor,1,Salaried,13,58379,685,1,4,282880,60,Home,6.94,Rural,No,0.969,307880,4714.67,0
APP102844,40,Male,Single,Master,0,Salaried,9,103303,751,2,9,93067,240,Business,6.75,Urban,No,0.045,143067,387.78,1
APP102845,24,Male,Single,High School,1,Business,15,61928,721,1,3,203168,60,Business,7.99,Rural,No,0.656,228168,3386.13,0
APP102846,30,Male,Married,Master,1,Salaried,9,58315,688,4,17,93007,120,Auto,6.3,Semiurban,No,0.159,193007,775.06,1
APP102847,27,Female,Single,PhD,0,Salaried,7,114293,511,2,9,323029,36,Business,11.99,Semiurban,No,0.942,373029,8973.03,0
APP102848,30,Female,Married,Master,1,Salaried,9,84736,731,1,3,104388,24,Home,8.21,Urban,Yes,0.616,129388,4349.5,0
APP102849,31,Female,Married,Master,4,Salaried,0,56241,738,1,6,66015,36,Home,5.16,Semiurban,No,0.391,91015,1833.75,1
APP102850,31,Female,Married,Master,0,Salaried,3,79374,580,0,11,113478,12,Education,11.11,Urban,Yes,1.43,113478,9456.5,0
APP102851,48,Male,Divorced,Bachelor,2,Self-Employed,10,49429,586,0,2,360150,60,Medical,12.18,Rural,No,1.457,360150,6002.5,0
APP102852,24,Female,Single,High School,2,Self-Employed,14,32219,721,0,21,170844,60,Home,7.32,Semiurban,No,1.061,170844,2847.4,1
APP102853,40,Female,Married,Bachelor,1,Salaried,4,80145,695,0,0,67742,36,Education,8.84,Semiurban,No,0.282,67742,1881.72,0
APP102854,52,Female,Married,Bachelor,1,Self-Employed,7,85408,522,3,12,86929,60,Business,10.56,Rural,No,0.204,161929,1448.82,1
APP102855,31,Male,Single,PhD,2,Salaried,0,126815,614,0,5,10185,36,Business,10.64,Semiurban,No,0.027,10185,282.92,1
APP102856,29,Female,Married,Bachelor,1,Salaried,16,75878,705,1,3,193210,12,Education,8.41,Urban,No,2.546,218210,16100.83,0
APP102857,35,Female,Married,High School,0,Business,14,39710,734,1,10,49956,36,Personal,7.54,Urban,Yes,0.419,74956,1387.67,1
APP102858,52,Female,Single,Bachelor,4,Salaried,11,85032,633,1,5,238452,60,Auto,9.5,Rural,No,0.561,263452,3974.2,1
APP102859,40,Male,Single,PhD,1,Salaried,10,84095,668,1,15,213206,240,Medical,9.03,Rural,Yes,0.127,238206,888.36,1
APP102860,31,Female,Single,High School,2,Business,17,87391,609,0,0,141998,36,Education,9.76,Rural,No,0.542,141998,3944.39,0
APP102861,43,Female,Married,High School,1,Salaried,3,39810,785,2,10,248889,60,Business,5.33,Urban,No,1.25,298889,4148.15,0
APP102862,24,Female,Married,Bachelor,0,Salaried,2,67829,693,3,6,224047,120,Auto,7.99,Urban,No,0.33,299047,1867.06,1
APP102863,46,Male,Married,High School,4,Self-Employed,14,57607,626,1,9,162552,36,Home,9.43,Urban,No,0.941,187552,4515.33,1
APP102864,42,Female,Married,High School,2,Self-Employed,13,67477,587,2,10,88548,120,Home,9.09,Rural,No,0.131,138548,737.9,1
APP102865,34,Male,Married,High School,0,Business,0,20093,578,0,0,183082,36,Business,10.33,Urban,No,3.037,183082,5085.61,0
APP102866,27,Male,Married,Master,4,Salaried,4,26767,824,0,9,182615,240,Auto,5.46,Urban,No,0.341,182615,760.9,1
APP102867,27,Male,Married,High School,2,Salaried,18,53754,666,1,13,189316,12,Education,8.16,Urban,No,3.522,214316,15776.33,0
APP102868,44,Female,Married,Bachelor,1,Salaried,10,68909,648,2,10,156322,60,Business,9.39,Rural,No,0.454,206322,2605.37,1
APP102869,52,Male,Married,Master,1,Salaried,12,52791,662,0,6,176172,60,Business,9.35,Semiurban,Yes,0.667,176172,2936.2,1
APP102870,30,Male,Married,PhD,0,Salaried,1,110572,629,1,0,174171,36,Education,8.76,Semiurban,No,0.525,199171,4838.08,0
APP102871,43,Female,Married,PhD,1,Self-Employed,11,47617,671,0,10,258967,24,Auto,8.73,Semiurban,No,2.719,258967,10790.29,0
APP102872,21,Female,Divorced,Bachelor,0,Salaried,0,141607,682,4,17,48071,12,Business,9.27,Semiurban,No,0.339,148071,4005.92,1
APP102873,30,Male,Single,PhD,1,Salaried,0,148462,681,2,11,69872,12,Auto,7.37,Urban,No,0.471,119872,5822.67,1
APP102874,37,Female,Single,High School,1,Salaried,12,52890,578,0,13,156010,60,Personal,8.78,Urban,Yes,0.59,156010,2600.17,1
APP102875,27,Female,Divorced,Bachelor,3,Unemployed,0,15000,751,4,12,89200,120,Medical,6.04,Urban,Yes,0.595,189200,743.33,1
APP102876,26,Male,Single,Bachelor,2,Business,6,66797,635,0,6,166869,12,Business,9.83,Urban,No,2.498,166869,13905.75,0
APP102877,29,Male,Married,High School,0,Unemployed,0,15000,627,1,8,60947,24,Home,9.0,Semiurban,No,2.032,85947,2539.46,0
APP102878,41,Male,Married,Bachelor,3,Salaried,18,57154,623,0,12,73569,12,Auto,8.3,Urban,No,1.287,73569,6130.75,0
APP102879,35,Male,Single,High School,1,Salaried,6,26954,595,0,0,314839,36,Medical,11.37,Semiurban,No,3.894,314839,8745.53,0
APP102880,21,Male,Single,Master,1,Salaried,7,51953,701,0,11,131653,120,Home,6.8,Semiurban,No,0.253,131653,1097.11,1
APP102881,21,Female,Single,High School,0,Self-Employed,18,20648,751,0,14,56300,36,Business,6.81,Urban,Yes,0.909,56300,1563.89,1
APP102882,30,Female,Single,Bachelor,3,Salaried,5,66241,622,3,7,140814,36,Auto,10.3,Urban,No,0.709,215814,3911.5,0
APP102883,43,Male,Married,High School,3,Salaried,4,35402,532,0,12,232913,24,Business,12.03,Semiurban,No,3.29,232913,9704.71,0
APP102884,21,Male,Married,High School,2,Salaried,12,51363,597,0,5,246442,24,Education,10.48,Urban,No,2.399,246442,10268.42,0
APP102885,32,Male,Divorced,PhD,3,Salaried,3,114283,644,1,8,33114,24,Education,8.45,Urban,No,0.145,58114,1379.75,1
APP102886,31,Male,Married,Master,0,Salaried,7,85457,581,1,6,88636,24,Business,10.94,Urban,No,0.519,113636,3693.17,1
APP102887,54,Male,Married,PhD,3,Salaried,0,202377,632,4,10,167816,24,Medical,9.37,Semiurban,Yes,0.415,267816,6992.33,1
APP102888,33,Female,Married,High School,1,Salaried,9,56414,635,1,7,147282,60,Business,9.71,Urban,Yes,0.522,172282,2454.7,1
APP102889,42,Female,Married,High School,0,Salaried,8,19940,678,2,0,21999,36,Auto,9.81,Urban,Yes,0.368,71999,611.08,1
APP102890,39,Male,Married,Bachelor,2,Salaried,13,71468,563,0,4,34960,60,Auto,9.55,Semiurban,Yes,0.098,34960,582.67,1
APP102891,21,Female,Single,Bachelor,2,Self-Employed,13,70379,726,0,17,64591,36,Medical,7.87,Rural,No,0.306,64591,1794.19,1
APP102892,47,Male,Single,High School,0,Salaried,11,18523,812,0,10,8328,24,Education,5.9,Rural,No,0.225,8328,347.0,1
APP102893,40,Female,Single,Bachelor,0,Business,10,36688,794,0,0,113322,12,Business,7.06,Urban,No,3.089,113322,9443.5,0
APP102894,44,Male,Single,High School,0,Salaried,7,49931,633,0,14,245559,12,Personal,11.12,Urban,No,4.918,245559,20463.25,0
APP102895,70,Male,Married,High School,1,Salaried,11,54207,733,1,2,96732,24,Education,9.09,Urban,Yes,0.892,121732,4030.5,0
APP102896,21,Female,Single,High School,0,Self-Employed,1,28428,724,0,12,236580,120,Home,8.36,Urban,No,0.832,236580,1971.5,1
APP102897,58,Male,Married,Bachelor,0,Unemployed,0,15000,676,3,14,152375,24,Medical,7.88,Urban,No,5.079,227375,6348.96,0
APP102898,34,Female,Divorced,Bachelor,1,Self-Employed,14,80547,694,4,8,135329,36,Home,7.7,Urban,No,0.56,235329,3759.14,1
APP102899,41,Male,Divorced,Bachelor,4,Salaried,12,89896,734,1,3,16740,60,Home,8.04,Urban,Yes,0.037,41740,279.0,1
APP102900,37,Male,Divorced,Bachelor,2,Salaried,7,87240,750,1,4,243585,60,Home,5.71,Urban,No,0.558,268585,4059.75,1
APP102901,32,Male,Single,High School,0,Salaried,14,39227,615,0,11,159314,60,Home,9.47,Rural,No,0.812,159314,2655.23,0
APP102902,31,Male,Married,Master,4,Salaried,3,131156,739,0,2,22008,24,Medical,6.48,Semiurban,No,0.084,22008,917.0,1
APP102903,41,Female,Single,Master,1,Salaried,3,41466,813,4,5,180548,60,Home,4.56,Urban,No,0.871,280548,3009.13,0
APP102904,21,Male,Married,Bachelor,1,Salaried,2,119757,750,0,10,102973,60,Home,7.25,Semiurban,Yes,0.172,102973,1716.22,1
APP102905,47,Female,Married,High School,1,Salaried,11,26621,802,0,4,154905,36,Auto,6.75,Urban,No,1.94,154905,4302.92,0
APP102906,33,Female,Married,Bachelor,1,Self-Employed,0,70559,473,0,15,169210,240,Business,13.14,Urban,No,0.12,169210,705.04,1
APP102907,24,Female,Married,Bachelor,0,Self-Employed,3,54984,727,1,2,247258,60,Auto,7.58,Semiurban,No,0.899,272258,4120.97,0
APP102908,32,Male,Married,PhD,1,Salaried,9,80928,701,0,0,59817,60,Auto,7.63,Urban,Yes,0.148,59817,996.95,1
APP102909,53,Female,Single,PhD,1,Business,0,250000,762,2,4,195750,36,Auto,6.24,Semiurban,No,0.261,245750,5437.5,1
APP102910,31,Male,Single,Master,1,Self-Employed,4,75553,589,0,9,256263,120,Home,11.09,Urban,Yes,0.339,256263,2135.52,1
APP102911,42,Male,Married,High School,2,Salaried,0,56894,639,3,12,351638,36,Auto,8.71,Semiurban,No,2.06,426638,9767.72,0
APP102912,29,Male,Married,PhD,1,Salaried,11,86583,752,4,5,233964,120,Personal,6.42,Semiurban,No,0.27,333964,1949.7,1
APP102913,47,Male,Divorced,Bachelor,2,Self-Employed,3,100096,595,2,6,178912,36,Business,10.51,Rural,No,0.596,228912,4969.78,0
APP102914,46,Male,Single,Master,1,Salaried,1,60314,699,1,7,172001,120,Home,7.04,Urban,No,0.285,197001,1433.34,1
APP102915,60,Female,Married,Bachelor,4,Unemployed,0,15000,678,0,16,274168,60,Business,8.53,Urban,Yes,3.656,274168,4569.47,0
APP102916,35,Male,Married,High School,1,Salaried,5,53002,664,3,9,127085,60,Auto,8.19,Semiurban,No,0.48,202085,2118.08,1
APP102917,46,Male,Married,Bachelor,3,Salaried,0,41954,725,2,5,213672,12,Medical,6.83,Rural,No,5.093,263672,17806.0,0
APP102918,39,Female,Married,High School,2,Unemployed,0,15000,590,0,18,325528,36,Home,9.95,Urban,Yes,7.234,325528,9042.44,0
APP102919,53,Male,Divorced,High School,1,Unemployed,0,15000,617,1,8,141250,120,Home,10.41,Urban,No,0.942,166250,1177.08,0
APP102920,29,Male,Single,Master,2,Salaried,5,70655,668,0,0,5000,36,Business,8.82,Urban,No,0.024,5000,138.89,1
APP102921,46,Male,Divorced,High School,0,Self-Employed,8,35758,583,1,1,81134,60,Medical,10.63,Urban,Yes,0.454,106134,1352.23,1
APP102922,35,Female,Single,High School,4,Salaried,3,43605,778,0,10,173475,240,Education,7.2,Rural,No,0.199,173475,722.81,1
APP102923,37,Male,Single,High School,0,Self-Employed,9,24864,616,1,0,83043,24,Home,10.3,Semiurban,No,1.67,108043,3460.12,0
APP102924,39,Male,Married,Bachelor,1,Business,3,156836,742,1,10,122222,36,Medical,6.98,Urban,No,0.26,147222,3395.06,1
APP102925,41,Male,Married,PhD,0,Salaried,17,113250,609,0,4,126396,24,Auto,10.38,Rural,Yes,0.558,126396,5266.5,1
APP102926,36,Female,Married,High School,1,Salaried,1,40460,736,3,13,194875,24,Home,7.11,Urban,No,2.408,269875,8119.79,0
APP102927,40,Female,Married,High School,1,Salaried,0,60304,551,2,8,74322,60,Medical,11.42,Rural,No,0.246,124322,1238.7,1
APP102928,56,Female,Married,Master,3,Salaried,0,54550,792,1,0,103298,24,Auto,7.2,Semiurban,Yes,0.947,128298,4304.08,0
APP102929,49,Male,Single,Master,1,Salaried,10,40431,770,3,12,262563,36,Home,7.12,Urban,No,2.165,337563,7293.42,0
APP102930,48,Male,Divorced,High School,4,Business,7,59584,635,2,14,111443,240,Medical,8.05,Semiurban,Yes,0.094,161443,464.35,1
APP102931,32,Male,Single,Master,1,Salaried,12,82145,613,1,1,208062,36,Auto,9.24,Rural,Yes,0.844,233062,5779.5,0
APP102932,27,Male,Married,Bachelor,0,Salaried,11,73264,716,0,3,151115,120,Education,8.33,Urban,No,0.206,151115,1259.29,1
APP102933,49,Male,Single,Master,0,Business,4,45031,557,1,10,148150,36,Medical,8.7,Rural,No,1.097,173150,4115.28,0
APP102934,48,Male,Married,Bachelor,2,Salaried,5,48592,682,2,11,209051,36,Education,8.68,Rural,No,1.434,259051,5806.97,0
APP102935,55,Male,Married,PhD,0,Salaried,5,15000,615,1,19,5000,36,Home,9.97,Semiurban,No,0.111,30000,138.89,1
APP102936,30,Female,Single,High School,1,Salaried,19,21308,659,1,12,185467,24,Personal,11.55,Urban,No,4.352,210467,7727.79,0
APP102937,35,Male,Married,High School,0,Self-Employed,12,65420,628,3,20,194220,60,Home,9.87,Urban,No,0.594,269220,3237.0,1
APP102938,21,Female,Single,High School,1,Salaried,19,58817,616,0,8,217875,60,Personal,9.57,Semiurban,No,0.741,217875,3631.25,1
APP102939,33,Male,Single,Bachelor,2,Business,13,47174,816,0,9,119962,60,Home,6.84,Semiurban,Yes,0.509,119962,1999.37,1
APP102940,49,Male,Single,Master,1,Salaried,7,67450,742,2,5,150042,36,Auto,6.82,Urban,Yes,0.741,200042,4167.83,1
APP102941,32,Male,Married,Bachelor,0,Self-Employed,1,72768,561,0,5,5000,60,Business,10.82,Rural,No,0.014,5000,83.33,1
APP102942,45,Male,Married,High School,0,Self-Employed,9,73040,609,0,8,96412,24,Personal,9.91,Rural,No,0.66,96412,4017.17,0
APP102943,35,Male,Married,Bachelor,1,Self-Employed,7,117872,748,3,5,164046,60,Business,7.64,Urban,No,0.278,239046,2734.1,1
APP102944,41,Male,Married,Bachelor,0,Salaried,7,63827,757,1,0,267652,12,Home,5.94,Semiurban,Yes,4.193,292652,22304.33,0
APP102945,24,Female,Married,PhD,1,Salaried,6,85575,569,1,4,297662,36,Home,11.45,Semiurban,No,1.159,322662,8268.39,0
APP102946,39,Female,Married,Bachelor,1,Business,0,35861,735,1,13,122604,60,Auto,6.77,Urban,Yes,0.684,147604,2043.4,1
APP102947,21,Male,Married,Bachelor,0,Salaried,15,62701,701,0,8,219922,120,Home,10.04,Urban,No,0.351,219922,1832.68,1
APP102948,35,Female,Married,Bachelor,1,Salaried,7,111873,524,1,8,138223,120,Business,10.01,Semiurban,Yes,0.124,163223,1151.86,1
APP102949,21,Female,Married,Master,1,Self-Employed,0,143917,647,1,4,20723,60,Personal,8.3,Semiurban,No,0.029,45723,345.38,1
APP102950,52,Male,Single,Bachelor,0,Business,10,96557,669,0,9,198404,120,Education,6.59,Semiurban,Yes,0.205,198404,1653.37,1
APP102951,47,Female,Married,High School,1,Salaried,2,47309,683,2,16,296502,60,Education,11.3,Semiurban,No,1.253,346502,4941.7,0
APP102952,43,Male,Married,Master,0,Self-Employed,11,66747,574,0,15,119485,60,Education,9.29,Urban,No,0.358,119485,1991.42,1
APP102953,56,Male,Single,Bachelor,1,Self-Employed,13,61285,618,0,9,77419,60,Education,10.4,Urban,No,0.253,77419,1290.32,1
APP102954,26,Male,Married,Bachelor,2,Salaried,14,63689,630,0,3,155389,120,Business,10.13,Semiurban,No,0.244,155389,1294.91,1
APP102955,58,Male,Single,PhD,0,Self-Employed,7,122430,637,0,16,140176,60,Business,8.35,Semiurban,No,0.229,140176,2336.27,1
APP102956,49,Male,Single,Master,1,Business,5,166274,638,3,13,358803,120,Business,10.01,Urban,Yes,0.216,433803,2990.02,1
APP102957,35,Male,Single,Master,1,Unemployed,0,15000,669,0,0,230468,24,Business,7.55,Urban,No,7.682,230468,9602.83,0
APP102958,51,Female,Married,PhD,0,Salaried,3,116822,704,0,0,160351,120,Personal,7.11,Urban,No,0.137,160351,1336.26,1
APP102959,24,Female,Married,High School,2,Self-Employed,7,29417,821,0,0,5000,24,Medical,4.02,Urban,No,0.085,5000,208.33,1
APP102960,28,Female,Married,Bachelor,1,Salaried,6,35964,749,1,5,138536,60,Medical,7.69,Urban,No,0.77,163536,2308.93,0
APP102961,30,Female,Single,Bachelor,1,Salaried,3,37802,785,0,12,298178,60,Home,4.34,Urban,No,1.578,298178,4969.63,0
APP102962,31,Female,Married,High School,2,Self-Employed,1,55345,641,0,12,156403,120,Business,9.57,Urban,No,0.283,156403,1303.36,1
APP102963,25,Male,Married,Master,2,Salaried,7,15000,599,1,9,215747,36,Auto,9.9,Semiurban,No,4.794,240747,5992.97,0
APP102964,52,Male,Single,Master,4,Salaried,5,77796,744,2,7,181356,240,Education,8.86,Urban,Yes,0.117,231356,755.65,1
APP102965,34,Male,Married,Bachelor,1,Salaried,1,95216,678,2,19,111067,12,Business,8.47,Semiurban,No,1.166,161067,9255.58,1
APP102966,42,Female,Single,PhD,3,Salaried,12,122673,738,2,8,285305,12,Business,8.09,Rural,Yes,2.326,335305,23775.42,0
APP102967,31,Male,Single,High School,0,Salaried,18,35862,609,0,7,165112,120,Medical,10.33,Urban,No,0.46,165112,1375.93,1
APP102968,21,Female,Married,Bachelor,1,Salaried,13,42543,731,1,5,93450,120,Personal,7.28,Semiurban,Yes,0.22,118450,778.75,1
APP102969,41,Male,Married,Bachelor,0,Self-Employed,3,96171,665,1,19,151722,60,Education,9.81,Urban,Yes,0.316,176722,2528.7,1
APP102970,21,Male,Single,High School,0,Salaried,7,47355,643,0,11,264203,120,Medical,9.52,Urban,No,0.558,264203,2201.69,0
APP102971,37,Female,Single,High School,1,Self-Employed,17,45224,650,0,2,31643,24,Business,9.9,Semiurban,No,0.35,31643,1318.46,0
APP102972,21,Male,Single,Master,2,Business,0,88284,719,0,2,171621,12,Home,6.69,Rural,No,1.944,171621,14301.75,0
APP102973,61,Male,Single,Bachelor,1,Salaried,12,61909,741,0,0,155890,240,Home,7.71,Semiurban,No,0.126,155890,649.54,1
APP102974,48,Male,Single,Master,2,Salaried,0,68151,650,0,7,26791,60,Home,9.8,Urban,Yes,0.079,26791,446.52,1
APP102975,39,Male,Married,Bachelor,1,Self-Employed,18,95531,707,3,0,211341,120,Education,6.77,Urban,No,0.221,286341,1761.18,1
APP102976,53,Female,Married,High School,1,Self-Employed,5,76464,707,2,2,170516,120,Education,7.79,Urban,No,0.223,220516,1420.97,1
APP102977,27,Male,Married,High School,0,Salaried,21,18073,739,0,13,220282,60,Business,5.48,Semiurban,Yes,2.438,220282,3671.37,0
APP102978,44,Male,Married,High School,1,Self-Employed,18,24657,758,0,12,241046,60,Medical,5.25,Urban,No,1.955,241046,4017.43,0
APP102979,40,Male,Married,PhD,0,Salaried,7,149922,824,0,15,145555,36,Home,5.46,Semiurban,No,0.324,145555,4043.19,1
APP102980,41,Female,Single,High School,1,Salaried,3,44901,642,0,0,105551,24,Medical,10.96,Semiurban,No,1.175,105551,4397.96,0
APP102981,53,Male,Single,PhD,0,Salaried,9,50733,796,1,2,36037,60,Home,7.96,Urban,No,0.142,61037,600.62,1
APP102982,46,Female,Married,PhD,0,Salaried,6,135330,689,2,4,98452,120,Medical,7.92,Semiurban,No,0.073,148452,820.43,1
APP102983,41,Female,Single,PhD,2,Salaried,5,109667,592,0,16,150875,60,Medical,9.21,Semiurban,No,0.275,150875,2514.58,1
APP102984,21,Male,Single,Bachelor,1,Self-Employed,0,138097,627,0,8,72913,12,Business,10.39,Rural,No,0.528,72913,6076.08,1
APP102985,26,Female,Single,PhD,1,Business,4,129881,717,4,17,196676,24,Auto,5.66,Urban,No,0.757,296676,8194.83,1
APP102986,36,Male,Married,High School,0,Salaried,1,61402,737,0,11,77725,24,Home,6.86,Urban,Yes,0.633,77725,3238.54,1
APP102987,39,Male,Married,High School,1,Unemployed,0,15000,598,0,7,8974,60,Business,9.29,Rural,No,0.12,8974,149.57,1
APP102988,24,Male,Divorced,High School,2,Self-Employed,13,79716,618,0,10,103765,60,Home,9.55,Urban,No,0.26,103765,1729.42,1
APP102989,66,Female,Married,PhD,3,Salaried,12,133766,637,0,0,164738,36,Auto,10.64,Semiurban,No,0.411,164738,4576.06,1
APP102990,56,Female,Married,High School,2,Salaried,10,70076,610,2,0,49244,60,Education,7.21,Urban,No,0.141,99244,820.73,1
APP102991,45,Male,Married,Bachelor,0,Self-Employed,2,105317,529,1,9,78939,36,Business,11.73,Rural,No,0.25,103939,2192.75,1
APP102992,38,Male,Single,High School,2,Business,9,60399,502,0,8,99586,120,Auto,12.3,Urban,Yes,0.165,99586,829.88,1
APP102993,35,Female,Single,High School,0,Salaried,12,21505,649,0,17,110089,36,Business,8.96,Urban,No,1.706,110089,3058.03,1
APP102994,26,Female,Single,High School,0,Self-Employed,4,37756,700,2,1,173830,60,Medical,8.29,Semiurban,No,0.921,223830,2897.17,0
APP102995,38,Female,Single,Master,0,Salaried,8,20762,732,0,9,201031,36,Business,7.87,Urban,Yes,3.228,201031,5584.19,0
APP102996,41,Male,Single,Bachelor,2,Salaried,7,36977,571,0,11,112045,12,Home,10.74,Semiurban,No,3.03,112045,9337.08,0
APP102997,23,Female,Single,Master,1,Salaried,17,91840,572,3,9,66884,36,Medical,8.52,Semiurban,Yes,0.243,141884,1857.89,1
APP102998,42,Male,Single,Bachelor,1,Self-Employed,13,70567,637,2,13,160938,240,Education,8.37,Semiurban,No,0.114,210938,670.58,1
APP102999,36,Male,Divorced,PhD,2,Salaried,11,87056,680,2,4,191417,24,Auto,10.0,Rural,No,1.099,241417,7975.71,0
APP103000,21,Female,Married,Bachelor,0,Salaried,0,40172,760,1,12,279101,24,Education,5.63,Semiurban,No,3.474,304101,11629.21,0
APP103001,27,Female,Divorced,Bachelor,1,Salaried,9,15690,737,0,10,241693,36,Auto,7.34,Urban,No,5.135,241693,6713.69,0
APP103002,33,Male,Married,Bachelor,1,Business,7,96828,650,3,13,49292,120,Business,8.28,Urban,No,0.051,124292,410.77,1
APP103003,60,Male,Married,Bachelor,1,Self-Employed,7,83374,708,1,5,138720,36,Auto,8.43,Semiurban,No,0.555,163720,3853.33,1
APP103004,44,Female,Single,Master,2,Salaried,0,45774,612,0,2,186492,36,Business,9.56,Semiurban,No,1.358,186492,5180.33,0
APP103005,21,Male,Single,Bachelor,0,Unemployed,0,15000,685,0,4,81984,36,Business,8.95,Rural,Yes,1.822,81984,2277.33,0
APP103006,43,Female,Single,Master,2,Salaried,7,128119,675,0,2,121943,240,Home,8.88,Urban,No,0.048,121943,508.1,1
APP103007,21,Female,Divorced,Master,1,Salaried,14,115683,792,0,5,203916,240,Home,5.77,Urban,No,0.088,203916,849.65,1
APP103008,50,Male,Divorced,High School,2,Salaried,4,16022,719,0,6,169997,36,Medical,5.39,Semiurban,Yes,3.537,169997,4722.14,0
APP103009,32,Female,Single,Bachelor,1,Salaried,5,57884,618,0,3,150138,60,Home,8.77,Urban,No,0.519,150138,2502.3,1
APP103010,36,Female,Single,High School,3,Salaried,18,67461,619,0,8,97716,24,Home,8.41,Urban,No,0.724,97716,4071.5,1
APP103011,53,Female,Married,Bachelor,0,Self-Employed,6,65507,653,0,2,34351,36,Auto,7.73,Rural,No,0.175,34351,954.19,0
APP103012,22,Female,Single,Bachelor,2,Self-Employed,7,63931,554,0,7,125005,60,Home,11.42,Urban,No,0.391,125005,2083.42,1
APP103013,21,Female,Married,PhD,1,Self-Employed,7,167651,661,0,5,142701,36,Home,10.8,Urban,No,0.284,142701,3963.92,1
APP103014,30,Male,Single,High School,0,Self-Employed,0,71128,668,0,7,32525,24,Home,6.17,Semiurban,No,0.229,32525,1355.21,1
APP103015,50,Male,Married,High School,0,Business,11,87551,717,0,9,153837,120,Business,6.15,Urban,No,0.176,153837,1281.97,1
APP103016,21,Female,Single,High School,2,Salaried,4,37415,728,0,5,181363,24,Business,7.67,Urban,No,2.424,181363,7556.79,0
APP103017,21,Male,Married,High School,0,Self-Employed,7,64320,687,1,4,94640,12,Home,8.01,Urban,No,1.471,119640,7886.67,0
APP103018,32,Male,Single,Master,0,Self-Employed,10,151895,549,0,4,182275,60,Education,11.47,Semiurban,No,0.24,182275,3037.92,1
APP103019,44,Female,Married,Master,4,Unemployed,0,15000,582,0,13,172056,24,Home,10.31,Semiurban,No,5.735,172056,7169.0,0
APP103020,52,Female,Divorced,Bachelor,2,Salaried,0,49914,631,3,14,125637,36,Auto,10.7,Urban,No,0.839,200637,3489.92,1
APP103021,32,Male,Single,Master,0,Salaried,13,117977,732,1,5,116722,24,Auto,7.93,Urban,No,0.495,141722,4863.42,1
APP103022,33,Female,Married,High School,1,Self-Employed,13,93354,729,1,7,123424,12,Home,8.3,Semiurban,Yes,1.322,148424,10285.33,0
APP103023,51,Female,Married,High School,1,Self-Employed,4,94815,660,1,0,81503,36,Personal,9.82,Semiurban,Yes,0.287,106503,2263.97,1
APP103024,21,Male,Divorced,High School,2,Salaried,11,35446,850,0,7,177571,36,Personal,3.81,Rural,No,1.67,177571,4932.53,0
APP103025,33,Female,Married,Master,2,Self-Employed,17,82912,804,1,0,82378,60,Education,6.51,Urban,Yes,0.199,107378,1372.97,1
APP103026,40,Male,Married,Bachelor,2,Salaried,3,34270,779,1,5,87513,240,Home,7.06,Semiurban,No,0.128,112513,364.64,1
APP103027,43,Male,Married,Bachelor,0,Unemployed,0,15000,736,0,13,189781,36,Education,6.94,Urban,No,4.217,189781,5271.69,0
APP103028,31,Male,Single,High School,1,Salaried,10,23202,716,1,0,130634,60,Personal,7.33,Urban,No,1.126,155634,2177.23,0
APP103029,38,Male,Married,High School,0,Salaried,11,32783,710,2,3,154935,12,Auto,7.48,Urban,No,4.726,204935,12911.25,0
APP103030,21,Male,Divorced,PhD,0,Salaried,12,124045,535,0,3,13070,120,Home,10.42,Semiurban,No,0.011,13070,108.92,1
APP103031,30,Female,Married,High School,2,Salaried,8,48824,595,0,0,108135,120,Business,8.72,Semiurban,No,0.221,108135,901.12,0
APP103032,43,Female,Divorced,Master,0,Salaried,11,19151,662,0,12,284461,60,Business,10.91,Urban,No,2.971,284461,4741.02,0
APP103033,26,Male,Married,High School,1,Self-Employed,2,83376,690,0,9,7535,24,Home,9.28,Rural,No,0.045,7535,313.96,1
APP103034,38,Female,Married,High School,2,Business,8,34466,670,0,17,289970,36,Medical,8.63,Urban,No,2.804,289970,8054.72,0
APP103035,43,Male,Married,Bachelor,1,Salaried,5,35976,701,0,3,170897,36,Business,6.51,Urban,No,1.583,170897,4747.14,0
APP103036,33,Male,Married,High School,0,Self-Employed,0,24382,511,0,0,107361,240,Home,12.33,Urban,No,0.22,107361,447.34,0
APP103037,40,Female,Married,Bachelor,2,Salaried,4,43467,720,3,12,133646,36,Home,7.24,Rural,No,1.025,208646,3712.39,0
APP103038,26,Male,Divorced,Bachelor,3,Salaried,9,37579,684,1,6,248441,36,Personal,8.16,Rural,No,2.204,273441,6901.14,0
APP103039,35,Male,Married,Bachelor,2,Salaried,10,38189,665,1,5,5000,24,Business,10.95,Urban,No,0.065,30000,208.33,1
APP103040,45,Female,Married,Master,1,Salaried,0,15000,754,0,15,263234,24,Auto,8.82,Urban,No,8.774,263234,10968.08,0
APP103041,39,Male,Married,Bachelor,0,Self-Employed,2,75897,596,0,8,171251,60,Auto,7.71,Semiurban,No,0.451,171251,2854.18,1
APP103042,30,Female,Single,High School,0,Salaried,12,46061,661,2,12,230979,60,Education,9.15,Semiurban,No,1.003,280979,3849.65,1
APP103043,40,Male,Single,Bachelor,2,Business,11,174165,702,0,4,10134,36,Business,8.13,Semiurban,Yes,0.019,10134,281.5,1
APP103044,46,Male,Divorced,Bachelor,0,Self-Employed,13,86590,611,0,4,131802,36,Home,10.14,Urban,No,0.507,131802,3661.17,1
APP103045,21,Male,Married,High School,3,Self-Employed,16,39971,519,2,6,5000,24,Home,11.06,Urban,Yes,0.063,55000,208.33,1
APP103046,51,Male,Single,Master,1,Unemployed,0,15000,587,0,11,245806,12,Home,10.26,Urban,No,16.387,245806,20483.83,0
APP103047,33,Male,Single,Bachelor,1,Unemployed,0,15000,674,0,8,71383,240,Personal,7.43,Rural,No,0.238,71383,297.43,1
APP103048,43,Male,Married,Master,2,Self-Employed,8,111100,660,4,10,70207,60,Medical,9.84,Urban,No,0.126,170207,1170.12,1
APP103049,52,Female,Married,Master,2,Salaried,17,61641,678,0,0,5000,120,Education,9.45,Rural,No,0.008,5000,41.67,1
APP103050,21,Female,Married,Bachelor,1,Salaried,24,61525,627,1,0,185549,36,Auto,11.1,Urban,Yes,1.005,210549,5154.14,0
APP103051,29,Male,Married,Bachelor,3,Self-Employed,10,128920,575,3,0,155751,120,Home,9.73,Semiurban,Yes,0.121,230751,1297.92,1
APP103052,34,Male,Married,Bachelor,4,Salaried,11,50397,690,0,6,90170,36,Education,8.47,Urban,Yes,0.596,90170,2504.72,1
APP103053,28,Male,Single,Bachelor,3,Unemployed,0,15000,666,2,1,171048,60,Business,10.72,Rural,No,2.281,221048,2850.8,0
APP103054,58,Female,Single,Master,2,Salaried,8,106388,731,0,16,87605,24,Business,6.7,Rural,No,0.412,87605,3650.21,1
APP103055,27,Female,Married,Master,2,Salaried,14,88215,620,2,7,9256,60,Home,8.59,Urban,No,0.021,59256,154.27,1
APP103056,31,Male,Single,High School,2,Salaried,14,15000,518,0,9,120896,36,Business,11.94,Urban,No,2.687,120896,3358.22,0
APP103057,40,Female,Married,Bachelor,0,Business,10,106036,471,4,2,281577,60,Medical,13.75,Urban,No,0.531,381577,4692.95,0
APP103058,23,Male,Married,PhD,0,Salaried,6,56085,647,1,2,227733,120,Home,8.39,Rural,No,0.406,252733,1897.78,1
APP103059,33,Male,Married,Bachelor,0,Salaried,0,71033,690,1,15,186429,60,Business,10.13,Urban,No,0.525,211429,3107.15,1
APP103060,41,Male,Divorced,Master,0,Salaried,12,139986,661,2,16,169521,240,Medical,7.86,Urban,No,0.061,219521,706.34,1
APP103061,34,Male,Single,Master,1,Salaried,9,72248,634,0,10,120933,36,Home,9.98,Rural,No,0.558,120933,3359.25,1
APP103062,36,Male,Married,High School,0,Salaried,3,60957,552,0,0,208878,36,Business,10.28,Semiurban,No,1.142,208878,5802.17,0
APP103063,31,Male,Single,High School,3,Salaried,1,20501,528,0,5,195225,60,Home,10.97,Rural,Yes,1.905,195225,3253.75,0
APP103064,21,Female,Single,Bachelor,2,Salaried,11,22014,709,0,9,143350,36,Education,8.64,Semiurban,No,2.171,143350,3981.94,0
APP103065,41,Male,Married,Bachelor,0,Salaried,0,110434,661,1,6,165926,36,Education,8.57,Urban,No,0.501,190926,4609.06,1
APP103066,59,Male,Single,Bachelor,0,Unemployed,0,15000,650,2,0,21531,36,Medical,7.48,Rural,Yes,0.478,71531,598.08,0
APP103067,38,Male,Married,Bachelor,2,Unemployed,0,15000,556,1,17,111576,120,Auto,10.08,Semiurban,No,0.744,136576,929.8,0
APP103068,40,Male,Married,Master,2,Salaried,11,115440,602,0,3,54551,60,Auto,10.68,Semiurban,No,0.095,54551,909.18,1
APP103069,46,Male,Single,High School,3,Salaried,5,32763,683,2,1,53025,60,Personal,8.74,Urban,No,0.324,103025,883.75,1
APP103070,22,Male,Single,High School,4,Salaried,0,56439,702,0,7,187621,24,Personal,8.69,Rural,No,1.662,187621,7817.54,0
APP103071,58,Male,Married,High School,4,Unemployed,0,15000,666,1,13,48831,36,Home,8.08,Rural,No,1.085,73831,1356.42,1
APP103072,40,Male,Married,Bachelor,1,Salaried,15,27629,790,0,10,211447,36,Auto,5.14,Urban,Yes,2.551,211447,5873.53,0
APP103073,57,Male,Married,High School,0,Salaried,4,68477,633,0,1,232560,36,Home,8.52,Urban,No,1.132,232560,6460.0,0
APP103074,29,Male,Married,Bachelor,2,Salaried,11,92671,782,1,0,145063,12,Home,5.61,Semiurban,No,1.565,170063,12088.58,0
APP103075,59,Female,Married,High School,0,Salaried,17,19534,697,0,0,101558,120,Business,8.01,Urban,No,0.52,101558,846.32,1
APP103076,47,Female,Married,Bachelor,2,Salaried,10,65007,688,0,6,232481,120,Home,7.06,Urban,No,0.358,232481,1937.34,1
APP103077,44,Male,Single,High School,1,Self-Employed,5,45547,754,1,5,194189,60,Home,7.99,Semiurban,No,0.853,219189,3236.48,1
APP103078,40,Male,Married,Bachelor,2,Self-Employed,14,114549,630,0,10,245614,36,Business,9.92,Urban,No,0.715,245614,6822.61,1
APP103079,35,Male,Married,Bachelor,0,Self-Employed,3,29681,653,1,4,63479,36,Education,8.08,Rural,Yes,0.713,88479,1763.31,0
APP103080,52,Male,Married,High School,1,Salaried,0,105042,582,4,12,129172,60,Personal,10.16,Rural,No,0.246,229172,2152.87,1
APP103081,39,Male,Married,Master,1,Business,12,108493,754,1,11,132514,36,Education,6.03,Rural,No,0.407,157514,3680.94,1
APP103082,21,Male,Divorced,High School,3,Salaried,5,54922,706,1,4,166753,60,Personal,7.73,Urban,No,0.607,191753,2779.22,1
APP103083,24,Male,Single,Bachelor,0,Salaried,6,94687,767,0,9,199990,120,Education,5.83,Urban,No,0.211,199990,1666.58,1
APP103084,35,Female,Divorced,Master,3,Self-Employed,4,85956,696,1,14,161026,36,Auto,10.22,Semiurban,No,0.624,186026,4472.94,1
APP103085,41,Male,Married,Bachelor,2,Unemployed,0,15000,768,0,3,256832,60,Education,5.05,Semiurban,No,3.424,256832,4280.53,0
APP103086,37,Male,Married,Master,2,Salaried,16,61657,620,1,6,120020,120,Business,8.33,Urban,No,0.195,145020,1000.17,1
APP103087,52,Male,Single,High School,2,Salaried,17,26504,758,0,6,66079,36,Auto,6.6,Urban,No,0.831,66079,1835.53,0
APP103088,21,Female,Married,Bachelor,1,Salaried,18,66796,648,0,6,96746,60,Auto,9.13,Semiurban,No,0.29,96746,1612.43,1
APP103089,39,Female,Married,Bachelor,0,Business,14,84927,680,1,12,86793,60,Education,8.5,Semiurban,Yes,0.204,111793,1446.55,1
APP103090,21,Male,Married,High School,0,Salaried,10,33085,738,1,12,113525,120,Auto,8.16,Semiurban,No,0.343,138525,946.04,1
APP103091,47,Female,Single,Bachelor,3,Salaried,0,48725,850,0,10,128464,120,Education,5.44,Urban,No,0.264,128464,1070.53,1
APP103092,36,Male,Married,High School,2,Salaried,6,52084,745,0,9,131857,60,Personal,6.18,Semiurban,Yes,0.506,131857,2197.62,1
APP103093,43,Female,Single,Bachelor,0,Salaried,20,40060,753,1,5,168554,60,Home,8.0,Semiurban,No,0.842,193554,2809.23,1
APP103094,27,Female,Divorced,PhD,1,Salaried,5,86121,636,2,9,113112,24,Education,9.91,Semiurban,Yes,0.657,163112,4713.0,1
APP103095,53,Male,Married,High School,1,Unemployed,0,15000,692,0,1,233904,60,Personal,9.55,Semiurban,No,3.119,233904,3898.4,0
APP103096,50,Female,Single,High School,0,Salaried,8,46326,672,0,20,5000,36,Home,8.61,Urban,Yes,0.036,5000,138.89,1
APP103097,45,Male,Married,Bachelor,1,Unemployed,0,15000,792,0,14,5000,36,Home,7.25,Rural,Yes,0.111,5000,138.89,1
APP103098,36,Male,Divorced,Bachelor,0,Salaried,11,59403,668,0,12,230104,60,Auto,5.92,Urban,Yes,0.775,230104,3835.07,1
APP103099,44,Male,Married,Master,0,Unemployed,0,15000,786,1,10,223818,60,Home,5.79,Urban,No,2.984,248818,3730.3,0
APP103100,29,Female,Married,Bachelor,1,Self-Employed,7,101678,575,0,10,249121,36,Education,9.59,Semiurban,No,0.817,249121,6920.03,1
APP103101,48,Male,Married,High School,1,Salaried,15,28780,791,1,0,200938,24,Education,6.88,Urban,No,3.491,225938,8372.42,0
APP103102,57,Male,Married,Bachelor,0,Self-Employed,0,55244,611,3,1,150202,36,Medical,9.04,Urban,Yes,0.906,225202,4172.28,0
APP103103,50,Female,Single,Master,1,Salaried,0,55407,748,1,2,129325,36,Home,8.02,Urban,No,0.778,154325,3592.36,0
APP103104,29,Male,Single,Bachelor,0,Salaried,9,43861,610,2,8,21829,36,Auto,10.59,Semiurban,No,0.166,71829,606.36,1
APP103105,42,Male,Married,Bachelor,0,Salaried,10,70125,729,1,6,161813,36,Business,6.81,Rural,No,0.769,186813,4494.81,1
APP103106,22,Male,Single,High School,0,Salaried,16,52403,602,2,12,35056,60,Business,10.2,Semiurban,No,0.134,85056,584.27,1
APP103107,44,Male,Married,High School,0,Self-Employed,11,72468,762,0,3,347289,36,Home,6.55,Semiurban,No,1.597,347289,9646.92,0
APP103108,43,Male,Single,High School,0,Business,0,60606,747,0,13,67436,36,Home,7.18,Semiurban,No,0.371,67436,1873.22,1
APP103109,21,Male,Married,Bachelor,2,Salaried,9,24866,631,1,3,143965,120,Business,10.13,Rural,No,0.579,168965,1199.71,1
APP103110,24,Female,Married,Master,1,Unemployed,0,15000,726,2,5,270512,60,Home,7.15,Urban,No,3.607,320512,4508.53,0
APP103111,34,Female,Married,Bachelor,0,Unemployed,0,15000,755,0,12,120717,36,Education,5.24,Urban,No,2.683,120717,3353.25,0
APP103112,34,Male,Married,High School,0,Salaried,7,43049,606,0,10,121257,36,Home,10.48,Urban,No,0.939,121257,3368.25,0
APP103113,23,Male,Divorced,High School,0,Salaried,5,19540,597,4,1,5000,120,Home,11.13,Urban,No,0.026,105000,41.67,0
APP103114,42,Male,Married,High School,2,Salaried,4,38572,594,0,13,45217,24,Home,8.42,Urban,No,0.586,45217,1884.04,1
APP103115,41,Female,Single,Bachelor,1,Self-Employed,10,36190,582,0,8,194922,60,Business,10.32,Urban,Yes,1.077,194922,3248.7,0
APP103116,35,Male,Married,Bachelor,0,Salaried,1,72049,593,0,0,283826,12,Business,9.21,Rural,No,3.939,283826,23652.17,0
APP103117,28,Male,Divorced,High School,1,Salaried,10,34476,753,1,3,78707,12,Home,8.07,Semiurban,Yes,2.283,103707,6558.92,0
APP103118,50,Female,Married,Bachelor,1,Self-Employed,11,56413,724,2,5,165739,120,Home,8.7,Urban,No,0.294,215739,1381.16,1
APP103119,57,Male,Married,High School,0,Self-Employed,14,18119,544,0,2,366676,60,Auto,10.31,Urban,No,4.047,366676,6111.27,0
APP103120,32,Male,Single,High School,1,Salaried,1,59974,639,1,14,195344,36,Home,7.9,Semiurban,No,1.086,220344,5426.22,1
APP103121,30,Female,Single,High School,1,Business,0,56212,587,0,6,228085,60,Home,10.5,Semiurban,No,0.812,228085,3801.42,0
APP103122,43,Female,Married,High School,0,Self-Employed,9,52226,748,1,10,88714,240,Home,5.93,Semiurban,Yes,0.085,113714,369.64,1
APP103123,33,Male,Married,High School,2,Salaried,6,29128,644,0,9,274189,12,Home,9.98,Urban,No,9.413,274189,22849.08,0
APP103124,36,Female,Divorced,High School,2,Self-Employed,25,15737,556,0,11,94615,12,Business,10.75,Semiurban,No,6.012,94615,7884.58,0
APP103125,46,Male,Married,Master,1,Salaried,10,60722,693,3,16,80559,120,Medical,9.75,Rural,No,0.133,155559,671.32,1
APP103126,21,Female,Single,Bachelor,0,Salaried,8,50711,728,0,11,268350,60,Home,9.09,Urban,Yes,1.058,268350,4472.5,1
APP103127,53,Male,Single,Bachelor,1,Salaried,6,67319,603,1,16,99044,120,Home,11.49,Semiurban,Yes,0.147,124044,825.37,1
APP103128,38,Female,Divorced,Master,1,Salaried,0,66461,658,3,11,149706,60,Auto,9.24,Urban,Yes,0.451,224706,2495.1,1
APP103129,33,Female,Single,High School,2,Salaried,11,29428,607,0,8,280094,36,Home,8.91,Urban,Yes,3.173,280094,7780.39,0
APP103130,36,Female,Single,Master,1,Salaried,7,29141,779,0,9,76870,24,Personal,4.94,Semiurban,No,1.319,76870,3202.92,0
APP103131,37,Female,Divorced,High School,0,Self-Employed,7,51417,645,0,0,131055,36,Home,9.69,Semiurban,Yes,0.85,131055,3640.42,0
APP103132,21,Male,Married,Bachelor,1,Self-Employed,8,48103,622,0,5,101183,60,Home,10.23,Semiurban,No,0.421,101183,1686.38,1
APP103133,55,Male,Single,Bachelor,2,Salaried,9,93020,675,2,7,123701,24,Education,8.76,Rural,No,0.665,173701,5154.21,1
APP103134,38,Male,Married,High School,1,Salaried,0,44627,663,0,10,153139,60,Education,7.41,Urban,Yes,0.686,153139,2552.32,1
APP103135,43,Female,Divorced,PhD,3,Business,13,177726,735,4,7,257207,24,Education,6.5,Semiurban,Yes,0.724,357207,10716.96,1
APP103136,49,Female,Single,High School,2,Salaried,2,37646,777,2,9,281383,36,Personal,6.54,Urban,No,2.491,331383,7816.19,0
APP103137,25,Male,Married,High School,0,Salaried,7,45522,777,2,1,162467,12,Auto,5.85,Rural,No,3.569,212467,13538.92,0
APP103138,43,Female,Married,High School,3,Salaried,15,26412,649,0,0,91873,36,Auto,8.24,Urban,No,1.159,91873,2552.03,0
APP103139,34,Female,Married,High School,1,Business,18,32071,704,0,2,204243,60,Auto,6.95,Urban,No,1.274,204243,3404.05,0
APP103140,48,Female,Divorced,High School,2,Business,0,63397,799,0,15,150421,60,Education,5.88,Rural,No,0.475,150421,2507.02,1
APP103141,21,Female,Divorced,High School,2,Self-Employed,8,62378,802,1,1,153031,36,Education,5.75,Semiurban,No,0.818,178031,4250.86,0
APP103142,36,Male,Single,High School,1,Salaried,9,15000,609,0,4,67454,36,Education,8.99,Rural,No,1.499,67454,1873.72,0
APP103143,30,Male,Single,Master,1,Self-Employed,0,74134,727,2,8,20633,36,Auto,7.47,Urban,No,0.093,70633,573.14,1
APP103144,43,Male,Single,High School,3,Salaried,12,74237,713,1,0,148486,60,Auto,7.99,Semiurban,No,0.4,173486,2474.77,0
APP103145,43,Male,Married,High School,0,Salaried,8,50386,754,1,3,64443,60,Business,7.27,Semiurban,Yes,0.256,89443,1074.05,1
APP103146,29,Male,Single,Bachelor,0,Salaried,9,98441,779,1,11,107578,36,Education,5.46,Rural,Yes,0.364,132578,2988.28,1
APP103147,29,Female,Married,PhD,1,Self-Employed,2,84765,596,1,5,268613,36,Business,9.77,Urban,Yes,1.056,293613,7461.47,0
APP103148,36,Female,Single,High School,3,Salaried,10,33986,624,0,16,144387,60,Home,9.54,Urban,Yes,0.85,144387,2406.45,1
APP103149,27,Female,Married,High School,3,Salaried,13,58917,752,0,0,238567,60,Personal,7.09,Semiurban,No,0.81,238567,3976.12,0
APP103150,48,Male,Single,PhD,0,Business,8,181411,691,1,6,173691,60,Home,6.85,Urban,No,0.191,198691,2894.85,1
APP103151,33,Male,Married,High School,3,Business,4,60522,501,1,5,196706,36,Education,11.64,Semiurban,No,1.083,221706,5464.06,0
APP103152,21,Male,Single,Bachelor,0,Self-Employed,5,34124,546,0,7,105997,60,Medical,11.67,Rural,No,0.621,105997,1766.62,0
APP103153,33,Male,Single,High School,4,Salaried,9,62244,733,2,1,242232,36,Medical,6.75,Rural,No,1.297,292232,6728.67,0
APP103154,25,Male,Married,PhD,1,Business,8,250000,747,2,5,174866,36,Auto,7.42,Urban,No,0.233,224866,4857.39,1
APP103155,21,Male,Married,PhD,0,Self-Employed,13,39750,572,0,11,128847,24,Auto,10.57,Semiurban,Yes,1.621,128847,5368.62,0
APP103156,23,Male,Single,Master,0,Self-Employed,5,148341,767,1,6,174823,120,Home,6.2,Semiurban,No,0.118,199823,1456.86,1
APP103157,39,Male,Single,High School,0,Salaried,0,33804,664,0,2,92780,60,Business,9.98,Urban,No,0.549,92780,1546.33,0
APP103158,53,Female,Married,Bachelor,0,Salaried,10,51663,598,0,18,126505,24,Home,9.74,Semiurban,Yes,1.224,126505,5271.04,1
APP103159,41,Male,Married,High School,2,Salaried,5,46718,635,2,8,145578,120,Auto,9.09,Rural,No,0.312,195578,1213.15,1
APP103160,30,Male,Married,Master,0,Salaried,12,38820,582,4,11,107944,60,Personal,9.88,Urban,Yes,0.556,207944,1799.07,1
APP103161,43,Male,Married,Master,4,Salaried,8,76793,630,1,11,274697,36,Personal,10.88,Semiurban,No,1.192,299697,7630.47,0
APP103162,32,Female,Single,Bachelor,1,Salaried,11,19718,530,3,7,116785,240,Auto,12.79,Urban,No,0.296,191785,486.6,1
APP103163,29,Male,Married,Bachelor,2,Salaried,1,71902,674,1,4,316601,36,Home,9.67,Rural,No,1.468,341601,8794.47,0
APP103164,24,Male,Married,High School,0,Business,8,121635,726,1,8,155381,12,Home,8.35,Urban,Yes,1.277,180381,12948.42,0
APP103165,21,Female,Divorced,Bachelor,3,Salaried,3,44011,572,1,4,131253,60,Business,9.68,Semiurban,No,0.596,156253,2187.55,0
APP103166,33,Male,Single,Bachelor,2,Salaried,0,55781,681,0,9,109645,60,Business,7.93,Semiurban,No,0.393,109645,1827.42,1
APP103167,39,Female,Married,High School,3,Self-Employed,2,47890,615,0,7,183792,12,Home,8.93,Semiurban,No,3.838,183792,15316.0,0
APP103168,36,Male,Single,High School,4,Salaried,4,59263,733,0,13,221535,120,Home,8.37,Urban,No,0.374,221535,1846.12,1
APP103169,33,Male,Married,High School,0,Salaried,15,49097,494,1,2,5000,60,Auto,14.46,Semiurban,No,0.02,30000,83.33,1
APP103170,26,Male,Married,Master,0,Salaried,4,107911,736,1,11,150390,120,Auto,7.96,Semiurban,No,0.139,175390,1253.25,1
APP103171,45,Male,Married,Master,2,Business,0,92321,534,1,11,5000,24,Personal,13.0,Urban,No,0.027,30000,208.33,1
APP103172,22,Male,Divorced,PhD,3,Unemployed,0,15000,663,0,6,228546,60,Home,9.2,Semiurban,Yes,3.047,228546,3809.1,0
APP103173,47,Male,Married,Bachelor,1,Self-Employed,8,15000,623,0,11,229974,24,Education,9.86,Urban,Yes,7.666,229974,9582.25,0
APP103174,25,Male,Divorced,Bachelor,1,Business,5,115029,651,0,10,153277,36,Medical,8.4,Semiurban,No,0.444,153277,4257.69,1
APP103175,28,Male,Married,High School,2,Salaried,7,20688,557,0,11,166671,36,Business,11.47,Semiurban,No,2.685,166671,4629.75,0
APP103176,21,Male,Single,PhD,0,Business,13,124344,812,3,11,35618,36,Home,6.67,Urban,No,0.095,110618,989.39,1
APP103177,31,Female,Single,Bachelor,0,Unemployed,0,15000,577,1,8,106217,24,Auto,11.51,Urban,No,3.541,131217,4425.71,0
APP103178,49,Female,Married,Bachelor,1,Self-Employed,11,25917,583,0,5,101025,36,Personal,10.44,Urban,No,1.299,101025,2806.25,0
APP103179,44,Male,Single,Bachelor,0,Business,0,130853,823,1,4,114079,12,Home,5.74,Semiurban,Yes,0.872,139079,9506.58,0
APP103180,49,Male,Married,Master,1,Salaried,25,73960,705,1,6,219773,36,Personal,7.84,Urban,No,0.991,244773,6104.81,1
APP103181,44,Female,Married,High School,4,Salaried,14,67429,579,1,12,252536,36,Home,9.86,Semiurban,No,1.248,277536,7014.89,1
APP103182,24,Male,Divorced,High School,2,Business,11,39300,669,4,11,198845,60,Home,9.5,Urban,No,1.012,298845,3314.08,1
APP103183,34,Male,Married,Bachelor,3,Self-Employed,1,17616,661,1,13,124127,36,Medical,6.88,Urban,No,2.349,149127,3447.97,0
APP103184,28,Male,Married,Master,2,Self-Employed,13,92471,544,2,13,90306,24,Medical,9.45,Urban,Yes,0.488,140306,3762.75,1
APP103185,53,Male,Divorced,Bachelor,1,Self-Employed,4,89612,619,3,6,157241,24,Home,9.07,Urban,No,0.877,232241,6551.71,0
APP103186,23,Female,Married,Bachelor,2,Business,6,115160,677,0,17,173721,60,Home,7.19,Rural,No,0.302,173721,2895.35,1
APP103187,48,Female,Single,High School,3,Self-Employed,0,26554,781,0,7,132321,60,Personal,7.47,Semiurban,Yes,0.997,132321,2205.35,0
APP103188,48,Male,Married,Bachelor,3,Salaried,0,19384,664,0,5,97274,12,Home,8.28,Semiurban,No,5.018,97274,8106.17,0
APP103189,59,Male,Single,Bachelor,2,Salaried,10,52191,670,2,9,199220,240,Home,9.48,Urban,No,0.191,249220,830.08,1
APP103190,33,Female,Married,Bachelor,0,Unemployed,0,15000,614,2,10,207081,60,Home,11.02,Urban,Yes,2.761,257081,3451.35,0
APP103191,46,Male,Married,High School,0,Self-Employed,12,60181,767,2,4,45045,24,Business,6.72,Urban,No,0.374,95045,1876.88,1
APP103192,65,Female,Married,Master,0,Unemployed,0,15000,752,0,7,119301,120,Personal,7.29,Rural,No,0.795,119301,994.18,0
APP103193,30,Female,Married,Bachelor,4,Business,7,75995,743,1,5,212232,120,Home,8.37,Semiurban,No,0.279,237232,1768.6,1
APP103194,21,Male,Married,Master,1,Self-Employed,5,21649,688,1,8,229086,60,Home,9.24,Semiurban,No,2.116,254086,3818.1,0
APP103195,21,Female,Divorced,High School,3,Salaried,9,62941,552,0,11,155165,120,Auto,8.89,Urban,No,0.247,155165,1293.04,1
APP103196,46,Male,Single,High School,1,Salaried,12,45415,766,0,6,179226,12,Business,6.27,Semiurban,No,3.946,179226,14935.5,0
APP103197,21,Female,Married,Master,2,Self-Employed,8,104605,684,1,10,170203,120,Business,8.83,Rural,Yes,0.163,195203,1418.36,1
APP103198,33,Male,Married,High School,0,Salaried,15,55424,655,1,1,226344,12,Auto,9.12,Semiurban,No,4.084,251344,18862.0,0
APP103199,43,Male,Single,Bachelor,0,Business,6,137386,715,1,12,61263,60,Home,6.71,Urban,No,0.089,86263,1021.05,1
APP103200,40,Female,Married,Bachelor,1,Business,2,89136,697,0,5,171408,36,Home,6.35,Urban,No,0.641,171408,4761.33,1
APP103201,43,Female,Single,Master,1,Salaried,7,116237,594,0,5,78891,12,Home,10.73,Semiurban,No,0.679,78891,6574.25,0
APP103202,40,Male,Married,High School,0,Self-Employed,8,61994,654,1,10,237046,120,Home,8.08,Urban,No,0.382,262046,1975.38,1
APP103203,53,Male,Single,High School,2,Salaried,7,30527,527,3,10,65332,24,Personal,11.33,Semiurban,No,1.07,140332,2722.17,0
APP103204,26,Male,Single,Master,1,Salaried,15,70419,686,3,7,182679,120,Home,8.42,Semiurban,No,0.259,257679,1522.32,1
APP103205,29,Male,Married,Bachelor,2,Salaried,12,75418,786,1,3,79319,36,Medical,6.12,Rural,No,0.351,104319,2203.31,1
APP103206,28,Male,Single,High School,0,Business,0,44393,536,2,5,210193,60,Auto,10.35,Urban,No,0.947,260193,3503.22,0
APP103207,47,Male,Single,High School,2,Salaried,17,57513,690,0,8,185143,36,Personal,8.12,Urban,No,1.073,185143,5142.86,0
APP103208,48,Male,Married,PhD,0,Salaried,0,102327,733,2,10,169173,60,Home,6.8,Urban,Yes,0.331,219173,2819.55,1
APP103209,43,Male,Married,High School,2,Salaried,20,48678,745,1,3,306874,60,Home,8.76,Rural,No,1.261,331874,5114.57,0
APP103210,52,Male,Married,Bachelor,1,Salaried,6,96012,620,2,4,93797,60,Home,9.81,Urban,Yes,0.195,143797,1563.28,1
APP103211,23,Male,Married,Bachelor,2,Salaried,6,68914,591,0,9,224085,36,Business,12.75,Semiurban,Yes,1.084,224085,6224.58,0
APP103212,58,Male,Married,Master,3,Salaried,7,80320,633,2,7,243761,24,Auto,8.02,Urban,No,1.517,293761,10156.71,0
APP103213,56,Female,Married,Master,0,Business,10,112973,775,1,8,224108,24,Medical,6.2,Rural,No,0.992,249108,9337.83,1
APP103214,46,Male,Single,Bachelor,0,Salaried,7,56633,543,0,0,95812,120,Education,10.84,Rural,No,0.169,95812,798.43,1
APP103215,59,Female,Single,High School,2,Self-Employed,7,56958,582,0,6,131232,60,Education,9.58,Semiurban,No,0.461,131232,2187.2,1
APP103216,21,Female,Married,Master,1,Salaried,15,122307,643,0,12,101522,60,Auto,8.79,Semiurban,No,0.166,101522,1692.03,1
APP103217,31,Female,Married,Bachelor,0,Unemployed,0,15000,601,0,4,126215,24,Home,9.5,Semiurban,No,4.207,126215,5258.96,0
APP103218,29,Female,Single,PhD,1,Salaried,2,68501,676,0,10,82706,36,Home,7.5,Rural,No,0.402,82706,2297.39,1
APP103219,46,Female,Married,Bachelor,0,Business,12,138188,793,1,1,120940,60,Auto,7.93,Semiurban,No,0.175,145940,2015.67,1
APP103220,25,Male,Married,Bachelor,0,Business,11,68769,583,2,0,267410,12,Home,10.26,Urban,Yes,3.889,317410,22284.17,0
APP103221,47,Male,Married,High School,1,Self-Employed,4,54937,668,4,10,124460,36,Personal,9.57,Semiurban,Yes,0.755,224460,3457.22,1
APP103222,54,Female,Married,Bachelor,2,Business,12,67807,679,0,7,158466,24,Medical,9.41,Urban,No,1.169,158466,6602.75,0
APP103223,46,Male,Single,High School,1,Salaried,7,15000,653,0,6,91965,60,Education,10.37,Semiurban,No,1.226,91965,1532.75,0
APP103224,41,Female,Married,High School,1,Self-Employed,6,54562,553,0,12,148800,60,Auto,9.96,Urban,No,0.545,148800,2480.0,1
APP103225,26,Male,Single,High School,3,Salaried,6,61515,628,0,6,216133,36,Auto,10.71,Rural,No,1.171,216133,6003.69,0
APP103226,27,Female,Married,High School,0,Business,0,61371,629,2,4,189155,12,Auto,9.35,Rural,No,3.082,239155,15762.92,0
APP103227,52,Male,Married,High School,2,Unemployed,0,15000,730,1,4,263463,24,Business,9.44,Urban,No,8.782,288463,10977.62,0
APP103228,47,Male,Married,High School,3,Unemployed,0,15000,713,1,3,53215,24,Home,8.26,Urban,No,1.774,78215,2217.29,0
APP103229,37,Male,Single,Master,0,Salaried,7,53431,555,0,10,89490,60,Education,9.75,Semiurban,No,0.335,89490,1491.5,1
APP103230,32,Female,Divorced,High School,1,Salaried,0,15000,649,1,6,116967,24,Medical,10.28,Urban,No,3.899,141967,4873.62,0
APP103231,21,Female,Married,Bachelor,4,Salaried,13,57977,639,4,13,271993,36,Education,10.38,Semiurban,No,1.564,371993,7555.36,0
APP103232,25,Male,Married,High School,4,Salaried,6,51059,836,1,0,173902,60,Home,3.99,Semiurban,Yes,0.681,198902,2898.37,1
APP103233,60,Female,Married,Bachelor,0,Salaried,0,89442,703,3,12,36635,120,Home,8.68,Urban,No,0.041,111635,305.29,1
APP103234,22,Male,Single,Bachelor,0,Salaried,21,103921,593,0,9,237378,24,Business,11.74,Semiurban,No,1.142,237378,9890.75,0
APP103235,40,Male,Divorced,PhD,0,Unemployed,0,15000,617,0,7,158767,24,Personal,10.14,Urban,No,5.292,158767,6615.29,0
APP103236,50,Male,Married,Master,1,Self-Employed,13,130009,649,3,1,221225,24,Medical,8.05,Rural,Yes,0.851,296225,9217.71,0
APP103237,22,Male,Married,Bachelor,1,Self-Employed,3,33463,708,1,0,276684,36,Medical,8.85,Urban,No,2.756,301684,7685.67,0
APP103238,40,Male,Single,Master,1,Salaried,8,130709,718,0,11,71792,60,Personal,8.31,Urban,No,0.11,71792,1196.53,1
APP103239,49,Male,Single,High School,3,Self-Employed,2,77014,696,0,9,276658,60,Home,7.85,Rural,Yes,0.718,276658,4610.97,1
APP103240,38,Female,Divorced,Bachelor,0,Unemployed,0,15000,663,1,9,144063,24,Home,8.28,Urban,No,4.802,169063,6002.62,0
APP103241,70,Female,Married,High School,2,Self-Employed,11,64714,669,1,7,116886,24,Auto,9.28,Rural,Yes,0.903,141886,4870.25,0
APP103242,21,Male,Single,High School,0,Salaried,10,52168,669,2,12,162373,36,Education,7.71,Urban,Yes,1.038,212373,4510.36,1
APP103243,50,Male,Single,High School,0,Salaried,14,67728,537,0,5,54599,24,Auto,11.46,Urban,No,0.403,54599,2274.96,1
APP103244,35,Male,Married,Bachelor,1,Unemployed,0,15000,675,1,6,148405,120,Home,9.7,Urban,No,0.989,173405,1236.71,0
APP103245,47,Male,Single,Bachelor,0,Salaried,21,41344,633,1,7,130584,12,Education,10.86,Rural,No,3.158,155584,10882.0,0
APP103246,43,Male,Married,Master,1,Self-Employed,9,74490,547,1,6,74947,60,Home,10.53,Urban,No,0.201,99947,1249.12,1
APP103247,29,Male,Married,Bachelor,3,Salaried,11,82419,850,1,14,98288,12,Business,3.41,Semiurban,No,1.193,123288,8190.67,0
APP103248,40,Female,Married,High School,0,Salaried,0,15000,704,1,1,241049,120,Home,7.21,Urban,No,1.607,266049,2008.74,0
APP103249,21,Female,Married,Bachelor,2,Business,4,15000,681,0,0,135785,60,Personal,9.2,Rural,No,1.81,135785,2263.08,0
APP103250,45,Male,Divorced,Master,0,Salaried,11,107063,650,1,0,71541,36,Medical,8.26,Urban,No,0.223,96541,1987.25,1
APP103251,41,Male,Single,Master,0,Salaried,7,86931,738,0,11,185852,36,Medical,8.32,Urban,No,0.713,185852,5162.56,1
APP103252,45,Male,Married,Bachelor,1,Salaried,9,60461,587,0,7,211332,60,Business,9.52,Semiurban,No,0.699,211332,3522.2,1
APP103253,50,Female,Single,Master,2,Unemployed,0,15000,654,0,0,149839,24,Education,8.36,Semiurban,Yes,4.995,149839,6243.29,0
APP103254,42,Male,Married,Master,1,Salaried,8,22428,603,0,8,51269,120,Home,9.77,Urban,No,0.229,51269,427.24,1
APP103255,39,Male,Divorced,High School,1,Business,8,46343,737,1,6,5000,36,Business,8.2,Urban,No,0.036,30000,138.89,1
APP103256,27,Female,Married,High School,3,Salaried,0,48329,613,0,10,77932,60,Business,8.16,Rural,No,0.323,77932,1298.87,1
APP103257,29,Male,Married,High School,2,Business,11,47623,768,0,11,234340,60,Home,6.92,Urban,Yes,0.984,234340,3905.67,1
APP103258,52,Male,Married,High School,0,Unemployed,0,15000,672,4,20,227027,36,Education,8.82,Urban,No,5.045,327027,6306.31,0
APP103259,55,Male,Married,Bachelor,2,Salaried,9,36148,741,0,2,86316,36,Auto,6.19,Urban,No,0.796,86316,2397.67,0
APP103260,35,Male,Divorced,PhD,1,Salaried,18,75226,711,0,0,131126,36,Auto,8.14,Urban,No,0.581,131126,3642.39,1
APP103261,38,Male,Divorced,Bachelor,2,Salaried,12,77580,764,1,10,205824,60,Home,6.54,Rural,No,0.531,230824,3430.4,1
APP103262,27,Male,Married,Bachelor,1,Business,12,75865,605,0,12,138923,120,Business,8.77,Semiurban,No,0.183,138923,1157.69,1
APP103263,52,Male,Divorced,Bachelor,0,Salaried,2,51816,752,1,1,224905,120,Personal,6.89,Urban,No,0.434,249905,1874.21,0
APP103264,45,Male,Single,High School,1,Salaried,18,30738,530,0,1,142221,24,Business,10.36,Semiurban,No,2.313,142221,5925.88,0
APP103265,61,Female,Single,High School,1,Salaried,16,27493,683,0,9,188527,60,Auto,7.7,Semiurban,No,1.371,188527,3142.12,0
APP103266,27,Male,Single,Bachelor,1,Salaried,2,68854,636,2,16,124177,24,Personal,10.16,Urban,Yes,0.902,174177,5174.04,1
APP103267,33,Male,Single,Bachelor,3,Salaried,5,72092,567,0,3,87285,12,Auto,10.35,Urban,No,1.211,87285,7273.75,0
APP103268,40,Female,Married,PhD,3,Business,15,157628,608,0,8,243255,36,Home,10.7,Semiurban,No,0.514,243255,6757.08,1
APP103269,45,Female,Married,High School,1,Business,18,46825,628,0,0,29842,36,Personal,9.28,Rural,No,0.212,29842,828.94,1
APP103270,35,Female,Married,Master,1,Salaried,0,71451,664,0,7,102024,120,Business,7.76,Urban,No,0.143,102024,850.2,1
APP103271,27,Male,Married,High School,1,Self-Employed,1,83914,638,0,7,142452,60,Business,9.72,Urban,Yes,0.34,142452,2374.2,1
APP103272,48,Male,Married,Bachelor,1,Self-Employed,7,29367,686,0,15,218692,12,Home,8.84,Rural,No,7.447,218692,18224.33,0
APP103273,46,Female,Married,Bachelor,4,Self-Employed,0,128576,613,1,4,79689,36,Home,8.51,Urban,No,0.207,104689,2213.58,1
APP103274,27,Female,Married,High School,1,Salaried,8,43745,641,1,11,160147,36,Home,10.32,Urban,No,1.22,185147,4448.53,0
APP103275,54,Male,Married,High School,0,Salaried,15,38847,656,1,4,39078,60,Business,10.4,Semiurban,Yes,0.201,64078,651.3,1
APP103276,52,Female,Married,High School,1,Self-Employed,0,70420,694,1,8,185230,60,Home,8.75,Semiurban,No,0.526,210230,3087.17,0
APP103277,39,Male,Married,High School,1,Self-Employed,8,15000,747,2,18,295897,60,Home,7.14,Rural,No,3.945,345897,4931.62,0
APP103278,38,Female,Married,Bachelor,1,Salaried,4,94507,748,4,16,5000,120,Home,9.05,Urban,No,0.005,105000,41.67,1
APP103279,44,Female,Married,High School,1,Salaried,17,74510,698,1,17,91809,36,Education,8.58,Urban,No,0.411,116809,2550.25,1
APP103280,27,Female,Single,Bachelor,0,Salaried,4,87199,714,3,9,216954,60,Auto,7.92,Urban,No,0.498,291954,3615.9,1
APP103281,38,Female,Married,High School,0,Salaried,17,15000,704,1,6,385491,120,Personal,9.62,Urban,Yes,2.57,410491,3212.42,0
APP103282,21,Female,Married,Master,0,Salaried,4,102835,654,2,9,197045,60,Auto,10.52,Rural,No,0.383,247045,3284.08,1
APP103283,48,Male,Married,Master,1,Salaried,12,131494,752,1,10,91644,36,Medical,5.52,Rural,Yes,0.232,116644,2545.67,1
APP103284,21,Male,Married,Master,0,Salaried,9,128139,606,2,9,138113,36,Education,9.38,Urban,No,0.359,188113,3836.47,1
APP103285,56,Male,Single,Bachelor,2,Business,7,37196,516,0,4,51851,60,Business,12.27,Urban,No,0.279,51851,864.18,1
APP103286,34,Male,Married,High School,0,Salaried,3,59786,596,1,4,214410,60,Home,11.31,Urban,No,0.717,239410,3573.5,0
APP103287,35,Female,Married,Master,3,Self-Employed,9,163627,792,1,5,233688,60,Business,4.99,Semiurban,No,0.286,258688,3894.8,1
APP103288,30,Male,Married,High School,0,Self-Employed,5,51018,656,2,13,262502,60,Home,9.79,Semiurban,No,1.029,312502,4375.03,1
APP103289,34,Male,Married,High School,0,Salaried,3,16577,701,4,13,123593,120,Business,7.58,Urban,No,0.746,223593,1029.94,1
APP103290,55,Male,Single,High School,1,Salaried,16,56501,658,0,23,85397,60,Auto,9.56,Semiurban,No,0.302,85397,1423.28,1
APP103291,21,Female,Single,Bachelor,0,Business,11,129519,724,1,10,269597,120,Home,6.95,Rural,No,0.208,294597,2246.64,1
APP103292,53,Male,Married,Bachelor,3,Salaried,11,56519,685,0,4,260465,60,Auto,5.97,Semiurban,No,0.922,260465,4341.08,0
APP103293,42,Male,Single,Bachelor,0,Business,5,45347,674,0,5,70970,60,Medical,6.75,Urban,Yes,0.313,70970,1182.83,1
APP103294,23,Male,Married,Bachelor,1,Business,6,126820,729,3,7,119954,240,Home,6.29,Semiurban,No,0.047,194954,499.81,1
APP103295,25,Female,Married,High School,3,Self-Employed,6,34255,642,1,15,213161,120,Home,8.57,Rural,Yes,0.622,238161,1776.34,1
APP103296,58,Male,Single,Master,1,Business,10,136370,709,0,11,129821,60,Education,7.81,Semiurban,No,0.19,129821,2163.68,1
APP103297,26,Female,Married,Bachelor,0,Self-Employed,11,118744,666,1,1,152531,60,Education,8.16,Urban,No,0.257,177531,2542.18,1
APP103298,24,Male,Married,Bachelor,0,Salaried,7,18530,671,1,7,32471,36,Auto,8.53,Urban,Yes,0.584,57471,901.97,1
APP103299,51,Male,Single,Bachelor,1,Unemployed,0,15000,614,0,0,60214,60,Home,9.22,Urban,No,0.803,60214,1003.57,0
APP103300,42,Female,Single,High School,0,Salaried,12,38384,662,0,10,142685,12,Home,8.76,Semiurban,No,3.717,142685,11890.42,0
APP103301,26,Male,Married,High School,1,Salaried,8,38838,636,1,4,94097,36,Home,10.21,Rural,No,0.808,119097,2613.81,0
APP103302,40,Male,Married,Bachelor,2,Salaried,0,72857,770,0,4,58158,24,Home,6.59,Semiurban,No,0.399,58158,2423.25,1
APP103303,25,Male,Married,High School,3,Self-Employed,0,34200,545,0,0,124868,60,Personal,11.64,Urban,Yes,0.73,124868,2081.13,0
APP103304,51,Male,Married,High School,0,Salaried,9,21437,751,0,11,79796,120,Home,7.69,Semiurban,Yes,0.372,79796,664.97,1
APP103305,50,Male,Married,Master,0,Unemployed,0,15000,540,2,14,152245,24,Home,11.04,Urban,Yes,5.075,202245,6343.54,0
APP103306,44,Male,Married,Bachelor,0,Salaried,10,90794,722,0,4,229399,24,Personal,5.77,Urban,Yes,1.263,229399,9558.29,0
APP103307,42,Male,Married,Bachelor,1,Business,3,76062,612,2,7,125898,120,Personal,10.01,Semiurban,No,0.166,175898,1049.15,1
APP103308,59,Male,Married,Bachelor,1,Salaried,8,74248,725,1,5,115913,60,Home,6.83,Urban,No,0.312,140913,1931.88,1
APP103309,37,Female,Single,PhD,2,Salaried,5,76598,670,0,6,235895,60,Education,9.46,Urban,Yes,0.616,235895,3931.58,1
APP103310,23,Female,Married,High School,2,Salaried,18,21669,565,1,3,208681,60,Education,12.07,Semiurban,No,1.926,233681,3478.02,0
APP103311,43,Male,Married,Master,0,Salaried,13,99200,788,0,2,213840,24,Home,5.98,Semiurban,Yes,1.078,213840,8910.0,0
APP103312,63,Male,Married,Bachelor,1,Salaried,16,68199,742,2,14,5000,24,Business,7.32,Semiurban,No,0.037,55000,208.33,1
APP103313,25,Male,Married,High School,0,Unemployed,0,15000,720,3,0,114135,120,Personal,8.27,Urban,No,0.761,189135,951.12,0
APP103314,33,Male,Single,High School,0,Salaried,12,47283,628,0,10,104260,60,Auto,8.63,Urban,Yes,0.441,104260,1737.67,1
APP103315,42,Male,Married,Bachelor,0,Self-Employed,8,43185,744,2,9,83953,12,Auto,7.13,Semiurban,No,1.944,133953,6996.08,0
APP103316,37,Male,Married,Bachelor,0,Salaried,16,86514,577,0,16,234287,24,Business,8.91,Urban,No,1.354,234287,9761.96,0
APP103317,26,Male,Married,High School,1,Salaried,7,64616,501,0,6,106523,60,Business,13.02,Urban,Yes,0.33,106523,1775.38,1
APP103318,51,Male,Married,Bachelor,1,Salaried,0,78982,555,0,6,38768,36,Business,12.59,Urban,Yes,0.164,38768,1076.89,1
APP103319,65,Male,Married,Bachelor,0,Salaried,0,50700,606,1,3,169693,36,Home,9.98,Urban,Yes,1.116,194693,4713.69,0
APP103320,40,Female,Married,Bachelor,4,Business,18,92225,619,0,9,149390,24,Medical,8.87,Semiurban,No,0.81,149390,6224.58,1
APP103321,27,Male,Married,Master,1,Business,10,193480,645,1,4,76205,24,Medical,9.36,Semiurban,No,0.197,101205,3175.21,1
APP103322,21,Female,Single,Master,0,Salaried,11,119637,648,2,2,231430,60,Home,7.77,Semiurban,Yes,0.387,281430,3857.17,1
APP103323,41,Female,Divorced,Bachelor,0,Self-Employed,16,131816,628,2,4,192470,120,Home,9.0,Semiurban,No,0.146,242470,1603.92,1
APP103324,51,Male,Married,PhD,1,Salaried,0,64779,510,2,3,192212,36,Education,11.38,Semiurban,Yes,0.989,242212,5339.22,0
APP103325,43,Male,Married,High School,4,Self-Employed,5,32125,695,0,2,188717,24,Auto,7.58,Urban,No,2.937,188717,7863.21,0
APP103326,37,Male,Single,High School,1,Business,6,66527,658,1,8,237167,24,Personal,9.06,Urban,Yes,1.782,262167,9881.96,0
APP103327,30,Male,Married,High School,3,Business,12,73681,624,3,7,137567,120,Home,9.95,Semiurban,Yes,0.187,212567,1146.39,1
APP103328,24,Male,Single,Bachelor,1,Salaried,3,56442,791,0,10,50675,60,Education,6.19,Urban,No,0.18,50675,844.58,1
APP103329,48,Female,Married,Bachelor,1,Salaried,0,50257,660,2,8,133422,36,Education,9.7,Urban,No,0.885,183422,3706.17,0
APP103330,48,Male,Single,Bachelor,1,Salaried,0,91684,684,0,1,17550,120,Education,8.71,Semiurban,No,0.019,17550,146.25,1
APP103331,21,Male,Married,High School,2,Unemployed,0,15000,743,1,0,65035,60,Business,6.65,Urban,No,0.867,90035,1083.92,0
APP103332,57,Female,Married,High School,1,Unemployed,0,15000,560,1,2,279526,36,Education,10.69,Semiurban,Yes,6.212,304526,7764.61,0
APP103333,44,Female,Married,Master,3,Salaried,4,42260,678,3,11,61953,120,Home,8.36,Urban,No,0.147,136953,516.28,1
APP103334,54,Male,Married,Master,0,Business,11,129044,743,1,11,56084,36,Medical,6.76,Urban,No,0.145,81084,1557.89,1
APP103335,21,Female,Married,Bachelor,1,Unemployed,0,15000,672,2,12,203569,36,Home,9.07,Rural,No,4.524,253569,5654.69,0
APP103336,21,Male,Single,Bachelor,1,Salaried,0,35601,575,0,12,219056,60,Home,8.37,Rural,No,1.231,219056,3650.93,0
APP103337,36,Male,Married,Bachelor,1,Business,0,78192,641,0,13,16695,240,Education,9.21,Rural,No,0.011,16695,69.56,1
APP103338,44,Male,Single,High School,0,Salaried,7,84084,695,0,10,169902,240,Auto,8.41,Semiurban,Yes,0.101,169902,707.92,1
APP103339,59,Male,Single,Bachelor,1,Salaried,10,47892,511,1,17,106128,60,Education,12.38,Urban,No,0.443,131128,1768.8,1
APP103340,46,Female,Single,Bachelor,1,Salaried,6,71386,571,1,9,176446,36,Auto,11.69,Urban,Yes,0.824,201446,4901.28,0
APP103341,35,Male,Married,Bachelor,2,Salaried,10,106897,837,3,17,125786,120,Auto,5.12,Urban,No,0.118,200786,1048.22,1
APP103342,25,Male,Married,High School,2,Business,0,38023,718,0,4,40751,36,Auto,8.47,Urban,No,0.357,40751,1131.97,1
APP103343,52,Male,Married,PhD,2,Salaried,0,83629,798,0,4,111491,60,Home,6.65,Urban,No,0.267,111491,1858.18,1
APP103344,26,Male,Married,Master,0,Salaried,21,62258,749,3,7,200063,24,Personal,7.28,Semiurban,No,1.607,275063,8335.96,0
APP103345,57,Male,Single,High School,4,Salaried,15,15436,711,0,7,305496,60,Education,6.39,Urban,No,3.958,305496,5091.6,0
APP103346,34,Male,Married,Bachelor,2,Self-Employed,12,119080,655,1,6,181187,36,Home,9.99,Rural,No,0.507,206187,5032.97,1
APP103347,57,Female,Single,Master,0,Self-Employed,4,70769,710,0,10,118725,60,Business,7.9,Semiurban,No,0.336,118725,1978.75,1
APP103348,46,Male,Married,High School,0,Self-Employed,6,31998,795,0,7,55628,36,Medical,5.85,Urban,Yes,0.579,55628,1545.22,0
APP103349,36,Male,Single,Bachelor,0,Salaried,7,48889,746,0,4,137323,36,Home,5.92,Urban,Yes,0.936,137323,3814.53,1
APP103350,31,Male,Single,Bachelor,1,Business,15,124831,693,0,6,119724,60,Auto,5.7,Urban,No,0.192,119724,1995.4,1
APP103351,33,Male,Married,Bachelor,3,Unemployed,0,15000,666,1,14,174462,36,Auto,10.58,Rural,No,3.877,199462,4846.17,0
APP103352,43,Male,Divorced,Master,2,Salaried,11,52270,719,2,9,145229,60,Home,7.93,Urban,No,0.556,195229,2420.48,1
APP103353,38,Female,Married,High School,3,Self-Employed,6,58992,637,2,0,188366,120,Medical,8.15,Urban,No,0.319,238366,1569.72,0
APP103354,30,Female,Married,High School,0,Unemployed,0,15000,719,0,15,121223,24,Education,6.36,Semiurban,Yes,4.041,121223,5050.96,0
APP103355,36,Male,Single,High School,1,Self-Employed,9,49900,624,0,10,286729,36,Home,9.24,Urban,No,1.915,286729,7964.69,0
APP103356,38,Male,Married,High School,0,Self-Employed,8,45470,651,1,11,196705,120,Personal,9.79,Urban,Yes,0.433,221705,1639.21,1
APP103357,21,Female,Married,Bachelor,0,Self-Employed,3,102476,597,0,12,93464,120,Education,10.69,Urban,No,0.091,93464,778.87,1
APP103358,43,Male,Single,Bachelor,2,Salaried,7,55520,644,2,12,230088,240,Medical,9.8,Semiurban,No,0.207,280088,958.7,1
APP103359,26,Male,Single,High School,0,Self-Employed,1,84172,625,1,3,57519,120,Education,8.61,Urban,No,0.068,82519,479.32,1
APP103360,24,Male,Single,Bachelor,2,Business,7,61588,815,3,2,81625,36,Education,5.52,Rural,No,0.442,156625,2267.36,1
APP103361,21,Female,Married,Bachelor,1,Salaried,8,40477,608,0,19,85921,24,Auto,9.97,Urban,Yes,1.061,85921,3580.04,1
APP103362,21,Male,Single,High School,2,Business,0,39275,710,0,4,256270,24,Auto,7.74,Urban,No,3.263,256270,10677.92,0
APP103363,21,Female,Married,Bachelor,0,Self-Employed,6,64834,604,0,9,135699,24,Home,10.47,Urban,No,1.047,135699,5654.12,0
APP103364,29,Female,Divorced,Bachelor,2,Salaried,0,60062,683,0,16,99705,12,Personal,9.91,Urban,No,1.66,99705,8308.75,0
APP103365,61,Male,Single,Bachelor,4,Self-Employed,10,32230,703,1,5,163128,120,Home,8.15,Urban,No,0.506,188128,1359.4,1
APP103366,31,Female,Married,High School,3,Salaried,11,43693,531,3,6,193365,60,Education,10.8,Semiurban,No,0.885,268365,3222.75,0
APP103367,40,Female,Married,Bachelor,2,Business,5,111200,568,0,12,277134,24,Home,9.19,Semiurban,No,1.246,277134,11547.25,0
APP103368,42,Male,Divorced,PhD,2,Salaried,11,37380,603,0,9,30240,60,Personal,10.12,Semiurban,No,0.162,30240,504.0,1
APP103369,39,Male,Married,Bachelor,1,Unemployed,0,15000,575,0,10,251065,36,Education,9.84,Semiurban,No,5.579,251065,6974.03,0
APP103370,37,Male,Married,High School,2,Salaried,6,51931,686,1,7,5000,12,Medical,8.71,Urban,No,0.096,30000,416.67,1
APP103371,23,Male,Married,Bachelor,2,Self-Employed,17,39317,699,1,5,222502,24,Education,8.38,Rural,No,2.83,247502,9270.92,0
APP103372,55,Male,Single,High School,1,Unemployed,0,15000,594,1,6,243062,60,Medical,11.68,Rural,No,3.241,268062,4051.03,0
APP103373,59,Male,Single,Bachelor,2,Salaried,16,87204,689,1,13,247205,60,Education,8.43,Rural,No,0.567,272205,4120.08,1
APP103374,21,Male,Married,High School,1,Self-Employed,6,88098,646,1,6,195507,36,Auto,9.54,Semiurban,Yes,0.74,220507,5430.75,0
APP103375,25,Female,Single,High School,0,Salaried,2,49698,672,1,10,64791,60,Auto,7.9,Rural,No,0.261,89791,1079.85,0
APP103376,34,Male,Married,Bachelor,1,Business,5,83653,629,2,3,209766,12,Home,7.99,Semiurban,No,2.508,259766,17480.5,0
APP103377,26,Male,Single,High School,0,Self-Employed,1,39870,719,0,18,64599,36,Auto,8.69,Semiurban,No,0.54,64599,1794.42,1
APP103378,44,Male,Married,Bachelor,1,Unemployed,0,15000,810,0,9,74904,24,Personal,7.01,Semiurban,Yes,2.497,74904,3121.0,0
APP103379,29,Male,Single,High School,0,Business,0,92751,741,0,9,113498,12,Business,6.85,Semiurban,Yes,1.224,113498,9458.17,0
APP103380,63,Male,Divorced,High School,1,Salaried,16,21762,791,0,12,120707,36,Personal,4.25,Urban,No,1.849,120707,3352.97,0
APP103381,52,Male,Married,Master,2,Salaried,2,107588,567,0,5,169256,60,Home,12.02,Rural,No,0.315,169256,2820.93,1
APP103382,40,Male,Single,Master,1,Self-Employed,13,69925,625,0,13,94367,12,Auto,10.69,Urban,No,1.35,94367,7863.92,0
APP103383,50,Female,Single,High School,0,Salaried,8,26957,725,0,0,176375,24,Home,7.38,Semiurban,No,3.271,176375,7348.96,0
APP103384,51,Female,Married,Bachelor,1,Salaried,9,56158,800,2,4,40214,120,Business,7.07,Urban,No,0.072,90214,335.12,1
APP103385,31,Male,Single,High School,0,Salaried,4,59353,732,1,3,153105,24,Business,7.32,Urban,Yes,1.29,178105,6379.38,0
APP103386,28,Female,Married,Bachelor,1,Self-Employed,10,81282,597,0,0,128203,60,Business,10.28,Rural,No,0.315,128203,2136.72,0
APP103387,38,Female,Single,Bachelor,1,Salaried,8,67058,645,2,5,231106,60,Home,7.47,Semiurban,No,0.689,281106,3851.77,1
APP103388,48,Male,Divorced,High School,3,Business,0,72251,706,1,7,239157,36,Home,9.1,Rural,No,1.103,264157,6643.25,0
APP103389,39,Female,Married,Bachelor,0,Business,2,107537,666,0,2,136403,24,Business,6.93,Semiurban,Yes,0.634,136403,5683.46,1
APP103390,21,Female,Married,High School,2,Business,4,60003,616,4,1,5000,24,Business,11.4,Semiurban,No,0.042,105000,208.33,0
APP103391,28,Male,Married,High School,3,Salaried,3,53058,656,0,8,32058,60,Home,10.7,Semiurban,No,0.121,32058,534.3,1
APP103392,37,Male,Divorced,Master,4,Salaried,15,56560,678,2,7,239899,36,Auto,5.89,Urban,No,1.414,289899,6663.86,0
APP103393,37,Male,Divorced,Bachelor,0,Salaried,8,76275,593,3,6,138531,36,Auto,11.7,Urban,No,0.605,213531,3848.08,0
APP103394,61,Male,Divorced,Bachelor,1,Unemployed,0,15000,758,1,1,289932,120,Home,6.6,Rural,Yes,1.933,314932,2416.1,0
APP103395,21,Female,Single,Bachelor,0,Salaried,5,77478,644,1,6,221735,60,Education,9.54,Urban,No,0.572,246735,3695.58,0
APP103396,44,Male,Single,Bachelor,1,Salaried,4,78775,674,3,4,170413,240,Business,7.11,Rural,No,0.108,245413,710.05,1
APP103397,55,Female,Married,Bachelor,0,Salaried,6,71621,762,0,8,160283,60,Home,6.44,Semiurban,No,0.448,160283,2671.38,1
APP103398,65,Female,Married,High School,2,Self-Employed,1,75042,670,0,5,58088,24,Business,7.42,Semiurban,No,0.387,58088,2420.33,1
APP103399,33,Male,Single,Bachelor,0,Self-Employed,3,15000,758,1,7,99494,36,Home,6.05,Urban,No,2.211,124494,2763.72,0
APP103400,43,Female,Single,Bachelor,1,Salaried,12,81343,597,2,1,183302,120,Business,11.28,Urban,No,0.225,233302,1527.52,1
APP103401,44,Male,Married,Bachelor,1,Salaried,9,109386,714,1,1,122393,24,Auto,8.72,Urban,Yes,0.559,147393,5099.71,1
APP103402,40,Male,Married,Bachelor,4,Self-Employed,7,53343,747,4,10,187462,60,Medical,7.88,Urban,No,0.703,287462,3124.37,1
APP103403,36,Female,Married,High School,2,Salaried,8,29159,613,0,11,232339,12,Education,9.2,Semiurban,Yes,7.968,232339,19361.58,0
APP103404,43,Male,Married,Bachelor,0,Self-Employed,7,110589,665,2,6,135627,120,Home,8.01,Urban,Yes,0.123,185627,1130.22,1
APP103405,21,Male,Married,High School,0,Business,6,38673,667,3,8,115476,60,Medical,7.01,Semiurban,Yes,0.597,190476,1924.6,1
APP103406,46,Female,Married,Bachelor,0,Self-Employed,11,51998,696,0,5,78295,24,Business,8.76,Semiurban,No,0.753,78295,3262.29,0
APP103407,39,Female,Married,Bachelor,2,Self-Employed,10,77098,717,3,13,216790,120,Home,9.6,Rural,No,0.281,291790,1806.58,1
APP103408,35,Male,Single,Master,2,Business,0,78051,607,0,6,210280,12,Home,11.32,Rural,No,2.694,210280,17523.33,0
APP103409,62,Female,Married,Bachelor,1,Unemployed,0,15000,675,3,5,324966,36,Home,8.53,Semiurban,No,7.221,399966,9026.83,0
APP103410,29,Female,Married,Master,0,Salaried,0,52298,807,3,12,164148,60,Medical,6.35,Rural,No,0.628,239148,2735.8,1
APP103411,33,Male,Married,Bachelor,2,Salaried,11,69015,764,0,4,142268,120,Auto,6.97,Semiurban,No,0.206,142268,1185.57,1
APP103412,61,Male,Single,PhD,1,Business,12,161068,743,1,8,187386,36,Education,8.05,Urban,No,0.388,212386,5205.17,1
APP103413,28,Female,Divorced,Bachelor,4,Salaried,4,101597,664,1,2,126963,120,Education,10.46,Rural,No,0.125,151963,1058.03,0
APP103414,31,Male,Single,PhD,1,Unemployed,0,15000,850,0,11,79174,24,Business,4.43,Semiurban,No,2.639,79174,3298.92,0
APP103415,36,Male,Single,High School,0,Salaried,0,32733,762,0,12,157102,12,Medical,6.23,Semiurban,No,4.799,157102,13091.83,0
APP103416,48,Male,Married,High School,1,Unemployed,0,15000,682,0,1,186624,12,Education,8.07,Semiurban,No,12.442,186624,15552.0,0
APP103417,40,Female,Married,Bachelor,0,Self-Employed,12,97139,697,1,0,191927,60,Auto,8.03,Urban,No,0.395,216927,3198.78,1
APP103418,22,Male,Married,PhD,2,Business,14,104796,643,1,9,185525,24,Home,9.87,Urban,No,0.885,210525,7730.21,1
APP103419,31,Male,Married,Bachelor,2,Salaried,16,51608,711,3,17,235111,12,Education,7.71,Urban,No,4.556,310111,19592.58,0
APP103420,30,Male,Married,High School,0,Unemployed,0,15000,727,0,12,191641,240,Education,6.61,Semiurban,No,0.639,191641,798.5,0
APP103421,37,Female,Married,Bachelor,0,Salaried,13,76975,736,1,6,171648,24,Home,6.44,Semiurban,No,1.115,196648,7152.0,0
APP103422,43,Male,Married,Bachelor,0,Salaried,16,43837,665,0,3,48753,36,Auto,7.52,Urban,No,0.371,48753,1354.25,1
APP103423,43,Male,Single,High School,3,Salaried,0,41386,562,1,1,169670,60,Business,10.65,Urban,No,0.82,194670,2827.83,0
APP103424,21,Female,Married,Bachelor,0,Unemployed,0,15000,699,3,11,136331,24,Education,9.05,Semiurban,No,4.544,211331,5680.46,0
APP103425,50,Male,Married,PhD,0,Salaried,5,103342,736,0,12,60270,36,Auto,7.7,Semiurban,No,0.194,60270,1674.17,1
APP103426,41,Female,Single,Master,0,Self-Employed,13,119403,601,0,4,190069,60,Home,10.54,Semiurban,No,0.318,190069,3167.82,1
APP103427,54,Female,Married,High School,1,Self-Employed,0,45300,672,1,6,191455,60,Business,7.48,Urban,No,0.845,216455,3190.92,0
APP103428,43,Female,Divorced,High School,2,Business,18,43537,787,0,8,184032,120,Education,5.09,Urban,No,0.423,184032,1533.6,1
APP103429,51,Male,Married,High School,3,Self-Employed,7,15000,583,0,17,194447,36,Auto,10.52,Urban,No,4.321,194447,5401.31,0
APP103430,43,Female,Married,High School,0,Self-Employed,13,52555,657,0,8,159913,120,Home,10.11,Semiurban,No,0.304,159913,1332.61,1
APP103431,54,Female,Divorced,High School,2,Self-Employed,7,47103,798,0,3,130261,60,Home,6.88,Urban,No,0.553,130261,2171.02,1
APP103432,44,Female,Single,Master,1,Business,10,82364,692,1,2,291603,60,Auto,7.49,Urban,No,0.708,316603,4860.05,1
APP103433,36,Male,Single,High School,4,Salaried,0,43094,637,3,3,161858,24,Personal,11.55,Rural,No,1.878,236858,6744.08,0
APP103434,65,Female,Married,Master,0,Salaried,5,105819,679,1,14,5000,60,Business,6.39,Urban,No,0.009,30000,83.33,1
APP103435,48,Male,Married,Master,0,Salaried,13,114136,746,0,10,5000,60,Medical,7.11,Urban,Yes,0.009,5000,83.33,1
APP103436,44,Male,Married,High School,1,Salaried,9,15135,663,0,6,246395,60,Medical,8.84,Urban,No,3.256,246395,4106.58,0
APP103437,22,Male,Married,PhD,0,Salaried,0,81565,727,3,0,5000,60,Auto,7.25,Rural,Yes,0.012,80000,83.33,1
APP103438,22,Female,Married,Bachelor,0,Self-Employed,8,100830,698,3,3,106453,60,Education,8.57,Semiurban,No,0.211,181453,1774.22,1
APP103439,41,Male,Married,Bachelor,2,Unemployed,0,15000,705,0,9,52735,60,Home,7.7,Rural,No,0.703,52735,878.92,0
APP103440,39,Male,Single,High School,2,Salaried,2,27697,732,3,9,125794,60,Business,5.86,Semiurban,No,0.908,200794,2096.57,0
APP103441,30,Female,Single,Bachelor,1,Business,0,141687,656,3,9,180888,36,Auto,8.79,Urban,No,0.426,255888,5024.67,1
APP103442,39,Male,Married,High School,2,Salaried,11,18373,604,0,1,96827,24,Home,10.08,Urban,No,2.635,96827,4034.46,0
APP103443,57,Male,Married,Bachelor,1,Salaried,14,88707,717,1,8,84751,120,Home,8.57,Semiurban,No,0.096,109751,706.26,1
APP103444,46,Male,Married,High School,1,Self-Employed,20,44483,669,1,3,208342,240,Business,10.04,Rural,No,0.234,233342,868.09,1
APP103445,24,Male,Divorced,Bachelor,1,Unemployed,0,15000,644,0,8,360550,36,Auto,8.26,Rural,No,8.012,360550,10015.28,0
APP103446,36,Female,Married,High School,2,Salaried,12,33879,722,0,4,193234,240,Home,9.23,Semiurban,Yes,0.285,193234,805.14,1
APP103447,28,Female,Married,High School,0,Salaried,12,36576,782,0,13,76878,36,Medical,5.93,Semiurban,Yes,0.701,76878,2135.5,1
APP103448,33,Male,Married,Bachelor,0,Salaried,4,56665,667,3,9,219691,12,Education,8.15,Semiurban,No,3.877,294691,18307.58,0
APP103449,33,Female,Married,Bachelor,1,Salaried,2,21573,680,2,7,289531,60,Home,7.99,Semiurban,Yes,2.684,339531,4825.52,0
APP103450,32,Male,Married,Bachelor,1,Self-Employed,1,19125,585,0,14,235067,120,Auto,8.35,Urban,No,1.229,235067,1958.89,0
APP103451,22,Male,Married,High School,2,Business,4,76391,662,1,6,26503,60,Business,8.34,Urban,No,0.069,51503,441.72,1
APP103452,36,Male,Single,Master,1,Self-Employed,9,132150,697,0,0,192275,12,Home,9.37,Semiurban,Yes,1.455,192275,16022.92,0
APP103453,31,Male,Divorced,Bachelor,0,Salaried,16,75189,678,1,13,113276,12,Business,8.92,Semiurban,No,1.507,138276,9439.67,0
APP103454,21,Male,Married,High School,0,Unemployed,0,15000,651,2,9,154201,60,Education,9.21,Urban,No,2.056,204201,2570.02,0
APP103455,62,Male,Married,Bachelor,0,Salaried,0,72004,738,1,6,120068,120,Business,7.59,Urban,No,0.167,145068,1000.57,1
APP103456,51,Male,Married,Bachelor,2,Business,3,52867,684,0,4,209419,36,Medical,9.58,Semiurban,No,1.32,209419,5817.19,0
APP103457,33,Male,Married,High School,1,Salaried,15,49133,850,0,10,121764,36,Business,4.12,Urban,No,0.826,121764,3382.33,1
APP103458,38,Male,Single,Bachelor,2,Business,3,132423,696,1,12,263426,240,Home,8.98,Urban,No,0.099,288426,1097.61,1
APP103459,23,Male,Married,Master,1,Business,7,134914,460,1,4,149762,36,Auto,12.87,Rural,No,0.37,174762,4160.06,0
APP103460,58,Female,Single,Bachelor,3,Unemployed,0,15000,591,1,10,132121,24,Auto,9.4,Rural,Yes,4.404,157121,5505.04,0
APP103461,60,Female,Single,High School,4,Salaried,14,39375,722,1,9,195741,120,Education,8.02,Urban,No,0.497,220741,1631.18,1
APP103462,39,Male,Married,Master,2,Self-Employed,0,85150,628,2,3,178576,36,Personal,9.52,Semiurban,No,0.699,228576,4960.44,0
APP103463,50,Female,Married,High School,3,Self-Employed,0,51814,633,1,8,198033,36,Home,8.53,Semiurban,No,1.274,223033,5500.92,0
APP103464,40,Female,Divorced,PhD,1,Self-Employed,14,50753,580,4,5,139341,12,Medical,9.33,Semiurban,No,2.745,239341,11611.75,0
APP103465,21,Male,Married,High School,3,Salaried,19,34948,641,0,14,256759,36,Personal,8.75,Urban,Yes,2.449,256759,7132.19,0
APP103466,33,Male,Divorced,Bachelor,2,Salaried,6,52121,695,3,4,229221,60,Personal,7.59,Rural,No,0.88,304221,3820.35,0
APP103467,39,Female,Single,Bachelor,4,Salaried,7,52900,710,0,15,149018,60,Business,9.02,Semiurban,No,0.563,149018,2483.63,1
APP103468,32,Male,Single,High School,1,Salaried,13,46695,598,1,8,215814,36,Auto,9.83,Urban,No,1.541,240814,5994.83,0
APP103469,35,Female,Married,Master,2,Business,9,44833,744,1,0,128959,60,Home,6.75,Semiurban,No,0.575,153959,2149.32,0
APP103470,36,Female,Single,Bachelor,1,Business,5,47039,584,0,0,195621,36,Education,11.45,Urban,No,1.386,195621,5433.92,0
APP103471,37,Female,Married,High School,0,Salaried,5,61811,715,3,6,216025,60,Education,9.05,Semiurban,Yes,0.699,291025,3600.42,0
APP103472,38,Female,Married,Bachelor,1,Unemployed,0,15000,706,0,14,169977,12,Auto,7.05,Semiurban,No,11.332,169977,14164.75,0
APP103473,25,Male,Divorced,Bachelor,3,Salaried,9,75409,605,1,14,84389,24,Education,8.66,Urban,No,0.56,109389,3516.21,1
APP103474,29,Male,Single,High School,0,Salaried,7,35462,595,2,8,54525,120,Home,10.62,Urban,No,0.154,104525,454.38,1
APP103475,22,Female,Married,PhD,1,Salaried,5,102404,710,0,4,173479,36,Education,7.59,Semiurban,No,0.565,173479,4818.86,1
APP103476,49,Male,Married,Master,1,Business,1,192957,635,4,5,92090,24,Medical,8.75,Semiurban,Yes,0.239,192090,3837.08,1
APP103477,21,Female,Single,High School,1,Self-Employed,2,47645,664,1,9,234345,12,Auto,9.76,Urban,No,4.919,259345,19528.75,0
APP103478,51,Female,Married,Bachelor,3,Salaried,11,75634,734,3,13,29298,36,Business,7.06,Semiurban,No,0.129,104298,813.83,1
APP103479,54,Female,Married,High School,3,Self-Employed,13,51629,718,1,10,255379,12,Education,9.56,Semiurban,Yes,4.946,280379,21281.58,0
APP103480,34,Male,Married,Master,1,Salaried,6,74445,606,1,12,154077,36,Home,9.93,Semiurban,Yes,0.69,179077,4279.92,1
APP103481,21,Male,Married,PhD,0,Salaried,5,86672,675,0,11,81657,120,Home,8.66,Semiurban,No,0.094,81657,680.48,1
APP103482,33,Male,Single,High School,1,Salaried,2,54268,605,2,12,113892,60,Business,12.14,Urban,Yes,0.42,163892,1898.2,1
APP103483,37,Male,Married,Master,1,Salaried,13,54222,749,0,0,133713,12,Home,7.33,Rural,No,2.466,133713,11142.75,0
APP103484,25,Female,Single,Bachelor,1,Business,8,47549,802,1,3,188642,36,Personal,5.25,Urban,Yes,1.322,213642,5240.06,0
APP103485,31,Female,Single,High School,0,Self-Employed,10,51963,612,0,2,51979,24,Medical,8.74,Urban,Yes,0.5,51979,2165.79,1
APP103486,56,Female,Single,PhD,1,Salaried,10,103711,677,0,2,73272,12,Auto,8.0,Semiurban,Yes,0.707,73272,6106.0,1
APP103487,45,Male,Single,Bachelor,0,Salaried,6,15000,753,0,8,124059,24,Auto,7.18,Urban,No,4.135,124059,5169.12,0
APP103488,26,Male,Married,Bachelor,2,Salaried,1,59737,681,3,0,147541,120,Education,9.29,Rural,No,0.247,222541,1229.51,0
APP103489,21,Female,Single,Bachelor,0,Salaried,2,29328,724,1,3,207319,36,Education,6.02,Semiurban,Yes,2.356,232319,5758.86,0
APP103490,34,Male,Married,High School,1,Salaried,14,52969,684,1,7,171538,36,Home,8.32,Rural,Yes,1.079,196538,4764.94,0
APP103491,35,Male,Married,High School,0,Salaried,3,15000,595,2,0,118841,36,Home,11.38,Semiurban,No,2.641,168841,3301.14,0
APP103492,43,Female,Married,PhD,4,Self-Employed,5,207603,689,1,5,168916,60,Education,8.48,Semiurban,No,0.163,193916,2815.27,1
APP103493,31,Female,Married,Bachelor,1,Salaried,1,51545,770,0,11,163238,60,Medical,7.96,Urban,No,0.633,163238,2720.63,1
APP103494,44,Male,Married,Master,0,Salaried,0,49888,705,1,1,129861,240,Home,6.39,Semiurban,Yes,0.13,154861,541.09,0
APP103495,61,Female,Married,High School,1,Unemployed,0,15000,809,4,11,159300,24,Business,5.59,Semiurban,Yes,5.31,259300,6637.5,0
APP103496,47,Male,Married,Bachelor,3,Salaried,18,73906,538,0,3,5000,36,Medical,11.36,Rural,No,0.023,5000,138.89,1
APP103497,37,Female,Married,PhD,2,Salaried,11,131618,710,1,9,224678,36,Home,8.35,Urban,No,0.569,249678,6241.06,1
APP103498,35,Male,Married,High School,2,Salaried,4,37199,628,1,2,193836,36,Auto,8.59,Urban,No,1.737,218836,5384.33,0
APP103499,33,Male,Married,High School,0,Salaried,14,16822,609,0,10,269838,120,Medical,10.24,Semiurban,No,1.604,269838,2248.65,0
APP103500,52,Female,Married,Bachelor,2,Salaried,7,29692,786,3,6,85124,24,Auto,6.77,Urban,No,1.433,160124,3546.83,0
APP103501,30,Male,Married,High School,2,Salaried,16,47011,659,0,10,195719,60,Home,8.75,Semiurban,No,0.833,195719,3261.98,1
APP103502,38,Female,Single,High School,1,Business,21,88917,651,0,5,5000,24,Business,9.45,Urban,Yes,0.028,5000,208.33,1
APP103503,38,Female,Single,Master,3,Business,14,171476,707,3,10,8749,60,Auto,8.18,Semiurban,No,0.01,83749,145.82,1
APP103504,31,Female,Single,PhD,0,Self-Employed,8,123268,507,1,12,131044,60,Business,11.2,Semiurban,Yes,0.213,156044,2184.07,1
APP103505,21,Female,Married,Bachelor,0,Salaried,12,84182,788,0,8,103706,120,Home,6.08,Urban,No,0.123,103706,864.22,1
APP103506,41,Male,Single,Master,3,Salaried,8,140151,832,0,5,233787,60,Education,4.11,Rural,Yes,0.334,233787,3896.45,1
APP103507,37,Female,Married,Master,1,Salaried,0,116686,753,3,6,244267,36,Auto,5.44,Semiurban,No,0.698,319267,6785.19,0
APP103508,44,Male,Married,Bachelor,0,Salaried,4,83050,712,0,1,252690,60,Personal,8.01,Semiurban,No,0.609,252690,4211.5,0
APP103509,31,Male,Married,High School,1,Salaried,2,27885,662,1,9,197831,36,Education,6.87,Semiurban,No,2.365,222831,5495.31,0
APP103510,52,Female,Married,High School,3,Salaried,3,58845,593,0,11,201280,24,Business,9.9,Urban,No,1.71,201280,8386.67,0
APP103511,27,Male,Divorced,High School,0,Salaried,18,50071,775,4,15,47464,120,Home,6.91,Semiurban,No,0.095,147464,395.53,1
APP103512,58,Male,Married,High School,0,Salaried,14,53386,753,2,14,261976,36,Personal,6.96,Semiurban,No,1.636,311976,7277.11,0
APP103513,21,Male,Married,High School,0,Salaried,10,64069,716,1,3,250151,60,Home,9.87,Urban,Yes,0.781,275151,4169.18,0
APP103514,43,Female,Married,High School,3,Salaried,12,48274,706,1,9,39604,120,Home,8.31,Semiurban,No,0.082,64604,330.03,1
APP103515,43,Female,Married,High School,3,Salaried,0,40205,704,3,7,187443,24,Home,7.65,Rural,Yes,2.331,262443,7810.12,0
APP103516,28,Male,Married,High School,1,Salaried,12,23277,637,3,14,106262,60,Medical,9.87,Semiurban,No,0.913,181262,1771.03,1
APP103517,43,Male,Single,Bachelor,1,Salaried,13,52587,850,2,4,297969,60,Business,3.69,Semiurban,No,1.133,347969,4966.15,0
APP103518,53,Female,Married,High School,0,Salaried,0,45724,657,2,12,71999,120,Personal,9.86,Urban,No,0.157,121999,599.99,1
APP103519,21,Male,Married,Master,0,Salaried,12,87022,645,0,3,157407,36,Home,8.6,Semiurban,No,0.603,157407,4372.42,1
APP103520,44,Male,Married,High School,2,Salaried,0,46267,769,0,7,164877,36,Business,7.73,Semiurban,No,1.188,164877,4579.92,0
APP103521,21,Male,Married,Master,0,Salaried,0,109184,677,2,3,145731,60,Education,8.86,Semiurban,No,0.267,195731,2428.85,0
APP103522,26,Male,Married,PhD,1,Self-Employed,15,156737,678,2,0,321868,24,Education,9.07,Semiurban,Yes,1.027,371868,13411.17,0
APP103523,57,Male,Married,Bachelor,1,Salaried,1,58447,793,3,3,285284,36,Education,5.59,Urban,No,1.627,360284,7924.56,0
APP103524,31,Female,Single,Bachelor,0,Salaried,3,38818,734,0,6,18991,36,Business,6.18,Semiurban,No,0.163,18991,527.53,1
APP103525,23,Male,Married,PhD,1,Salaried,13,111334,738,1,15,188969,24,Personal,6.08,Semiurban,No,0.849,213969,7873.71,1
APP103526,35,Female,Single,High School,1,Salaried,6,81310,566,1,2,149091,120,Education,8.96,Urban,Yes,0.183,174091,1242.42,1
APP103527,62,Female,Married,PhD,2,Salaried,6,108849,712,2,4,216743,36,Medical,7.38,Urban,No,0.664,266743,6020.64,1
APP103528,21,Female,Married,Master,0,Unemployed,0,15000,599,0,0,167031,36,Business,9.43,Urban,No,3.712,167031,4639.75,0
APP103529,25,Male,Single,Bachelor,0,Business,10,110093,643,2,13,84991,24,Medical,10.15,Urban,No,0.386,134991,3541.29,1
APP103530,55,Male,Married,High School,1,Salaried,6,52425,694,0,5,67000,12,Business,7.09,Urban,Yes,1.278,67000,5583.33,0
APP103531,60,Male,Married,Bachelor,4,Self-Employed,8,89539,677,1,6,117847,240,Education,10.65,Semiurban,No,0.066,142847,491.03,1
APP103532,36,Female,Single,Bachelor,0,Salaried,4,94322,732,1,6,140356,240,Home,6.36,Semiurban,No,0.074,165356,584.82,1
APP103533,23,Male,Married,Bachelor,4,Salaried,10,69652,741,0,0,165512,120,Medical,6.27,Urban,No,0.238,165512,1379.27,1
APP103534,63,Male,Single,Bachelor,2,Self-Employed,9,111762,747,1,0,104355,36,Home,5.58,Rural,No,0.311,129355,2898.75,1
APP103535,57,Male,Married,High School,2,Salaried,19,46029,572,3,3,286477,120,Home,10.57,Semiurban,No,0.622,361477,2387.31,0
APP103536,46,Male,Married,High School,0,Salaried,5,68468,850,0,11,192820,120,Education,4.68,Semiurban,No,0.282,192820,1606.83,1
APP103537,28,Male,Married,Bachelor,0,Self-Employed,6,108202,678,1,0,219916,36,Education,8.33,Urban,No,0.677,244916,6108.78,0
APP103538,37,Male,Married,High School,0,Self-Employed,9,69757,777,0,10,138901,60,Business,6.87,Urban,No,0.398,138901,2315.02,1
APP103539,36,Male,Married,High School,1,Unemployed,0,15000,478,2,9,66997,240,Business,13.42,Semiurban,Yes,0.223,116997,279.15,0
APP103540,41,Male,Single,High School,4,Business,1,123414,658,0,0,220667,36,Business,7.67,Urban,No,0.596,220667,6129.64,0
APP103541,55,Male,Divorced,High School,0,Business,8,91261,563,0,6,70522,60,Medical,10.76,Urban,No,0.155,70522,1175.37,1
APP103542,48,Female,Married,Bachelor,1,Salaried,0,38767,611,2,13,5000,60,Business,10.64,Urban,Yes,0.026,55000,83.33,1
APP103543,25,Male,Single,High School,0,Salaried,6,46303,684,1,2,195249,36,Medical,7.23,Semiurban,No,1.406,220249,5423.58,0
APP103544,54,Male,Married,PhD,2,Self-Employed,14,102493,653,0,5,89550,36,Auto,11.7,Urban,No,0.291,89550,2487.5,1
APP103545,41,Male,Single,Master,0,Unemployed,0,15000,785,4,21,123259,36,Home,8.64,Urban,No,2.739,223259,3423.86,0
APP103546,46,Male,Married,Bachelor,0,Salaried,9,91285,821,1,9,205519,60,Education,5.5,Semiurban,No,0.45,230519,3425.32,1
APP103547,55,Female,Married,High School,0,Unemployed,0,15000,602,1,6,75569,24,Home,8.85,Urban,No,2.519,100569,3148.71,0
APP103548,24,Male,Married,Bachelor,2,Salaried,2,41000,640,1,5,21823,60,Medical,8.22,Urban,No,0.106,46823,363.72,1
APP103549,37,Female,Married,Bachelor,0,Salaried,13,87541,597,2,9,247553,60,Business,10.29,Urban,Yes,0.566,297553,4125.88,1
APP103550,31,Female,Married,PhD,0,Salaried,1,41418,772,0,11,145335,240,Business,7.2,Rural,Yes,0.175,145335,605.56,1
APP103551,21,Female,Single,Bachelor,0,Salaried,9,20196,692,0,0,250587,24,Home,6.32,Urban,No,6.204,250587,10441.12,0
APP103552,42,Male,Divorced,Bachelor,4,Business,9,75114,682,0,0,200090,24,Education,7.41,Urban,No,1.332,200090,8337.08,0
APP103553,68,Male,Divorced,Master,1,Salaried,2,127152,704,1,3,202451,36,Education,8.06,Semiurban,No,0.531,227451,5623.64,1
APP103554,21,Female,Married,High School,2,Unemployed,0,15000,655,0,7,163074,60,Home,7.5,Rural,Yes,2.174,163074,2717.9,0
APP103555,37,Male,Married,High School,2,Salaried,2,41705,611,1,8,163008,24,Medical,9.48,Rural,No,1.954,188008,6792.0,0
APP103556,45,Female,Single,Bachelor,0,Salaried,11,89721,684,0,0,240760,36,Education,8.75,Urban,No,0.894,240760,6687.78,0
APP103557,39,Female,Married,High School,1,Business,0,85218,658,2,6,215157,60,Home,8.68,Urban,No,0.505,265157,3585.95,1
APP103558,36,Female,Single,High School,0,Salaried,5,80783,707,1,7,102878,12,Auto,7.13,Urban,No,1.274,127878,8573.17,0
APP103559,22,Male,Single,Bachelor,1,Business,6,90126,549,0,3,189440,60,Home,11.11,Urban,No,0.42,189440,3157.33,0
APP103560,40,Female,Married,High School,1,Salaried,14,34271,694,0,5,100452,120,Auto,8.63,Rural,Yes,0.293,100452,837.1,1
APP103561,28,Female,Single,Bachelor,1,Salaried,8,32637,624,2,4,124991,36,Home,8.6,Semiurban,No,1.277,174991,3471.97,0
APP103562,21,Female,Single,Master,0,Self-Employed,13,79248,692,2,10,195470,60,Auto,8.5,Rural,Yes,0.493,245470,3257.83,1
APP103563,52,Male,Married,High School,0,Unemployed,0,15000,752,2,8,99244,36,Business,7.28,Semiurban,Yes,2.205,149244,2756.78,0
APP103564,49,Male,Single,High School,2,Self-Employed,11,15000,635,0,2,161809,60,Personal,9.82,Urban,No,2.157,161809,2696.82,0
APP103565,38,Male,Single,High School,2,Self-Employed,6,91631,775,3,12,180408,60,Home,6.76,Semiurban,Yes,0.394,255408,3006.8,1
APP103566,40,Male,Single,High School,0,Business,14,64283,540,1,1,122853,36,Home,11.33,Urban,No,0.637,147853,3412.58,0
APP103567,50,Male,Single,High School,0,Salaried,5,87350,803,0,0,207574,60,Home,5.78,Semiurban,No,0.475,207574,3459.57,1
APP103568,40,Female,Married,High School,3,Business,0,40968,779,1,6,114842,24,Home,6.12,Rural,No,1.402,139842,4785.08,0
APP103569,48,Male,Married,Bachelor,2,Salaried,6,49279,609,1,6,225410,240,Auto,10.54,Semiurban,No,0.229,250410,939.21,1
APP103570,34,Female,Married,High School,4,Salaried,10,28431,609,0,8,160455,36,Auto,9.72,Urban,No,1.881,160455,4457.08,0
APP103571,53,Male,Married,Bachelor,0,Salaried,0,43981,560,3,2,163827,24,Home,11.34,Semiurban,No,1.862,238827,6826.12,0
APP103572,41,Male,Single,Master,1,Salaried,2,106392,753,2,12,78099,24,Home,7.46,Urban,Yes,0.367,128099,3254.12,1
APP103573,40,Male,Single,Master,0,Salaried,0,96405,653,0,16,131230,120,Education,8.0,Urban,No,0.136,131230,1093.58,1
APP103574,22,Male,Single,Bachelor,1,Salaried,12,81885,647,3,7,165588,60,Auto,8.74,Semiurban,No,0.404,240588,2759.8,1
APP103575,41,Female,Married,High School,0,Salaried,18,65489,590,0,9,231953,240,Auto,10.15,Urban,No,0.177,231953,966.47,1
APP103576,28,Male,Married,Bachelor,0,Self-Employed,6,105220,824,1,0,124265,60,Medical,5.61,Urban,No,0.236,149265,2071.08,0
APP103577,30,Male,Married,High School,0,Self-Employed,11,29221,602,2,5,231656,36,Education,10.39,Urban,No,2.643,281656,6434.89,0
APP103578,28,Male,Married,High School,2,Self-Employed,11,39399,681,1,4,89550,120,Auto,8.56,Rural,No,0.227,114550,746.25,1
APP103579,25,Female,Single,Master,1,Salaried,17,81948,697,0,3,176733,36,Home,8.1,Urban,No,0.719,176733,4909.25,0
APP103580,63,Male,Married,High School,1,Business,4,160855,648,0,4,109457,36,Auto,8.6,Semiurban,No,0.227,109457,3040.47,1
APP103581,53,Male,Married,High School,3,Salaried,6,55517,631,1,5,273533,12,Medical,10.44,Urban,No,4.927,298533,22794.42,0
APP103582,61,Male,Married,Master,2,Self-Employed,5,97760,650,1,0,259094,36,Personal,9.35,Semiurban,No,0.883,284094,7197.06,0
APP103583,23,Male,Married,Master,1,Salaried,8,99881,725,1,5,172856,36,Auto,7.39,Urban,No,0.577,197856,4801.56,1
APP103584,38,Male,Married,High School,4,Salaried,23,31445,652,1,2,107194,36,Home,8.57,Semiurban,No,1.136,132194,2977.61,0
APP103585,22,Female,Divorced,High School,1,Salaried,8,46592,810,1,11,28642,36,Personal,6.08,Semiurban,No,0.205,53642,795.61,1
APP103586,29,Male,Divorced,Bachelor,0,Business,2,125799,617,1,9,180263,60,Home,9.69,Urban,Yes,0.287,205263,3004.38,1
APP103587,26,Male,Married,Bachelor,4,Business,1,88912,740,1,9,166602,24,Home,5.68,Rural,No,0.937,191602,6941.75,0
APP103588,52,Male,Married,High School,0,Self-Employed,15,34512,539,0,12,218652,60,Home,10.23,Rural,No,1.267,218652,3644.2,0
APP103589,33,Male,Single,Bachelor,1,Salaried,2,58053,617,0,3,32691,24,Education,10.96,Urban,No,0.282,32691,1362.12,0
APP103590,50,Male,Divorced,PhD,0,Salaried,11,83216,614,1,9,161321,120,Auto,10.09,Urban,Yes,0.194,186321,1344.34,1
APP103591,45,Female,Married,High School,1,Unemployed,0,15000,591,0,13,184318,12,Home,9.54,Semiurban,No,12.288,184318,15359.83,0
APP103592,65,Female,Single,Master,1,Salaried,0,59424,702,0,3,77842,120,Business,7.59,Semiurban,No,0.131,77842,648.68,1
APP103593,21,Female,Married,PhD,0,Unemployed,0,15000,671,0,0,159322,60,Business,7.72,Urban,Yes,2.124,159322,2655.37,0
APP103594,53,Female,Single,High School,1,Salaried,4,20356,497,0,4,91844,60,Personal,11.54,Semiurban,Yes,0.902,91844,1530.73,0
APP103595,51,Male,Married,Master,2,Unemployed,0,15000,839,0,12,83971,36,Auto,6.24,Urban,No,1.866,83971,2332.53,0
APP103596,26,Male,Married,High School,0,Unemployed,0,15000,694,0,3,107551,24,Medical,7.94,Urban,No,3.585,107551,4481.29,0
APP103597,50,Male,Single,Bachelor,1,Self-Employed,11,116674,680,0,5,128712,120,Auto,9.23,Semiurban,Yes,0.11,128712,1072.6,1
APP103598,42,Male,Single,Master,0,Salaried,6,28077,784,0,4,249098,36,Home,7.95,Semiurban,No,2.957,249098,6919.39,0
APP103599,35,Male,Divorced,High School,2,Salaried,12,69653,759,0,7,124258,36,Home,6.42,Rural,Yes,0.595,124258,3451.61,1
APP103600,28,Male,Married,Bachelor,2,Unemployed,0,15000,656,0,2,82331,240,Education,7.58,Urban,Yes,0.274,82331,343.05,1
APP103601,29,Female,Married,Master,3,Business,0,153410,523,2,0,215031,36,Medical,11.97,Urban,No,0.467,265031,5973.08,0
APP103602,62,Female,Married,High School,0,Salaried,12,46524,725,0,5,232215,24,Home,6.68,Urban,No,2.496,232215,9675.62,0
APP103603,38,Female,Married,High School,0,Salaried,8,53127,602,1,6,215555,60,Medical,9.96,Urban,No,0.811,240555,3592.58,0
APP103604,47,Female,Married,High School,0,Business,4,32399,779,0,13,259541,60,Business,6.59,Rural,No,1.602,259541,4325.68,0
APP103605,28,Male,Single,Bachelor,0,Self-Employed,0,17629,617,0,8,165380,60,Home,11.52,Urban,Yes,1.876,165380,2756.33,0
APP103606,28,Male,Single,PhD,1,Business,0,95825,643,1,2,162448,240,Home,9.46,Semiurban,No,0.085,187448,676.87,1
APP103607,50,Female,Single,Master,4,Business,8,137809,572,1,4,93690,36,Home,10.1,Urban,No,0.227,118690,2602.5,1
APP103608,21,Male,Single,Bachelor,1,Unemployed,0,15000,579,0,11,261921,60,Business,11.05,Rural,No,3.492,261921,4365.35,0
APP103609,33,Male,Divorced,Bachelor,4,Salaried,7,34256,671,0,5,142626,36,Education,9.4,Urban,No,1.388,142626,3961.83,0
APP103610,38,Male,Single,High School,0,Salaried,5,40270,663,0,2,125714,60,Auto,9.94,Semiurban,Yes,0.624,125714,2095.23,0
APP103611,39,Male,Married,High School,3,Salaried,7,28891,641,2,8,118559,24,Home,8.26,Urban,No,2.052,168559,4939.96,0
APP103612,35,Male,Married,Bachelor,0,Unemployed,0,15000,844,0,4,200925,60,Auto,6.41,Urban,Yes,2.679,200925,3348.75,0
APP103613,42,Male,Single,Bachelor,3,Salaried,12,15000,728,0,10,156683,12,Business,9.73,Semiurban,No,10.446,156683,13056.92,0
APP103614,46,Male,Married,Bachelor,0,Salaried,2,97451,680,2,9,165160,60,Home,9.67,Semiurban,Yes,0.339,215160,2752.67,1
APP103615,46,Female,Single,PhD,3,Salaried,8,96961,459,0,2,124037,24,Medical,14.27,Urban,No,0.64,124037,5168.21,0
APP103616,26,Male,Married,Bachelor,0,Salaried,9,82929,746,0,16,134135,240,Home,6.65,Urban,No,0.081,134135,558.9,1
APP103617,34,Male,Single,Bachelor,0,Business,1,81292,850,0,7,138154,60,Education,6.69,Semiurban,No,0.34,138154,2302.57,1
APP103618,52,Male,Married,High School,1,Self-Employed,12,54403,664,0,0,263725,60,Home,8.24,Semiurban,No,0.97,263725,4395.42,0
APP103619,48,Male,Married,PhD,1,Self-Employed,3,169385,615,0,9,5901,240,Home,9.66,Semiurban,No,0.002,5901,24.59,1
APP103620,21,Female,Married,Master,2,Salaried,0,82280,693,3,0,185855,36,Auto,7.68,Rural,No,0.753,260855,5162.64,0
APP103621,42,Female,Married,Master,4,Unemployed,0,15000,565,2,13,237052,60,Business,10.12,Urban,No,3.161,287052,3950.87,0
APP103622,21,Female,Married,Bachelor,1,Salaried,7,40151,716,0,8,5000,12,Home,7.67,Semiurban,Yes,0.125,5000,416.67,1
APP103623,38,Male,Married,Bachelor,2,Self-Employed,7,55967,800,0,7,144281,60,Auto,4.85,Urban,Yes,0.516,144281,2404.68,1
APP103624,60,Male,Married,Bachelor,0,Salaried,3,34679,626,1,7,228568,24,Auto,8.79,Semiurban,No,3.295,253568,9523.67,0
APP103625,26,Male,Married,High School,1,Salaried,4,29084,628,1,10,89762,60,Auto,8.47,Semiurban,No,0.617,114762,1496.03,0
APP103626,27,Male,Married,Bachelor,1,Salaried,14,91280,673,2,5,171483,120,Personal,10.07,Urban,No,0.188,221483,1429.02,1
APP103627,47,Male,Single,Master,3,Self-Employed,10,164135,639,1,7,75441,36,Auto,10.84,Urban,No,0.153,100441,2095.58,1
APP103628,21,Male,Married,High School,1,Self-Employed,2,24207,559,0,8,152646,120,Personal,13.37,Rural,No,0.631,152646,1272.05,0
APP103629,30,Male,Married,High School,2,Salaried,0,48915,649,0,0,252207,36,Education,8.95,Urban,Yes,1.719,252207,7005.75,0
APP103630,45,Female,Married,Bachelor,0,Salaried,2,52057,633,3,10,285648,60,Medical,9.37,Urban,No,1.097,360648,4760.8,0
APP103631,30,Male,Single,High School,0,Business,8,99670,789,0,11,170418,36,Auto,6.99,Rural,No,0.57,170418,4733.83,1
APP103632,35,Female,Married,Bachelor,1,Salaried,4,63371,772,2,9,47682,36,Home,5.28,Urban,No,0.251,97682,1324.5,1
APP103633,46,Male,Married,Bachelor,0,Salaried,3,59813,791,1,9,125162,120,Home,5.2,Semiurban,No,0.209,150162,1043.02,1
APP103634,43,Male,Divorced,High School,0,Salaried,4,28966,744,0,15,5000,120,Education,5.52,Urban,No,0.017,5000,41.67,1
APP103635,41,Female,Married,Master,0,Business,7,42325,696,0,7,126481,36,Personal,8.92,Urban,No,0.996,126481,3513.36,0
APP103636,33,Female,Single,Bachelor,2,Salaried,12,79023,610,0,7,227175,60,Home,8.94,Urban,No,0.575,227175,3786.25,1
APP103637,42,Male,Single,Master,0,Unemployed,0,15000,786,1,4,40969,24,Business,7.28,Urban,No,1.366,65969,1707.04,0
APP103638,36,Male,Single,Master,3,Salaried,8,90266,707,1,0,133434,36,Education,7.4,Urban,No,0.493,158434,3706.5,1
APP103639,43,Male,Married,Master,0,Salaried,6,58521,580,1,9,84704,60,Business,10.4,Urban,Yes,0.289,109704,1411.73,1
APP103640,32,Male,Married,High School,0,Salaried,5,39449,606,0,4,293495,24,Home,9.71,Rural,Yes,3.72,293495,12228.96,0
APP103641,35,Female,Single,High School,1,Self-Employed,13,67012,578,0,0,181894,60,Home,10.63,Semiurban,No,0.543,181894,3031.57,1
APP103642,26,Female,Married,High School,1,Salaried,12,59186,515,2,7,218029,60,Home,11.21,Urban,Yes,0.737,268029,3633.82,1
APP103643,37,Female,Married,Bachelor,1,Self-Employed,20,36645,711,3,7,173407,60,Home,8.82,Urban,No,0.946,248407,2890.12,1
APP103644,28,Male,Single,Master,1,Salaried,11,57416,580,3,6,210878,36,Home,10.23,Rural,No,1.224,285878,5857.72,0
APP103645,24,Male,Single,Bachelor,0,Salaried,5,25252,619,1,8,236451,60,Home,9.98,Urban,No,1.873,261451,3940.85,0
APP103646,41,Male,Divorced,Master,2,Business,2,126811,683,0,0,153064,36,Home,8.45,Rural,Yes,0.402,153064,4251.78,1
APP103647,40,Female,Married,High School,1,Self-Employed,13,68971,664,0,12,107505,36,Education,7.71,Semiurban,Yes,0.52,107505,2986.25,1
APP103648,47,Female,Married,High School,0,Salaried,3,37122,622,0,9,75180,36,Personal,10.91,Semiurban,Yes,0.675,75180,2088.33,1
APP103649,32,Male,Married,Master,2,Self-Employed,12,67748,801,1,13,290698,60,Personal,5.33,Semiurban,Yes,0.858,315698,4844.97,1
APP103650,42,Male,Married,Bachelor,2,Self-Employed,3,61940,557,1,4,215654,36,Home,11.67,Urban,No,1.161,240654,5990.39,0
APP103651,44,Male,Married,Master,1,Salaried,10,152955,561,1,9,5000,24,Home,11.51,Urban,Yes,0.016,30000,208.33,1
APP103652,43,Male,Married,High School,2,Salaried,1,62858,716,2,0,130430,36,Personal,6.18,Semiurban,No,0.692,180430,3623.06,0
APP103653,28,Female,Married,PhD,3,Salaried,12,125239,629,0,3,183286,36,Auto,9.24,Rural,Yes,0.488,183286,5091.28,1
APP103654,39,Male,Divorced,Bachelor,1,Salaried,0,68001,626,3,0,283780,120,Personal,10.06,Semiurban,Yes,0.417,358780,2364.83,0
APP103655,42,Male,Married,Master,0,Business,9,116378,593,0,8,61785,60,Education,9.85,Semiurban,Yes,0.106,61785,1029.75,1
APP103656,38,Male,Single,High School,3,Salaried,6,26133,707,0,2,184108,60,Medical,7.73,Rural,Yes,1.409,184108,3068.47,0
APP103657,21,Female,Married,Bachelor,0,Salaried,8,33457,698,2,5,118021,120,Auto,8.26,Urban,Yes,0.353,168021,983.51,1
APP103658,39,Male,Married,Master,0,Salaried,5,59542,689,3,7,54245,24,Education,7.84,Semiurban,Yes,0.456,129245,2260.21,1
APP103659,64,Female,Married,Master,0,Unemployed,0,15000,633,2,5,257634,120,Education,9.7,Urban,No,1.718,307634,2146.95,0
APP103660,33,Female,Single,High School,2,Self-Employed,8,37635,619,2,0,72866,60,Home,9.66,Urban,Yes,0.387,122866,1214.43,0
APP103661,29,Female,Single,High School,3,Salaried,1,40216,666,2,15,227662,120,Business,8.48,Semiurban,Yes,0.566,277662,1897.18,1
APP103662,42,Male,Married,Bachelor,1,Salaried,1,59367,757,1,8,22433,24,Home,5.89,Semiurban,No,0.189,47433,934.71,1
APP103663,41,Male,Single,High School,4,Salaried,5,31143,805,1,15,110798,36,Auto,6.31,Urban,No,1.186,135798,3077.72,1
APP103664,52,Male,Married,Bachelor,0,Self-Employed,5,86856,768,0,2,195762,24,Medical,4.23,Urban,Yes,1.127,195762,8156.75,0
APP103665,22,Male,Married,High School,0,Salaried,1,38692,720,0,5,207342,60,Education,7.86,Urban,No,1.072,207342,3455.7,0
APP103666,46,Male,Married,High School,1,Unemployed,0,15000,758,1,8,184950,24,Home,6.85,Rural,Yes,6.165,209950,7706.25,0
APP103667,45,Male,Single,Bachelor,4,Salaried,5,41385,585,1,15,228833,60,Home,9.49,Urban,No,1.106,253833,3813.88,0
APP103668,36,Male,Single,Bachelor,1,Self-Employed,6,92786,622,0,15,126911,36,Home,8.17,Semiurban,No,0.456,126911,3525.31,1
APP103669,42,Female,Single,Bachelor,0,Self-Employed,0,55954,721,0,5,261390,36,Home,8.0,Urban,No,1.557,261390,7260.83,0
APP103670,50,Male,Single,PhD,0,Business,20,240513,670,3,3,178529,36,Home,8.35,Urban,No,0.247,253529,4959.14,1
APP103671,48,Female,Married,High School,0,Salaried,22,38062,707,1,7,208784,60,Business,8.0,Semiurban,No,1.097,233784,3479.73,0
APP103672,24,Female,Married,Bachelor,0,Self-Employed,3,69159,758,4,13,179087,120,Business,5.0,Rural,No,0.259,279087,1492.39,1
APP103673,47,Female,Single,High School,0,Salaried,15,52387,745,2,8,189314,120,Home,7.58,Semiurban,No,0.361,239314,1577.62,1
APP103674,37,Female,Single,Bachelor,3,Salaried,7,80296,592,1,9,69908,24,Auto,11.1,Rural,Yes,0.435,94908,2912.83,1
APP103675,38,Female,Single,High School,1,Business,17,87139,680,0,13,74667,36,Home,8.25,Rural,No,0.286,74667,2074.08,1
APP103676,38,Female,Divorced,High School,2,Unemployed,0,15000,606,0,12,106705,60,Auto,8.98,Urban,No,1.423,106705,1778.42,0
APP103677,36,Male,Married,High School,0,Self-Employed,8,64299,617,0,12,191145,60,Education,10.09,Semiurban,No,0.595,191145,3185.75,1
APP103678,52,Male,Married,High School,0,Salaried,0,40827,543,1,11,102910,36,Medical,10.86,Semiurban,No,0.84,127910,2858.61,0
APP103679,36,Male,Married,Master,1,Business,2,91179,690,0,14,126313,120,Medical,9.06,Semiurban,No,0.139,126313,1052.61,1
APP103680,24,Male,Married,Bachelor,3,Salaried,8,56654,537,2,1,144188,24,Auto,11.28,Rural,No,1.273,194188,6007.83,0
APP103681,33,Male,Married,PhD,1,Salaried,9,155360,711,1,19,263429,60,Auto,5.64,Semiurban,No,0.339,288429,4390.48,1
APP103682,40,Male,Single,Bachelor,3,Self-Employed,0,30391,788,0,13,198222,36,Education,3.89,Urban,Yes,2.174,198222,5506.17,0
APP103683,52,Male,Married,High School,2,Salaried,3,27667,722,2,7,33095,60,Auto,6.85,Semiurban,No,0.239,83095,551.58,1
APP103684,45,Male,Single,High School,0,Unemployed,0,15000,684,0,13,162775,36,Home,8.77,Semiurban,No,3.617,162775,4521.53,0
APP103685,27,Male,Married,High School,0,Salaried,0,27434,802,0,6,125726,240,Education,5.47,Semiurban,No,0.229,125726,523.86,1
APP103686,67,Female,Single,High School,2,Salaried,8,34846,706,0,10,131733,36,Education,8.37,Urban,No,1.26,131733,3659.25,0
APP103687,41,Male,Married,Bachelor,1,Self-Employed,15,126187,610,0,10,150051,240,Auto,9.14,Urban,Yes,0.059,150051,625.21,1
APP103688,53,Female,Single,Bachelor,0,Business,10,78821,690,2,12,240067,36,Auto,10.26,Rural,No,1.015,290067,6668.53,1
APP103689,36,Male,Married,High School,1,Salaried,10,49203,836,1,5,84919,60,Personal,5.09,Urban,No,0.345,109919,1415.32,1
APP103690,44,Female,Single,High School,1,Salaried,0,15000,592,1,12,166310,60,Education,10.43,Urban,No,2.217,191310,2771.83,0
APP103691,48,Female,Married,High School,3,Business,3,34061,569,1,5,173250,120,Medical,9.66,Urban,Yes,0.509,198250,1443.75,1
APP103692,52,Female,Married,High School,0,Salaried,20,58321,729,1,11,132289,60,Personal,7.0,Urban,No,0.454,157289,2204.82,1
APP103693,50,Female,Married,High School,0,Salaried,4,71190,662,1,7,98934,60,Medical,9.25,Urban,Yes,0.278,123934,1648.9,1
APP103694,48,Male,Married,Master,1,Self-Employed,15,102235,637,2,0,89573,60,Personal,9.21,Rural,No,0.175,139573,1492.88,1
APP103695,34,Female,Divorced,High School,2,Salaried,4,36644,579,0,4,116348,240,Business,7.64,Rural,No,0.159,116348,484.78,1
APP103696,31,Female,Single,Bachelor,1,Unemployed,0,15000,523,2,12,209009,24,Home,12.04,Urban,No,6.967,259009,8708.71,0
APP103697,41,Female,Divorced,High School,3,Self-Employed,11,15000,563,2,6,121332,12,Home,11.35,Semiurban,No,8.089,171332,10111.0,0
APP103698,49,Female,Married,High School,2,Unemployed,0,15000,809,0,14,142068,60,Home,6.55,Semiurban,No,1.894,142068,2367.8,0
APP103699,35,Male,Married,Master,1,Salaried,10,44001,679,1,1,57442,24,Auto,9.52,Urban,No,0.653,82442,2393.42,0
APP103700,50,Female,Married,Bachelor,0,Unemployed,0,15000,523,2,11,112052,60,Auto,11.72,Semiurban,No,1.494,162052,1867.53,0
APP103701,55,Male,Married,High School,1,Salaried,1,15000,774,2,7,168348,36,Medical,8.92,Urban,No,3.741,218348,4676.33,0
APP103702,27,Male,Married,Master,2,Salaried,2,57577,778,0,6,16622,12,Auto,6.67,Semiurban,Yes,0.289,16622,1385.17,1
APP103703,27,Male,Married,High School,2,Salaried,4,41282,778,0,2,233591,60,Business,4.14,Rural,Yes,1.132,233591,3893.18,0
APP103704,36,Female,Married,High School,4,Salaried,6,28668,646,0,9,102571,12,Personal,9.3,Rural,No,3.578,102571,8547.58,0
APP103705,41,Male,Single,Master,1,Salaried,14,65796,658,0,2,291039,24,Home,9.96,Semiurban,No,2.212,291039,12126.62,0
APP103706,31,Male,Single,Bachelor,1,Salaried,8,82610,691,0,4,183598,36,Home,6.8,Rural,No,0.741,183598,5099.94,1
APP103707,54,Male,Married,High School,0,Salaried,10,41571,792,0,7,5000,24,Medical,5.89,Semiurban,No,0.06,5000,208.33,1
APP103708,43,Female,Married,High School,0,Salaried,8,25714,635,0,6,172202,120,Home,10.51,Semiurban,No,0.67,172202,1435.02,1
APP103709,38,Male,Married,Master,0,Self-Employed,1,130275,619,0,13,124558,60,Home,9.06,Urban,No,0.191,124558,2075.97,1
APP103710,21,Male,Single,High School,0,Salaried,8,46392,735,2,0,173198,120,Home,7.06,Urban,Yes,0.373,223198,1443.32,1
APP103711,22,Male,Married,High School,1,Business,8,70677,776,0,7,279338,60,Home,7.26,Semiurban,No,0.79,279338,4655.63,1
APP103712,41,Female,Married,Bachelor,0,Self-Employed,12,45224,675,1,6,206397,240,Business,7.22,Rural,No,0.228,231397,859.99,1
APP103713,21,Female,Married,Master,1,Unemployed,0,15000,733,1,7,131941,60,Education,7.33,Semiurban,No,1.759,156941,2199.02,0
APP103714,50,Female,Married,High School,1,Salaried,0,26142,688,2,5,38249,12,Home,7.27,Semiurban,Yes,1.463,88249,3187.42,0
APP103715,36,Male,Married,Master,1,Unemployed,0,15000,659,0,13,219822,24,Education,8.55,Urban,No,7.327,219822,9159.25,0
APP103716,70,Female,Single,Bachelor,1,Self-Employed,10,53601,613,0,6,190778,60,Home,9.98,Rural,Yes,0.712,190778,3179.63,1
APP103717,65,Male,Married,Bachelor,0,Unemployed,0,15000,587,2,8,242632,36,Home,11.32,Semiurban,No,5.392,292632,6739.78,0
APP103718,35,Male,Married,Bachelor,4,Salaried,8,62817,630,2,12,138570,24,Education,9.71,Semiurban,No,1.103,188570,5773.75,0
APP103719,36,Male,Married,PhD,0,Self-Employed,13,157482,601,1,8,173608,24,Business,9.41,Rural,No,0.551,198608,7233.67,1
APP103720,49,Male,Single,High School,3,Business,5,91249,702,0,1,130298,36,Auto,9.16,Rural,No,0.476,130298,3619.39,0
APP103721,58,Female,Married,High School,0,Salaried,6,56651,777,0,5,156947,60,Business,7.08,Urban,Yes,0.554,156947,2615.78,1
APP103722,21,Male,Single,Master,1,Self-Employed,8,58592,696,0,7,28838,120,Medical,6.14,Semiurban,No,0.049,28838,240.32,1
APP103723,21,Male,Married,Bachelor,0,Business,0,92208,606,0,0,175461,12,Personal,10.72,Urban,No,1.903,175461,14621.75,0
APP103724,30,Male,Single,Bachelor,0,Self-Employed,7,118954,748,0,4,180591,36,Education,7.1,Rural,No,0.506,180591,5016.42,1
APP103725,44,Male,Single,Bachelor,1,Salaried,7,20381,703,0,7,109691,60,Home,7.91,Urban,No,1.076,109691,1828.18,0
APP103726,43,Male,Single,Bachelor,2,Self-Employed,17,112446,719,0,18,198532,24,Business,8.81,Rural,No,0.883,198532,8272.17,1
APP103727,50,Male,Single,Master,0,Salaried,6,45626,638,2,9,219804,60,Home,9.04,Urban,No,0.964,269804,3663.4,1
APP103728,23,Male,Single,Master,1,Business,9,131321,770,1,8,262013,60,Home,7.49,Rural,No,0.399,287013,4366.88,1
APP103729,21,Female,Married,Bachelor,0,Salaried,13,70319,770,0,16,68395,36,Medical,7.88,Semiurban,No,0.324,68395,1899.86,1
APP103730,48,Female,Single,High School,1,Salaried,2,45323,665,4,10,203550,60,Personal,8.76,Semiurban,No,0.898,303550,3392.5,0
APP103731,28,Female,Married,Bachelor,3,Salaried,16,115711,737,2,11,257031,36,Home,7.71,Urban,No,0.74,307031,7139.75,1
APP103732,21,Male,Single,Bachelor,3,Self-Employed,18,62975,768,0,5,121936,36,Auto,7.33,Urban,Yes,0.645,121936,3387.11,1
APP103733,39,Female,Divorced,Bachelor,1,Unemployed,0,15000,642,0,1,261593,24,Education,9.62,Semiurban,Yes,8.72,261593,10899.71,0
APP103734,47,Female,Divorced,Bachelor,0,Salaried,4,68911,673,0,9,91927,60,Personal,9.43,Urban,No,0.267,91927,1532.12,1
APP103735,36,Female,Single,High School,0,Salaried,17,39024,686,1,17,155576,36,Education,7.24,Semiurban,No,1.329,180576,4321.56,1
APP103736,32,Female,Married,Bachelor,4,Salaried,12,73870,592,0,15,11837,36,Medical,9.52,Rural,No,0.053,11837,328.81,1
APP103737,36,Male,Single,Bachelor,0,Business,8,123078,715,0,11,5000,24,Personal,6.44,Urban,No,0.02,5000,208.33,1
APP103738,33,Female,Divorced,Master,2,Salaried,16,76905,761,0,4,25730,12,Education,8.47,Semiurban,No,0.335,25730,2144.17,1
APP103739,21,Male,Married,Bachelor,1,Salaried,15,70907,668,1,0,263498,24,Business,6.96,Urban,No,1.858,288498,10979.08,0
APP103740,29,Male,Single,High School,4,Self-Employed,5,53428,707,0,3,87952,24,Business,9.18,Rural,No,0.823,87952,3664.67,0
APP103741,44,Male,Single,Bachelor,1,Salaried,9,104797,791,1,9,88155,36,Business,6.65,Urban,No,0.28,113155,2448.75,1
APP103742,41,Male,Single,Master,1,Salaried,11,65956,647,0,5,182659,24,Education,8.18,Urban,No,1.385,182659,7610.79,0
APP103743,40,Female,Married,Bachelor,1,Salaried,8,42823,708,0,13,90515,120,Education,6.57,Rural,No,0.211,90515,754.29,1
APP103744,26,Male,Married,Bachelor,4,Business,0,123027,634,0,0,246399,36,Education,9.28,Urban,Yes,0.668,246399,6844.42,1
APP103745,35,Male,Married,Bachelor,4,Unemployed,0,15000,632,0,7,299091,60,Education,9.14,Urban,No,3.988,299091,4984.85,0
APP103746,21,Female,Married,High School,2,Business,0,73294,707,1,4,5000,24,Education,8.26,Semiurban,No,0.034,30000,208.33,1
APP103747,40,Male,Single,Master,2,Salaried,10,72488,699,0,12,191620,36,Home,5.82,Semiurban,No,0.881,191620,5322.78,0
APP103748,55,Male,Single,High School,1,Salaried,0,40226,724,0,10,5000,60,Business,7.33,Semiurban,Yes,0.025,5000,83.33,1
APP103749,21,Male,Single,Bachelor,2,Salaried,9,120932,686,0,3,41189,36,Auto,7.4,Urban,No,0.114,41189,1144.14,1
APP103750,30,Female,Married,High School,3,Self-Employed,18,76315,717,0,12,188211,36,Home,8.94,Urban,No,0.822,188211,5228.08,1
APP103751,41,Male,Single,High School,1,Self-Employed,16,71853,813,0,0,74504,120,Medical,6.15,Rural,No,0.104,74504,620.87,1
APP103752,53,Female,Married,Bachelor,1,Unemployed,0,15000,764,0,0,170873,120,Home,6.21,Semiurban,No,1.139,170873,1423.94,0
APP103753,32,Male,Single,Bachelor,1,Salaried,0,42712,707,0,3,152484,60,Education,9.28,Urban,Yes,0.714,152484,2541.4,0
APP103754,29,Male,Single,Bachelor,1,Business,3,99805,720,0,0,18154,120,Business,7.16,Semiurban,No,0.018,18154,151.28,1
APP103755,21,Male,Married,Bachelor,3,Self-Employed,0,89499,656,2,7,202593,60,Education,8.78,Urban,No,0.453,252593,3376.55,1
APP103756,39,Male,Married,Bachelor,1,Salaried,0,64974,667,2,7,173919,12,Home,8.93,Urban,No,2.677,223919,14493.25,0
APP103757,62,Female,Married,Bachelor,0,Self-Employed,7,74842,719,0,5,153106,60,Home,8.53,Urban,Yes,0.409,153106,2551.77,1
APP103758,41,Female,Married,Bachelor,1,Unemployed,0,15000,687,1,10,98156,60,Home,8.27,Semiurban,Yes,1.309,123156,1635.93,0
APP103759,37,Male,Married,Bachelor,0,Unemployed,0,15000,743,3,4,181173,60,Home,8.56,Semiurban,Yes,2.416,256173,3019.55,0
APP103760,41,Male,Single,Bachelor,1,Self-Employed,5,56232,781,1,1,46488,120,Home,5.98,Semiurban,No,0.083,71488,387.4,1
APP103761,37,Female,Married,Bachelor,3,Salaried,6,77585,671,2,4,69357,36,Education,7.6,Urban,No,0.298,119357,1926.58,1
APP103762,28,Male,Married,PhD,1,Business,10,23053,519,2,1,175674,12,Home,13.21,Urban,Yes,7.62,225674,14639.5,0
APP103763,47,Male,Single,High School,3,Self-Employed,7,78933,842,3,4,232412,60,Personal,4.85,Urban,No,0.589,307412,3873.53,1
APP103764,40,Female,Married,Master,0,Salaried,12,35370,627,0,10,111829,60,Business,10.05,Rural,Yes,0.632,111829,1863.82,1
APP103765,38,Male,Single,High School,3,Salaried,10,23323,695,0,0,186560,60,Education,8.87,Urban,No,1.6,186560,3109.33,0
APP103766,26,Female,Single,High School,1,Salaried,5,49154,738,0,6,166396,12,Business,9.32,Semiurban,No,3.385,166396,13866.33,0
APP103767,53,Male,Married,High School,0,Salaried,0,51448,792,1,12,183144,60,Auto,5.86,Urban,No,0.712,208144,3052.4,1
APP103768,45,Female,Married,Bachelor,1,Business,16,167935,824,1,13,94657,12,Auto,6.05,Urban,No,0.564,119657,7888.08,1
APP103769,31,Male,Married,High School,4,Salaried,3,47184,650,0,4,138060,60,Medical,8.22,Urban,Yes,0.585,138060,2301.0,1
APP103770,50,Male,Single,Master,0,Salaried,10,76685,775,0,19,146941,60,Business,6.02,Rural,No,0.383,146941,2449.02,1
APP103771,32,Male,Married,Master,1,Salaried,0,84217,695,1,2,269871,60,Education,7.34,Urban,Yes,0.641,294871,4497.85,0
APP103772,28,Male,Married,Bachelor,3,Salaried,7,99762,850,0,6,61640,60,Personal,5.85,Urban,No,0.124,61640,1027.33,1
APP103773,28,Male,Single,Bachelor,0,Salaried,8,120609,768,1,2,37696,60,Business,7.56,Urban,No,0.063,62696,628.27,1
APP103774,21,Male,Married,PhD,1,Salaried,8,88607,665,1,10,389951,12,Auto,9.07,Semiurban,No,4.401,414951,32495.92,0
APP103775,43,Male,Married,Master,1,Salaried,26,95640,616,0,22,174717,120,Home,8.9,Rural,No,0.183,174717,1455.98,1
APP103776,21,Female,Divorced,Bachelor,0,Self-Employed,4,69768,469,0,17,193880,24,Auto,11.97,Urban,No,1.389,193880,8078.33,1
APP103777,23,Male,Single,Bachelor,1,Salaried,12,57643,733,2,12,201373,36,Personal,6.64,Semiurban,No,1.164,251373,5593.69,0
APP103778,21,Male,Single,Bachelor,0,Self-Employed,11,128371,760,0,4,211750,36,Home,7.16,Semiurban,Yes,0.55,211750,5881.94,1
APP103779,36,Male,Married,Bachelor,2,Salaried,3,36856,739,2,7,221919,60,Home,5.64,Semiurban,No,1.204,271919,3698.65,0
APP103780,36,Male,Married,High School,0,Salaried,12,15000,491,2,13,212116,24,Medical,11.78,Urban,Yes,7.071,262116,8838.17,0
APP103781,34,Male,Married,Bachelor,0,Salaried,7,67936,579,1,11,240161,36,Auto,9.08,Urban,No,1.178,265161,6671.14,0
APP103782,25,Male,Single,High School,1,Salaried,13,63017,718,1,8,163391,60,Home,8.15,Urban,No,0.519,188391,2723.18,1
APP103783,23,Female,Married,High School,1,Salaried,19,45848,822,0,8,235777,36,Medical,4.57,Urban,No,1.714,235777,6549.36,0
APP103784,43,Male,Married,Bachelor,0,Salaried,8,72555,675,2,13,301358,36,Education,10.46,Urban,No,1.385,351358,8371.06,0
APP103785,31,Male,Single,PhD,2,Salaried,6,126095,767,0,14,165673,60,Education,7.71,Rural,No,0.263,165673,2761.22,1
APP103786,41,Female,Married,PhD,3,Self-Employed,14,120523,597,1,0,188462,12,Home,9.97,Urban,No,1.564,213462,15705.17,0
APP103787,27,Female,Married,Bachelor,3,Salaried,16,73907,696,0,9,103615,60,Business,8.49,Semiurban,No,0.28,103615,1726.92,1
APP103788,40,Male,Single,Bachelor,1,Business,2,110235,658,3,10,136813,60,Medical,9.31,Semiurban,No,0.248,211813,2280.22,1
APP103789,53,Female,Single,High School,3,Business,5,15000,775,3,5,178228,24,Business,5.54,Urban,Yes,5.941,253228,7426.17,0
APP103790,45,Male,Married,Bachelor,3,Business,12,94270,636,1,14,118861,36,Education,10.52,Semiurban,Yes,0.42,143861,3301.69,1
APP103791,33,Female,Married,High School,1,Salaried,7,15000,814,0,6,157398,24,Auto,5.62,Urban,No,5.247,157398,6558.25,0
APP103792,41,Male,Married,High School,0,Business,2,61997,655,0,14,177306,60,Medical,8.13,Rural,No,0.572,177306,2955.1,1
APP103793,35,Female,Single,Bachelor,0,Salaried,11,47617,594,1,6,271649,60,Education,10.66,Semiurban,No,1.141,296649,4527.48,0
APP103794,38,Female,Single,High School,1,Salaried,12,60095,597,2,9,80896,36,Medical,8.94,Urban,No,0.449,130896,2247.11,0
APP103795,34,Male,Divorced,High School,3,Salaried,5,46277,630,1,9,183613,36,Home,10.06,Semiurban,No,1.323,208613,5100.36,0
APP103796,36,Female,Divorced,Master,1,Unemployed,0,15000,709,1,16,101666,120,Business,8.16,Urban,No,0.678,126666,847.22,1
APP103797,40,Male,Single,High School,2,Salaried,4,38649,631,2,11,211282,60,Personal,8.73,Semiurban,No,1.093,261282,3521.37,0
APP103798,26,Male,Married,High School,0,Unemployed,0,15000,614,0,5,217639,60,Auto,10.68,Rural,Yes,2.902,217639,3627.32,0
APP103799,25,Male,Single,High School,0,Salaried,5,15000,751,2,6,284196,24,Personal,7.69,Rural,No,9.473,334196,11841.5,0
APP103800,21,Male,Single,High School,1,Unemployed,0,15000,423,0,6,115944,60,Auto,13.22,Urban,No,1.546,115944,1932.4,0
APP103801,21,Female,Single,High School,4,Unemployed,0,15000,645,0,8,161644,36,Auto,9.64,Semiurban,No,3.592,161644,4490.11,0
APP103802,23,Male,Single,Master,1,Unemployed,0,15000,573,1,3,214324,36,Medical,9.21,Urban,No,4.763,239324,5953.44,0
APP103803,39,Male,Married,High School,3,Salaried,8,15000,610,2,7,202690,120,Home,10.29,Urban,Yes,1.351,252690,1689.08,0
APP103804,27,Male,Married,Master,0,Business,15,187816,699,1,14,5000,12,Business,6.56,Rural,No,0.027,30000,416.67,1
APP103805,44,Male,Divorced,High School,1,Unemployed,0,15000,663,1,14,95004,24,Home,8.87,Semiurban,No,3.167,120004,3958.5,0
APP103806,38,Female,Married,Bachelor,1,Salaried,0,77774,656,2,0,195609,36,Education,9.57,Rural,No,0.838,245609,5433.58,0
APP103807,21,Male,Married,Bachelor,3,Salaried,6,62360,775,2,0,133216,36,Business,6.84,Rural,No,0.712,183216,3700.44,0
APP103808,45,Female,Married,Bachelor,0,Self-Employed,4,121822,678,4,5,214916,60,Home,9.99,Urban,Yes,0.353,314916,3581.93,1
APP103809,47,Female,Divorced,Bachelor,0,Salaried,11,91465,824,0,0,233365,36,Home,4.73,Urban,No,0.85,233365,6482.36,0
APP103810,26,Female,Married,Master,0,Business,5,192457,736,1,1,132920,60,Personal,7.69,Urban,No,0.138,157920,2215.33,1
APP103811,43,Male,Married,High School,3,Salaried,0,54171,602,2,9,198065,60,Medical,7.83,Semiurban,Yes,0.731,248065,3301.08,0
APP103812,27,Female,Divorced,Bachelor,0,Salaried,30,63069,834,1,7,266491,60,Medical,4.81,Urban,No,0.845,291491,4441.52,1
APP103813,39,Male,Single,Master,0,Salaried,8,65027,702,1,0,231480,36,Auto,7.66,Semiurban,No,1.187,256480,6430.0,0
APP103814,22,Female,Married,High School,1,Salaried,8,19793,829,1,13,88348,36,Business,6.99,Urban,No,1.488,113348,2454.11,0
APP103815,21,Male,Married,High School,1,Salaried,0,50785,658,0,5,135189,60,Personal,8.82,Semiurban,No,0.532,135189,2253.15,1
APP103816,33,Male,Divorced,High School,2,Business,0,78365,701,0,5,152198,24,Auto,8.89,Urban,Yes,0.971,152198,6341.58,1
APP103817,36,Male,Single,Bachelor,3,Salaried,7,51255,714,0,13,75181,120,Medical,6.82,Semiurban,No,0.147,75181,626.51,1
APP103818,33,Female,Married,High School,1,Business,10,79109,666,1,10,235599,60,Home,8.35,Urban,No,0.596,260599,3926.65,1
APP103819,23,Male,Married,High School,3,Business,12,54280,781,0,7,98403,120,Education,5.54,Semiurban,No,0.181,98403,820.02,1
APP103820,33,Male,Single,Bachelor,2,Salaried,9,81685,834,2,5,141886,60,Auto,4.33,Rural,Yes,0.347,191886,2364.77,1
APP103821,41,Male,Married,Bachelor,0,Salaried,0,37947,496,0,10,235747,36,Education,11.15,Urban,Yes,2.071,235747,6548.53,0
APP103822,37,Female,Single,High School,3,Salaried,0,23535,745,0,5,113920,24,Home,6.49,Semiurban,No,2.42,113920,4746.67,0
APP103823,40,Female,Single,High School,2,Salaried,7,37789,608,4,6,123071,120,Auto,11.88,Semiurban,Yes,0.326,223071,1025.59,0
APP103824,29,Male,Married,Bachelor,1,Salaried,4,80719,472,1,2,177044,36,Home,12.5,Rural,No,0.731,202044,4917.89,0
APP103825,52,Male,Married,PhD,2,Salaried,0,49648,721,0,13,117286,36,Auto,6.23,Urban,No,0.787,117286,3257.94,1
APP103826,23,Male,Married,Bachelor,1,Unemployed,0,15000,721,2,15,272608,120,Auto,7.06,Urban,No,1.817,322608,2271.73,0
APP103827,43,Male,Married,Master,0,Salaried,0,24615,734,1,9,76764,120,Auto,8.34,Rural,No,0.312,101764,639.7,1
APP103828,52,Female,Single,High School,2,Self-Employed,11,45218,709,1,5,5000,36,Personal,7.12,Urban,No,0.037,30000,138.89,1
APP103829,43,Male,Single,High School,2,Unemployed,0,15000,750,2,12,217439,12,Home,8.49,Urban,No,14.496,267439,18119.92,0
APP103830,35,Male,Single,Bachelor,2,Business,8,15000,631,0,10,121394,12,Medical,10.41,Rural,Yes,8.093,121394,10116.17,0
APP103831,31,Male,Single,Master,0,Business,13,134864,701,0,5,85389,36,Auto,7.79,Urban,No,0.211,85389,2371.92,1
APP103832,50,Male,Married,Bachelor,4,Business,5,83332,735,2,13,180713,60,Home,6.64,Semiurban,No,0.434,230713,3011.88,1
APP103833,21,Male,Married,Master,0,Salaried,18,32594,788,0,5,183551,36,Home,5.29,Semiurban,No,1.877,183551,5098.64,0
APP103834,26,Male,Single,PhD,0,Business,19,113003,683,3,1,89049,36,Personal,8.53,Semiurban,Yes,0.263,164049,2473.58,1
APP103835,33,Male,Single,High School,0,Unemployed,0,15000,662,0,7,244951,36,Medical,9.17,Urban,No,5.443,244951,6804.19,0
APP103836,52,Male,Married,High School,0,Salaried,11,35557,675,0,13,218950,36,Home,9.84,Urban,No,2.053,218950,6081.94,0
APP103837,42,Male,Single,High School,1,Salaried,14,38523,584,0,8,307965,120,Home,10.68,Rural,No,0.799,307965,2566.38,0
APP103838,26,Male,Divorced,High School,1,Salaried,11,35027,741,1,2,113309,60,Business,6.83,Semiurban,Yes,0.647,138309,1888.48,0
APP103839,34,Male,Married,High School,3,Salaried,10,31809,563,0,5,162501,120,Auto,12.11,Semiurban,No,0.511,162501,1354.18,1
APP103840,30,Female,Single,Master,4,Salaried,4,58651,711,0,13,168666,120,Personal,8.6,Urban,No,0.288,168666,1405.55,1
APP103841,29,Male,Single,High School,2,Self-Employed,0,37281,686,4,9,123844,36,Business,7.59,Semiurban,No,1.107,223844,3440.11,0
APP103842,49,Female,Married,High School,1,Self-Employed,0,34583,555,2,7,182257,36,Medical,10.82,Urban,No,1.757,232257,5062.69,0
APP103843,21,Female,Single,High School,2,Salaried,22,24197,560,0,7,188273,240,Home,11.46,Urban,No,0.389,188273,784.47,1
APP103844,57,Female,Single,PhD,2,Salaried,9,80811,611,1,13,188310,120,Home,10.08,Rural,No,0.233,213310,1569.25,1
APP103845,47,Male,Single,Bachelor,1,Business,6,66002,652,1,13,123880,60,Personal,7.95,Urban,No,0.375,148880,2064.67,1
APP103846,51,Male,Married,Master,2,Salaried,15,43169,798,2,0,133254,60,Auto,6.22,Rural,No,0.617,183254,2220.9,0
APP103847,32,Male,Married,PhD,1,Salaried,3,126640,671,1,12,104632,36,Auto,7.9,Rural,Yes,0.275,129632,2906.44,1
APP103848,36,Female,Single,Bachelor,1,Self-Employed,11,108979,723,2,10,89934,120,Business,7.6,Semiurban,No,0.083,139934,749.45,1
APP103849,21,Male,Married,High School,1,Salaried,8,41998,781,3,15,144884,120,Auto,5.08,Semiurban,No,0.345,219884,1207.37,1
APP103850,31,Female,Married,High School,2,Salaried,10,43163,765,1,7,271322,60,Medical,5.81,Urban,No,1.257,296322,4522.03,0
APP103851,43,Female,Married,High School,2,Salaried,5,29880,679,0,13,313123,36,Personal,10.52,Semiurban,No,3.493,313123,8697.86,0
APP103852,53,Male,Single,Bachelor,1,Business,2,130013,623,1,10,255108,24,Auto,9.11,Semiurban,No,0.981,280108,10629.5,1
APP103853,24,Male,Married,High School,1,Self-Employed,3,86901,719,2,2,112889,60,Home,8.73,Semiurban,Yes,0.26,162889,1881.48,1
APP103854,33,Female,Divorced,High School,3,Salaried,3,39133,625,1,13,182613,36,Home,9.37,Urban,No,1.555,207613,5072.58,0
APP103855,36,Male,Single,Bachelor,4,Salaried,7,46963,825,2,12,5000,36,Home,4.3,Semiurban,Yes,0.035,55000,138.89,1
APP103856,21,Male,Single,Bachelor,0,Self-Employed,0,82244,749,2,4,137599,24,Home,5.94,Semiurban,No,0.837,187599,5733.29,0
APP103857,45,Female,Single,Bachelor,0,Business,0,94834,696,0,9,118915,12,Home,7.29,Semiurban,No,1.254,118915,9909.58,0
APP103858,29,Male,Single,High School,2,Self-Employed,8,39896,721,0,18,299946,60,Home,9.73,Rural,No,1.504,299946,4999.1,1
APP103859,35,Female,Married,Master,1,Business,7,139970,694,1,5,170832,24,Education,7.89,Semiurban,No,0.61,195832,7118.0,0
APP103860,32,Female,Married,Bachelor,0,Salaried,9,83453,650,0,11,154057,120,Business,9.18,Urban,No,0.185,154057,1283.81,1
APP103861,28,Female,Divorced,High School,0,Self-Employed,7,33897,719,1,2,144525,24,Personal,8.3,Urban,No,2.132,169525,6021.88,0
APP103862,37,Male,Single,Master,2,Business,23,240924,660,0,5,126730,60,Home,9.3,Urban,Yes,0.105,126730,2112.17,1
APP103863,35,Male,Married,PhD,2,Business,8,52023,834,2,12,192524,120,Business,6.18,Urban,No,0.37,242524,1604.37,1
APP103864,33,Male,Married,High School,1,Unemployed,0,15000,624,3,9,97007,60,Education,8.99,Urban,No,1.293,172007,1616.78,0
APP103865,29,Male,Married,High School,1,Salaried,8,46094,720,0,6,193989,120,Auto,6.42,Urban,Yes,0.421,193989,1616.58,1
APP103866,41,Male,Married,Bachelor,1,Unemployed,0,15000,617,1,16,264540,36,Business,8.72,Urban,Yes,5.879,289540,7348.33,0
APP103867,57,Male,Single,High School,0,Self-Employed,7,38585,616,1,3,159011,240,Home,8.15,Urban,No,0.206,184011,662.55,1
APP103868,39,Male,Married,Master,1,Business,12,65044,537,2,7,124853,36,Auto,10.74,Urban,Yes,0.64,174853,3468.14,1
APP103869,49,Male,Married,High School,0,Salaried,10,51611,712,1,10,143974,120,Auto,4.03,Rural,No,0.279,168974,1199.78,1
APP103870,21,Female,Married,Master,1,Self-Employed,6,83904,637,0,3,246054,36,Home,9.98,Rural,No,0.978,246054,6834.83,0
APP103871,39,Male,Married,Bachelor,0,Business,8,114947,766,0,10,161137,12,Auto,7.25,Urban,No,1.402,161137,13428.08,0
APP103872,24,Male,Single,Bachelor,2,Salaried,17,58230,713,0,13,101253,60,Home,6.76,Rural,Yes,0.348,101253,1687.55,1
APP103873,21,Female,Single,High School,1,Self-Employed,9,32399,691,3,7,214692,60,Auto,6.8,Semiurban,Yes,1.325,289692,3578.2,0
APP103874,29,Female,Divorced,High School,1,Business,2,124657,567,1,4,93144,24,Home,12.19,Semiurban,Yes,0.374,118144,3881.0,1
APP103875,52,Male,Married,High School,0,Salaried,6,15000,726,4,6,131325,120,Home,8.45,Semiurban,Yes,0.876,231325,1094.38,0
APP103876,49,Male,Married,High School,0,Salaried,0,73854,627,0,0,168333,24,Auto,9.2,Rural,No,1.14,168333,7013.88,0
APP103877,40,Male,Single,High School,1,Self-Employed,8,69998,565,1,13,85437,24,Education,10.02,Semiurban,No,0.61,110437,3559.88,0
APP103878,21,Female,Married,Master,0,Salaried,15,53768,714,2,9,7087,120,Home,7.76,Urban,Yes,0.013,57087,59.06,1
APP103879,35,Female,Married,High School,0,Salaried,0,74767,579,2,7,185955,36,Personal,8.98,Semiurban,No,0.829,235955,5165.42,0
APP103880,41,Female,Married,Master,1,Salaried,8,33428,512,0,0,5000,12,Home,12.05,Semiurban,No,0.15,5000,416.67,0
APP103881,40,Male,Single,Bachelor,2,Salaried,13,85202,783,0,13,75875,240,Home,5.14,Urban,No,0.045,75875,316.15,1
APP103882,21,Male,Single,Master,0,Salaried,14,15000,635,0,5,212254,60,Home,6.91,Semiurban,No,2.83,212254,3537.57,0
APP103883,27,Male,Married,PhD,1,Salaried,15,50164,540,2,10,183535,36,Business,10.39,Semiurban,No,1.22,233535,5098.19,0
APP103884,37,Female,Married,High School,3,Self-Employed,0,26284,602,2,7,137365,60,Business,8.94,Urban,No,1.045,187365,2289.42,0
APP103885,44,Female,Divorced,Master,3,Self-Employed,11,64324,622,0,0,78360,60,Personal,11.37,Rural,No,0.244,78360,1306.0,1
APP103886,21,Female,Divorced,Bachelor,0,Business,0,90434,771,0,14,115518,120,Home,8.25,Rural,No,0.128,115518,962.65,1
APP103887,36,Male,Divorced,Master,2,Salaried,2,51155,546,0,13,196118,60,Auto,9.96,Semiurban,No,0.767,196118,3268.63,1
APP103888,39,Male,Single,Bachelor,1,Salaried,12,15000,572,1,11,139410,60,Medical,10.46,Urban,No,1.859,164410,2323.5,0
APP103889,48,Male,Single,Bachelor,4,Salaried,8,71586,758,1,9,51187,24,Business,6.18,Semiurban,No,0.358,76187,2132.79,1
APP103890,46,Female,Single,High School,1,Business,12,64284,644,4,2,79605,36,Home,10.96,Urban,No,0.413,179605,2211.25,0
APP103891,44,Female,Single,High School,2,Self-Employed,2,58987,698,2,12,115230,60,Medical,6.22,Semiurban,Yes,0.391,165230,1920.5,1
APP103892,28,Male,Married,Bachelor,2,Business,16,96446,640,0,19,179358,60,Business,9.67,Urban,No,0.372,179358,2989.3,1
APP103893,21,Male,Married,PhD,1,Salaried,12,134169,841,0,8,158364,36,Home,6.46,Semiurban,No,0.393,158364,4399.0,1
APP103894,33,Male,Single,Bachelor,2,Self-Employed,13,69735,576,0,8,50283,240,Home,9.93,Semiurban,No,0.036,50283,209.51,1
APP103895,50,Male,Married,High School,0,Salaried,1,59719,702,0,2,257764,24,Auto,7.98,Semiurban,No,2.158,257764,10740.17,0
APP103896,54,Female,Divorced,Master,0,Business,15,79184,800,2,0,90567,24,Business,7.05,Urban,No,0.572,140567,3773.62,1
APP103897,46,Male,Married,Master,1,Salaried,6,54643,650,0,6,185283,24,Home,7.89,Semiurban,No,1.695,185283,7720.12,0
APP103898,43,Female,Single,High School,3,Salaried,4,66080,619,1,15,74210,60,Home,10.26,Semiurban,No,0.225,99210,1236.83,1
APP103899,42,Male,Married,High School,1,Salaried,11,65724,741,1,14,348554,12,Home,5.63,Rural,No,5.303,373554,29046.17,0
APP103900,31,Female,Married,High School,1,Self-Employed,11,62448,760,0,7,256001,240,Medical,5.2,Semiurban,No,0.205,256001,1066.67,1
APP103901,36,Male,Married,Master,1,Salaried,2,49103,616,0,10,88046,240,Home,10.53,Semiurban,Yes,0.09,88046,366.86,1
APP103902,58,Female,Married,Master,0,Salaried,20,46486,796,2,1,157076,24,Education,5.11,Semiurban,No,1.689,207076,6544.83,0
APP103903,26,Male,Single,High School,1,Salaried,18,65241,684,2,8,67661,36,Business,8.5,Urban,No,0.346,117661,1879.47,1
APP103904,57,Male,Divorced,High School,2,Unemployed,0,15000,720,0,5,121521,24,Business,6.42,Urban,No,4.051,121521,5063.38,0
APP103905,34,Male,Married,Master,4,Salaried,10,75933,799,1,8,183835,36,Business,6.3,Semiurban,No,0.807,208835,5106.53,0
APP103906,53,Male,Married,PhD,0,Business,9,250000,741,1,6,217603,60,Business,5.52,Semiurban,No,0.174,242603,3626.72,1
APP103907,21,Male,Divorced,Master,1,Unemployed,0,15000,679,1,6,50929,120,Auto,9.72,Rural,No,0.34,75929,424.41,0
APP103908,45,Male,Single,Bachelor,0,Unemployed,0,15000,626,1,12,90115,12,Auto,10.29,Rural,No,6.008,115115,7509.58,0
APP103909,29,Female,Single,High School,0,Business,8,55764,850,2,17,225341,240,Home,4.4,Urban,No,0.202,275341,938.92,1
APP103910,21,Male,Married,Bachelor,1,Business,4,90205,616,0,7,255913,120,Education,7.82,Urban,No,0.284,255913,2132.61,1
APP103911,40,Female,Single,High School,1,Salaried,6,43511,705,0,15,88149,60,Home,7.7,Urban,No,0.405,88149,1469.15,1
APP103912,50,Female,Married,Master,0,Salaried,0,118625,720,2,1,226548,36,Auto,7.24,Urban,No,0.637,276548,6293.0,0
APP103913,27,Male,Single,High School,0,Self-Employed,1,30317,724,2,7,51152,60,Business,6.98,Semiurban,No,0.337,101152,852.53,0
APP103914,21,Female,Single,Master,2,Salaried,13,34725,850,0,1,126199,12,Auto,6.05,Urban,No,3.634,126199,10516.58,0
APP103915,36,Male,Married,High School,4,Salaried,18,52540,683,1,6,58447,60,Education,9.55,Rural,No,0.222,83447,974.12,1
APP103916,36,Male,Single,Master,0,Self-Employed,2,73827,672,0,11,117541,36,Medical,8.99,Urban,No,0.531,117541,3265.03,1
APP103917,44,Male,Married,High School,2,Self-Employed,9,101293,804,2,13,302741,36,Education,7.41,Urban,Yes,0.996,352741,8409.47,1
APP103918,49,Female,Married,Bachelor,0,Business,14,125370,669,1,4,145607,36,Home,5.82,Semiurban,No,0.387,170607,4044.64,1
APP103919,37,Male,Divorced,Bachelor,3,Self-Employed,4,56238,750,0,10,127445,36,Education,6.7,Semiurban,No,0.755,127445,3540.14,0
APP103920,60,Male,Married,High School,2,Self-Employed,12,75869,695,1,14,104818,60,Auto,7.75,Semiurban,Yes,0.276,129818,1746.97,1
APP103921,40,Male,Single,PhD,2,Salaried,7,125216,753,1,13,126014,60,Home,7.78,Urban,Yes,0.201,151014,2100.23,1
APP103922,33,Female,Married,Bachelor,0,Salaried,15,75842,738,0,9,85319,36,Education,6.92,Rural,Yes,0.375,85319,2369.97,1
APP103923,21,Male,Married,Bachelor,1,Unemployed,0,15000,647,2,5,160944,36,Auto,9.62,Urban,No,3.577,210944,4470.67,0
APP103924,34,Female,Married,Master,1,Salaried,1,91664,532,0,4,147392,120,Business,10.88,Rural,No,0.161,147392,1228.27,1
APP103925,33,Female,Married,Master,0,Salaried,9,15000,546,1,3,113407,60,Education,10.41,Urban,No,1.512,138407,1890.12,0
APP103926,49,Female,Married,Bachelor,0,Self-Employed,8,111512,532,1,7,106378,60,Home,12.16,Semiurban,No,0.191,131378,1772.97,1
APP103927,43,Female,Married,Master,1,Salaried,7,15000,672,2,3,164626,60,Auto,8.56,Semiurban,Yes,2.195,214626,2743.77,0
APP103928,23,Female,Married,High School,2,Salaried,11,34262,491,0,11,91653,12,Home,12.49,Semiurban,Yes,2.675,91653,7637.75,0
APP103929,40,Male,Single,High School,0,Salaried,2,15000,667,1,9,130789,12,Home,7.42,Urban,No,8.719,155789,10899.08,0
APP103930,46,Male,Single,Bachelor,1,Salaried,0,47478,690,0,8,113902,36,Medical,8.88,Semiurban,No,0.8,113902,3163.94,0
APP103931,56,Male,Married,High School,0,Salaried,4,40702,748,2,0,5000,120,Auto,5.96,Rural,No,0.012,55000,41.67,1
APP103932,48,Male,Single,Bachelor,0,Business,5,45120,720,0,8,218807,60,Education,9.31,Urban,No,0.97,218807,3646.78,1
APP103933,47,Male,Single,High School,1,Salaried,6,15000,752,1,5,5000,120,Medical,6.7,Urban,No,0.033,30000,41.67,1
APP103934,38,Male,Single,Bachelor,0,Salaried,15,65176,713,1,18,8537,12,Education,7.33,Semiurban,No,0.131,33537,711.42,1
APP103935,42,Male,Married,Master,1,Salaried,12,145809,654,0,1,221626,60,Home,9.81,Semiurban,No,0.304,221626,3693.77,1
APP103936,52,Female,Married,Bachelor,1,Salaried,11,51217,671,0,6,61322,24,Business,8.53,Urban,No,0.599,61322,2555.08,0
APP103937,22,Male,Married,PhD,1,Unemployed,0,15000,611,0,9,5000,60,Auto,10.5,Semiurban,No,0.067,5000,83.33,1
APP103938,33,Female,Married,Master,1,Salaried,5,126892,698,2,3,256990,36,Education,7.74,Semiurban,Yes,0.675,306990,7138.61,1
APP103939,28,Male,Married,High School,4,Unemployed,0,15000,553,1,17,98958,60,Personal,11.65,Semiurban,Yes,1.319,123958,1649.3,0
APP103940,42,Female,Married,High School,1,Salaried,0,33997,765,3,17,247178,36,Auto,6.62,Rural,No,2.424,322178,6866.06,0
APP103941,52,Female,Married,High School,2,Business,3,29494,603,0,3,76778,36,Auto,10.81,Urban,Yes,0.868,76778,2132.72,0
APP103942,30,Male,Married,Master,0,Salaried,7,51795,692,0,5,18521,24,Business,9.31,Urban,No,0.179,18521,771.71,1
APP103943,21,Male,Divorced,High School,1,Salaried,1,71785,705,3,18,124268,36,Home,6.32,Rural,Yes,0.577,199268,3451.89,1
APP103944,33,Male,Divorced,High School,1,Salaried,9,45914,773,1,14,53359,24,Personal,6.9,Semiurban,No,0.581,78359,2223.29,1
APP103945,48,Male,Married,Master,0,Self-Employed,6,124364,545,2,6,182340,60,Personal,12.93,Urban,Yes,0.293,232340,3039.0,1
APP103946,44,Female,Divorced,Bachelor,1,Salaried,5,58902,653,3,10,204092,24,Education,9.56,Urban,No,1.732,279092,8503.83,0
APP103947,43,Female,Married,High School,0,Salaried,14,20815,723,4,1,224376,36,Home,9.98,Rural,Yes,3.593,324376,6232.67,0
APP103948,34,Male,Married,High School,0,Business,0,80800,820,0,18,125070,60,Auto,4.67,Semiurban,Yes,0.31,125070,2084.5,1
APP103949,22,Male,Married,Master,0,Salaried,5,118708,676,0,8,260426,36,Auto,8.74,Rural,No,0.731,260426,7234.06,1
APP103950,44,Male,Married,Master,2,Salaried,0,88314,632,0,10,75785,60,Home,9.85,Rural,No,0.172,75785,1263.08,1
APP103951,27,Male,Married,High School,2,Business,9,75839,842,2,3,160728,12,Home,4.63,Urban,No,2.119,210728,13394.0,0
APP103952,64,Male,Married,Bachelor,0,Salaried,12,29129,744,0,2,138931,240,Home,5.88,Rural,No,0.238,138931,578.88,1
APP103953,44,Male,Divorced,Master,1,Business,0,151459,789,1,10,307810,60,Education,8.39,Semiurban,No,0.406,332810,5130.17,1
APP103954,31,Male,Single,Master,0,Salaried,0,121745,583,2,17,246623,60,Business,11.46,Rural,No,0.405,296623,4110.38,1
APP103955,30,Male,Married,Master,0,Salaried,0,91149,721,1,5,152572,120,Personal,8.14,Semiurban,No,0.167,177572,1271.43,1
APP103956,36,Male,Married,Bachelor,2,Salaried,8,15080,593,0,3,165875,120,Home,10.19,Urban,Yes,1.1,165875,1382.29,0
APP103957,35,Female,Married,Master,1,Unemployed,0,15000,575,0,9,272846,36,Home,10.64,Semiurban,Yes,6.063,272846,7579.06,0
APP103958,51,Male,Single,High School,0,Business,6,38198,726,0,16,89873,24,Home,8.11,Semiurban,Yes,1.176,89873,3744.71,1
APP103959,40,Female,Married,High School,0,Unemployed,0,15000,732,1,4,5000,36,Personal,8.8,Rural,No,0.111,30000,138.89,0
APP103960,29,Female,Divorced,Bachelor,2,Salaried,2,83824,641,0,6,72587,24,Auto,8.47,Semiurban,No,0.433,72587,3024.46,1
APP103961,60,Male,Single,Bachelor,0,Business,14,130485,794,0,12,116840,60,Personal,6.23,Urban,No,0.179,116840,1947.33,1
APP103962,38,Male,Married,Master,0,Salaried,9,19498,650,2,12,258860,60,Medical,8.63,Semiurban,No,2.655,308860,4314.33,0
APP103963,47,Female,Married,High School,2,Salaried,0,44051,658,3,6,232861,120,Home,7.78,Urban,No,0.529,307861,1940.51,1
APP103964,30,Female,Divorced,Master,1,Business,3,119487,677,3,13,146491,36,Home,7.85,Rural,Yes,0.409,221491,4069.19,1
APP103965,42,Female,Married,High School,1,Salaried,2,67182,660,0,10,187326,60,Auto,9.02,Semiurban,No,0.558,187326,3122.1,0
APP103966,41,Male,Single,Bachelor,3,Salaried,16,71468,782,2,8,93287,36,Home,6.06,Rural,No,0.435,143287,2591.31,1
APP103967,21,Female,Married,High School,0,Salaried,12,67342,596,1,12,317082,60,Auto,10.11,Urban,No,0.942,342082,5284.7,1
APP103968,62,Male,Married,Bachelor,2,Business,7,110246,619,2,11,247046,60,Auto,10.34,Semiurban,Yes,0.448,297046,4117.43,1
APP103969,53,Female,Single,Bachelor,0,Salaried,18,58145,584,2,2,154284,60,Business,11.48,Urban,No,0.531,204284,2571.4,1
APP103970,33,Female,Married,High School,1,Salaried,16,45392,830,4,15,144111,60,Home,8.05,Semiurban,No,0.635,244111,2401.85,1
APP103971,24,Male,Divorced,High School,3,Unemployed,0,15000,654,0,9,206120,36,Home,9.69,Semiurban,No,4.58,206120,5725.56,0
APP103972,42,Female,Married,Bachelor,1,Salaried,5,27576,618,2,14,145426,36,Education,9.02,Semiurban,No,1.758,195426,4039.61,0
APP103973,39,Male,Single,Master,2,Salaried,5,107443,657,1,8,5000,24,Home,9.96,Urban,No,0.023,30000,208.33,1
APP103974,42,Female,Divorced,High School,2,Self-Employed,2,37220,747,0,9,272661,60,Auto,6.74,Urban,No,1.465,272661,4544.35,0
APP103975,40,Male,Married,High School,0,Business,18,40884,733,0,9,243491,36,Home,6.64,Urban,No,1.985,243491,6763.64,0
APP103976,44,Female,Single,High School,2,Salaried,1,59909,633,0,10,179760,36,Home,9.96,Rural,Yes,1.0,179760,4993.33,0
APP103977,55,Male,Single,PhD,3,Self-Employed,13,72811,648,3,15,116431,120,Business,10.45,Semiurban,Yes,0.16,191431,970.26,1
APP103978,44,Female,Single,High School,1,Salaried,12,48598,563,2,10,150785,36,Business,10.13,Semiurban,Yes,1.034,200785,4188.47,0
APP103979,25,Male,Married,High School,0,Salaried,6,33443,691,1,7,5000,36,Home,8.5,Urban,Yes,0.05,30000,138.89,1
APP103980,54,Male,Single,Master,0,Salaried,18,15000,782,1,13,61408,60,Auto,6.82,Urban,No,0.819,86408,1023.47,1
APP103981,57,Male,Single,Bachelor,0,Salaried,0,71942,633,0,10,291367,240,Home,8.39,Urban,No,0.203,291367,1214.03,1
APP103982,70,Female,Married,High School,0,Salaried,7,44210,730,2,22,191381,12,Home,5.97,Semiurban,No,4.329,241381,15948.42,0
APP103983,24,Male,Married,PhD,1,Unemployed,0,15000,633,0,9,5000,120,Education,7.94,Semiurban,No,0.033,5000,41.67,1
APP103984,40,Male,Married,Bachelor,0,Self-Employed,13,51042,592,1,14,83782,24,Auto,11.44,Urban,No,0.821,108782,3490.92,1
APP103985,21,Male,Married,Bachelor,0,Unemployed,0,15000,734,2,12,5000,36,Home,6.86,Urban,No,0.111,55000,138.89,1
APP103986,44,Female,Single,High School,1,Self-Employed,0,65765,850,1,0,87563,36,Home,4.37,Semiurban,No,0.444,112563,2432.31,0
APP103987,31,Male,Married,Master,1,Salaried,15,123109,723,1,4,136786,60,Business,7.86,Semiurban,No,0.222,161786,2279.77,1
APP103988,61,Male,Single,High School,1,Salaried,10,56866,646,0,5,278128,120,Home,10.38,Rural,No,0.489,278128,2317.73,0
APP103989,28,Male,Married,High School,2,Unemployed,0,15000,652,0,0,212808,24,Personal,7.8,Semiurban,Yes,7.094,212808,8867.0,0
APP103990,21,Male,Married,High School,0,Self-Employed,5,39525,832,1,6,125828,60,Home,3.47,Urban,No,0.637,150828,2097.13,1
APP103991,32,Male,Single,Master,0,Unemployed,0,15000,704,0,1,129758,36,Home,9.4,Semiurban,No,2.884,129758,3604.39,0
APP103992,21,Male,Divorced,Bachelor,0,Salaried,6,59773,618,0,2,85957,120,Medical,10.15,Urban,Yes,0.144,85957,716.31,1
APP103993,47,Female,Married,Bachelor,1,Salaried,8,64632,675,0,9,237225,36,Education,7.43,Semiurban,No,1.223,237225,6589.58,0
APP103994,21,Female,Single,High School,0,Salaried,5,58755,697,1,17,246763,60,Home,7.62,Urban,Yes,0.84,271763,4112.72,1
APP103995,38,Male,Divorced,Bachelor,2,Salaried,5,89387,717,0,1,42938,24,Education,6.66,Urban,No,0.24,42938,1789.08,1
APP103996,21,Male,Married,Master,0,Salaried,0,65332,800,1,1,12347,240,Auto,6.64,Semiurban,Yes,0.009,37347,51.45,1
APP103997,34,Female,Married,High School,3,Salaried,10,17366,782,1,5,124518,12,Business,7.38,Urban,No,7.17,149518,10376.5,0
APP103998,57,Male,Married,Master,1,Self-Employed,0,86291,695,0,7,134327,24,Home,8.77,Rural,No,0.778,134327,5596.96,1
APP103999,42,Female,Married,High School,1,Salaried,8,38162,676,0,0,170693,60,Personal,8.65,Urban,No,0.895,170693,2844.88,0
APP104000,27,Male,Single,Master,2,Salaried,0,87249,711,2,4,16024,120,Auto,8.16,Urban,No,0.018,66024,133.53,1
APP104001,37,Male,Single,High School,2,Self-Employed,8,67892,631,1,4,92750,240,Business,8.64,Rural,Yes,0.068,117750,386.46,1
APP104002,38,Male,Married,Bachelor,1,Salaried,7,15000,758,0,9,143407,24,Business,6.4,Urban,No,4.78,143407,5975.29,0
APP104003,43,Female,Single,PhD,3,Self-Employed,10,82996,663,0,10,87695,36,Home,8.75,Urban,Yes,0.352,87695,2435.97,1
APP104004,21,Male,Married,PhD,1,Salaried,13,57444,719,0,7,218628,120,Medical,7.34,Urban,No,0.381,218628,1821.9,1
APP104005,45,Male,Married,High School,2,Business,14,95835,817,0,6,299482,12,Home,5.66,Rural,Yes,3.125,299482,24956.83,0
APP104006,21,Male,Single,Bachelor,1,Self-Employed,0,65748,724,1,4,106908,60,Home,5.9,Urban,No,0.325,131908,1781.8,1
APP104007,30,Female,Single,High School,2,Unemployed,0,15000,698,0,8,221135,36,Education,8.92,Semiurban,Yes,4.914,221135,6142.64,0
APP104008,32,Female,Married,Master,0,Salaried,20,95494,638,1,3,121426,60,Personal,8.17,Urban,No,0.254,146426,2023.77,1
APP104009,45,Male,Married,Bachelor,0,Salaried,8,45174,673,0,15,75586,60,Auto,6.43,Semiurban,Yes,0.335,75586,1259.77,1
APP104010,38,Male,Married,High School,2,Salaried,3,41734,589,0,0,93020,60,Personal,9.5,Urban,No,0.446,93020,1550.33,0
APP104011,21,Female,Married,High School,0,Salaried,7,73746,722,0,4,211490,60,Auto,7.34,Semiurban,Yes,0.574,211490,3524.83,1
APP104012,26,Male,Single,PhD,0,Salaried,5,167451,509,0,12,98670,60,Medical,13.84,Urban,No,0.118,98670,1644.5,1
APP104013,40,Male,Married,Bachelor,0,Self-Employed,0,59778,757,2,6,114315,60,Education,6.37,Semiurban,No,0.382,164315,1905.25,1
APP104014,37,Male,Single,High School,2,Salaried,13,38808,738,0,11,58493,60,Home,7.45,Semiurban,No,0.301,58493,974.88,1
APP104015,31,Female,Married,High School,3,Self-Employed,11,37400,687,4,16,200714,60,Medical,8.58,Urban,No,1.073,300714,3345.23,1
APP104016,32,Male,Married,High School,2,Business,0,15000,637,3,12,186652,60,Home,7.75,Urban,No,2.489,261652,3110.87,0
APP104017,46,Female,Divorced,Bachelor,2,Self-Employed,7,103085,678,1,1,266402,60,Business,8.33,Semiurban,No,0.517,291402,4440.03,0
APP104018,31,Male,Married,Master,1,Salaried,4,156693,538,1,2,197704,120,Medical,10.98,Rural,No,0.126,222704,1647.53,1
APP104019,36,Male,Married,Master,0,Unemployed,0,15000,745,3,7,183032,36,Medical,7.18,Rural,No,4.067,258032,5084.22,0
APP104020,64,Female,Married,Bachelor,0,Salaried,0,39580,666,0,10,196662,60,Business,9.1,Semiurban,No,0.994,196662,3277.7,0
APP104021,21,Male,Divorced,Master,1,Salaried,0,69132,801,0,14,129525,120,Home,6.83,Urban,No,0.187,129525,1079.38,1
APP104022,21,Male,Married,Bachelor,0,Business,7,93189,711,0,4,158809,36,Education,6.92,Rural,Yes,0.568,158809,4411.36,1
APP104023,47,Female,Single,High School,0,Salaried,5,22128,698,1,5,224495,60,Education,8.52,Urban,No,2.029,249495,3741.58,0
APP104024,29,Female,Married,PhD,1,Self-Employed,2,93193,712,0,6,84382,36,Medical,7.03,Urban,No,0.302,84382,2343.94,1
APP104025,34,Female,Single,High School,2,Salaried,5,59760,601,3,6,286134,24,Home,9.07,Rural,Yes,2.394,361134,11922.25,0
APP104026,28,Female,Single,High School,1,Salaried,12,44229,643,0,15,201038,36,Auto,10.89,Urban,No,1.515,201038,5584.39,0
APP104027,34,Female,Single,PhD,2,Salaried,10,146815,690,3,7,311693,120,Auto,6.39,Semiurban,No,0.212,386693,2597.44,1
APP104028,57,Male,Married,High School,2,Salaried,14,48383,655,0,8,55963,36,Auto,8.38,Urban,Yes,0.386,55963,1554.53,1
APP104029,47,Male,Single,Master,2,Salaried,6,42610,633,1,12,55953,36,Home,9.56,Semiurban,No,0.438,80953,1554.25,1
APP104030,48,Female,Married,PhD,4,Salaried,17,72959,657,1,15,179760,36,Home,8.26,Rural,No,0.821,204760,4993.33,1
APP104031,21,Male,Married,Bachelor,0,Business,10,99315,683,0,7,159884,24,Business,8.49,Rural,No,0.805,159884,6661.83,1
APP104032,24,Male,Single,High School,1,Business,5,33532,850,2,14,113435,60,Auto,3.66,Urban,Yes,0.677,163435,1890.58,1
APP104033,21,Male,Married,High School,3,Business,8,30126,653,0,17,48450,24,Education,7.09,Semiurban,Yes,0.804,48450,2018.75,1
APP104034,28,Male,Single,High School,1,Business,0,31704,625,0,7,128579,120,Medical,8.63,Semiurban,No,0.406,128579,1071.49,0
APP104035,49,Female,Married,Bachelor,2,Salaried,6,72895,667,4,5,167370,36,Home,8.81,Rural,Yes,0.765,267370,4649.17,1
APP104036,44,Male,Married,Master,1,Business,10,99145,800,0,18,45320,60,Auto,5.83,Urban,Yes,0.091,45320,755.33,1
APP104037,35,Male,Married,Bachelor,1,Salaried,11,89561,805,0,13,117169,36,Auto,6.54,Urban,No,0.436,117169,3254.69,1
APP104038,37,Female,Single,Bachelor,0,Salaried,5,37589,835,0,8,180594,240,Business,3.88,Urban,No,0.24,180594,752.48,1
APP104039,29,Male,Married,Bachelor,4,Self-Employed,24,15000,684,1,11,213015,36,Education,7.74,Semiurban,No,4.734,238015,5917.08,0
APP104040,40,Male,Married,Bachelor,2,Salaried,6,56732,731,1,2,127101,60,Auto,7.31,Rural,No,0.448,152101,2118.35,1
APP104041,47,Male,Married,Master,3,Business,0,197318,595,1,13,85915,60,Business,9.13,Urban,No,0.087,110915,1431.92,1
APP104042,21,Female,Married,High School,2,Salaried,15,42604,651,1,0,159217,24,Auto,9.12,Semiurban,No,1.869,184217,6634.04,0
APP104043,41,Female,Single,Master,0,Salaried,11,33406,590,0,13,133458,12,Medical,9.92,Urban,Yes,3.995,133458,11121.5,0
APP104044,49,Female,Married,Bachelor,0,Salaried,9,19393,717,0,4,32795,36,Auto,8.15,Urban,Yes,0.564,32795,910.97,1
APP104045,33,Female,Single,High School,3,Salaried,5,62963,683,1,0,113959,60,Medical,8.63,Semiurban,No,0.362,138959,1899.32,0
APP104046,46,Male,Single,High School,1,Business,10,41804,698,1,0,102817,36,Home,6.19,Rural,No,0.82,127817,2856.03,1
APP104047,70,Female,Married,High School,0,Unemployed,0,15000,612,0,5,151822,36,Home,11.23,Rural,No,3.374,151822,4217.28,0
APP104048,36,Female,Divorced,Bachelor,1,Salaried,9,76352,748,0,11,91302,60,Business,4.87,Semiurban,No,0.239,91302,1521.7,1
APP104049,42,Male,Married,High School,1,Salaried,0,28532,487,3,1,106124,240,Auto,10.71,Rural,No,0.186,181124,442.18,0
APP104050,29,Male,Single,Master,2,Salaried,0,115931,659,2,1,135425,60,Auto,8.75,Urban,No,0.234,185425,2257.08,1
APP104051,40,Female,Single,Bachelor,1,Business,10,55353,671,1,5,201071,36,Business,8.88,Rural,No,1.211,226071,5585.31,0
APP104052,43,Female,Married,Master,2,Salaried,2,30961,518,0,12,157424,12,Home,11.36,Semiurban,No,5.085,157424,13118.67,0
APP104053,40,Female,Married,High School,3,Unemployed,0,15000,710,1,12,363191,36,Home,7.26,Urban,Yes,8.071,388191,10088.64,0
APP104054,25,Female,Single,High School,0,Self-Employed,3,66543,666,0,8,48808,36,Auto,8.6,Semiurban,Yes,0.244,48808,1355.78,1
APP104055,40,Male,Married,High School,0,Business,2,92871,724,1,12,222934,36,Medical,8.05,Urban,No,0.8,247934,6192.61,1
APP104056,55,Female,Single,High School,1,Self-Employed,3,42083,839,1,11,143753,60,Auto,4.07,Urban,No,0.683,168753,2395.88,1
APP104057,43,Male,Married,Master,4,Self-Employed,3,20735,705,1,5,38462,60,Education,6.79,Rural,Yes,0.371,63462,641.03,1
APP104058,49,Male,Divorced,High School,1,Self-Employed,12,17707,757,0,12,119728,120,Home,5.99,Urban,Yes,0.676,119728,997.73,1
APP104059,35,Female,Married,Bachelor,1,Business,11,49963,790,1,1,28922,36,Auto,7.52,Urban,No,0.193,53922,803.39,0
APP104060,46,Male,Married,High School,2,Business,0,29032,719,2,10,156611,36,Auto,7.99,Urban,Yes,1.798,206611,4350.31,0
APP104061,41,Female,Married,Bachelor,1,Self-Employed,1,79962,610,1,2,125600,24,Home,10.37,Semiurban,No,0.785,150600,5233.33,0
APP104062,26,Male,Married,Master,4,Self-Employed,10,169186,548,1,8,95187,120,Home,12.63,Urban,Yes,0.056,120187,793.22,1
APP104063,41,Male,Married,Bachelor,3,Unemployed,0,15000,709,0,14,65190,60,Auto,8.61,Urban,No,0.869,65190,1086.5,1
APP104064,26,Male,Married,Bachelor,1,Unemployed,0,15000,647,1,9,231336,12,Home,9.22,Rural,No,15.422,256336,19278.0,0
APP104065,30,Male,Single,High School,1,Self-Employed,1,35818,782,1,7,137223,36,Home,7.92,Rural,No,1.277,162223,3811.75,0
APP104066,40,Male,Married,PhD,0,Salaried,13,76028,641,0,9,166759,24,Business,8.21,Urban,No,1.097,166759,6948.29,0
APP104067,41,Male,Single,Bachelor,2,Salaried,0,69730,678,1,11,164149,240,Education,8.17,Urban,Yes,0.118,189149,683.95,1
APP104068,23,Female,Divorced,Bachelor,2,Business,6,148922,587,1,18,158645,36,Auto,11.42,Semiurban,Yes,0.355,183645,4406.81,1
APP104069,50,Male,Single,Bachelor,1,Salaried,10,48314,652,1,11,123876,36,Education,6.77,Rural,No,0.855,148876,3441.0,1
APP104070,44,Male,Married,Master,0,Salaried,0,128010,604,0,5,271409,36,Medical,9.12,Rural,Yes,0.707,271409,7539.14,0
APP104071,29,Male,Single,Bachelor,3,Salaried,20,112597,611,0,6,328905,36,Medical,10.57,Urban,No,0.974,328905,9136.25,0
APP104072,21,Male,Single,Bachelor,1,Self-Employed,15,61502,675,4,3,265831,240,Business,8.61,Semiurban,Yes,0.216,365831,1107.63,1
APP104073,36,Male,Single,Bachelor,2,Self-Employed,11,60730,631,0,1,151715,36,Home,9.89,Urban,No,0.833,151715,4214.31,0
APP104074,32,Female,Married,High School,0,Salaried,2,35689,850,0,0,146200,36,Home,3.08,Urban,No,1.366,146200,4061.11,0
APP104075,39,Female,Married,Bachelor,1,Salaried,7,61562,746,2,5,237420,36,Home,6.24,Rural,No,1.286,287420,6595.0,0
APP104076,33,Male,Married,Bachelor,2,Business,12,76568,766,0,0,89389,24,Business,7.33,Semiurban,No,0.584,89389,3724.54,0
APP104077,21,Male,Single,Bachelor,1,Unemployed,0,15000,671,0,8,286825,60,Home,7.68,Rural,No,3.824,286825,4780.42,0
APP104078,33,Female,Married,Bachelor,1,Salaried,6,21279,688,0,5,213313,36,Auto,9.06,Urban,Yes,3.342,213313,5925.36,0
APP104079,34,Female,Married,High School,0,Salaried,13,32644,645,3,2,127621,60,Medical,9.39,Urban,No,0.782,202621,2127.02,0
APP104080,45,Female,Single,Master,1,Self-Employed,0,106437,850,0,0,172552,60,Medical,3.83,Rural,No,0.324,172552,2875.87,1
APP104081,29,Male,Married,PhD,3,Business,9,196205,671,1,6,200150,12,Medical,8.93,Urban,No,1.02,225150,16679.17,1
APP104082,58,Male,Married,Master,1,Business,0,224020,631,1,0,115798,60,Home,10.13,Semiurban,No,0.103,140798,1929.97,1
APP104083,21,Male,Married,High School,3,Self-Employed,2,23330,619,0,11,232749,60,Personal,9.98,Semiurban,No,1.995,232749,3879.15,0
APP104084,53,Male,Single,Bachelor,3,Business,4,65548,706,0,9,251826,12,Business,8.42,Urban,No,3.842,251826,20985.5,0
APP104085,35,Male,Married,Master,3,Salaried,11,15000,793,0,6,128988,24,Education,4.41,Urban,No,4.3,128988,5374.5,0
APP104086,48,Male,Single,Bachelor,3,Salaried,3,32253,766,4,15,111947,36,Home,8.94,Semiurban,No,1.157,211947,3109.64,0
APP104087,38,Male,Married,Bachelor,0,Self-Employed,8,18932,619,2,8,141567,36,Personal,12.44,Urban,No,2.493,191567,3932.42,0
APP104088,51,Female,Divorced,Master,3,Business,3,91586,617,2,9,57453,36,Home,11.09,Rural,No,0.209,107453,1595.92,1
APP104089,33,Female,Married,Bachelor,0,Self-Employed,4,65149,779,0,11,16593,60,Home,6.54,Semiurban,Yes,0.051,16593,276.55,1
APP104090,24,Male,Married,Bachelor,0,Unemployed,0,15000,848,0,5,115338,24,Home,4.64,Rural,No,3.845,115338,4805.75,0
APP104091,55,Female,Single,High School,0,Business,1,55161,668,1,5,73203,60,Business,8.26,Rural,No,0.265,98203,1220.05,0
APP104092,36,Male,Married,High School,0,Self-Employed,12,60268,776,1,8,291657,120,Education,7.26,Urban,Yes,0.484,316657,2430.48,1
APP104093,40,Female,Single,High School,1,Salaried,7,43996,562,1,1,113503,12,Personal,11.83,Urban,No,2.58,138503,9458.58,0
APP104094,52,Male,Married,Master,1,Salaried,4,44416,612,2,16,186456,36,Auto,9.11,Rural,No,1.399,236456,5179.33,0
APP104095,25,Male,Divorced,Bachelor,0,Business,0,26764,599,2,8,99743,36,Auto,10.0,Rural,No,1.242,149743,2770.64,0
APP104096,45,Female,Married,Bachelor,1,Salaried,1,74592,712,0,6,292578,36,Business,9.02,Urban,Yes,1.307,292578,8127.17,0
APP104097,30,Male,Married,Master,1,Salaried,3,131511,665,2,18,134487,60,Home,8.6,Rural,No,0.205,184487,2241.45,1
APP104098,36,Female,Married,Bachelor,2,Unemployed,0,15000,699,1,2,50507,24,Auto,8.13,Semiurban,No,1.684,75507,2104.46,0
APP104099,38,Male,Single,Bachelor,0,Business,11,125079,777,1,15,203620,24,Home,7.84,Semiurban,No,0.814,228620,8484.17,1
APP104100,21,Male,Married,High School,0,Salaried,6,67506,627,1,12,170755,60,Education,10.68,Rural,No,0.506,195755,2845.92,1
APP104101,28,Male,Single,Master,0,Business,6,139496,687,2,13,246245,60,Business,9.06,Urban,No,0.353,296245,4104.08,1
APP104102,54,Male,Married,High School,0,Salaried,7,47285,572,1,7,137670,36,Home,9.49,Semiurban,Yes,0.97,162670,3824.17,0
APP104103,48,Male,Single,High School,1,Salaried,10,43942,773,0,8,158630,60,Auto,5.48,Urban,No,0.722,158630,2643.83,1
APP104104,37,Female,Married,High School,1,Self-Employed,11,48177,767,0,6,29408,36,Home,5.92,Urban,Yes,0.203,29408,816.89,1
APP104105,40,Female,Single,High School,0,Business,0,78935,708,3,12,216838,36,Education,7.32,Urban,No,0.916,291838,6023.28,1
APP104106,34,Female,Married,High School,1,Salaried,6,32889,689,2,9,155017,36,Education,8.44,Urban,No,1.571,205017,4306.03,0
APP104107,54,Female,Married,Bachelor,1,Salaried,15,56313,639,0,5,140064,60,Medical,9.13,Semiurban,No,0.497,140064,2334.4,1
APP104108,35,Male,Married,High School,4,Salaried,0,21385,568,1,5,131656,60,Personal,10.48,Semiurban,No,1.231,156656,2194.27,0
APP104109,40,Female,Single,Bachelor,0,Unemployed,0,15000,704,0,7,127417,60,Personal,7.66,Urban,No,1.699,127417,2123.62,0
APP104110,51,Male,Married,High School,2,Self-Employed,6,30258,740,0,6,217921,60,Home,6.32,Urban,No,1.44,217921,3632.02,0
APP104111,28,Female,Single,High School,2,Salaried,4,42590,841,1,15,75952,60,Education,4.72,Urban,No,0.357,100952,1265.87,1
APP104112,56,Male,Married,Bachelor,0,Salaried,17,72512,648,0,12,209479,36,Business,11.47,Urban,No,0.963,209479,5818.86,1
APP104113,21,Female,Married,Master,4,Self-Employed,8,116449,701,0,12,21572,36,Business,8.68,Urban,No,0.062,21572,599.22,1
APP104114,57,Female,Married,Master,2,Self-Employed,17,123688,769,2,9,5000,120,Medical,6.64,Urban,No,0.004,55000,41.67,1
APP104115,33,Female,Single,PhD,2,Business,8,131202,771,2,3,262858,60,Auto,5.08,Urban,No,0.401,312858,4380.97,1
APP104116,35,Female,Divorced,Bachelor,1,Salaried,10,72151,630,1,11,68169,60,Auto,8.41,Urban,No,0.189,93169,1136.15,1
APP104117,21,Female,Married,Bachelor,1,Unemployed,0,15000,657,0,0,158463,12,Home,8.82,Semiurban,No,10.564,158463,13205.25,0
APP104118,32,Female,Single,Bachelor,0,Salaried,4,15000,637,0,8,128559,60,Home,10.62,Urban,No,1.714,128559,2142.65,0
APP104119,25,Male,Married,Bachelor,0,Salaried,10,73257,607,0,3,177533,60,Business,10.09,Urban,No,0.485,177533,2958.88,0
APP104120,30,Male,Married,High School,2,Salaried,10,47223,797,0,3,154111,60,Auto,6.28,Urban,No,0.653,154111,2568.52,1
APP104121,36,Male,Single,Bachelor,3,Salaried,11,85333,685,2,5,233440,12,Business,9.41,Urban,Yes,2.736,283440,19453.33,0
APP104122,49,Male,Married,High School,0,Unemployed,0,15000,674,1,7,35664,36,Home,7.55,Urban,No,0.793,60664,990.67,0
APP104123,40,Male,Married,Bachelor,2,Self-Employed,0,23905,699,0,7,203674,36,Medical,9.43,Semiurban,No,2.84,203674,5657.61,0
APP104124,41,Male,Single,Bachelor,2,Self-Employed,3,69251,684,0,11,145895,120,Personal,7.94,Urban,No,0.211,145895,1215.79,1
APP104125,24,Male,Married,High School,0,Salaried,13,57515,662,3,7,27419,240,Business,9.92,Urban,No,0.024,102419,114.25,1
APP104126,27,Female,Married,High School,1,Salaried,0,50330,619,1,7,107607,36,Home,11.29,Urban,Yes,0.713,132607,2989.08,1
APP104127,59,Female,Single,High School,1,Salaried,9,39431,805,1,1,21688,60,Home,4.99,Rural,No,0.11,46688,361.47,1
APP104128,29,Male,Married,PhD,2,Self-Employed,7,35349,634,1,1,16141,12,Education,9.32,Urban,No,0.457,41141,1345.08,0
APP104129,57,Male,Married,High School,2,Business,13,36067,605,0,9,115069,12,Personal,10.69,Rural,Yes,3.19,115069,9589.08,0
APP104130,35,Male,Married,High School,0,Salaried,10,50351,673,4,11,244906,12,Education,8.25,Urban,No,4.864,344906,20408.83,0
APP104131,38,Male,Married,Master,1,Salaried,4,23882,850,0,6,175009,60,Medical,4.74,Rural,No,1.466,175009,2916.82,0
APP104132,50,Female,Married,Bachelor,2,Salaried,3,52043,614,1,12,253950,24,Education,9.32,Semiurban,Yes,2.44,278950,10581.25,0
APP104133,53,Male,Married,High School,2,Unemployed,0,15000,736,0,0,156076,60,Business,5.42,Semiurban,No,2.081,156076,2601.27,0
APP104134,36,Male,Single,High School,0,Salaried,11,62123,660,0,9,273981,36,Education,9.86,Urban,No,1.47,273981,7610.58,0
APP104135,33,Female,Married,High School,1,Salaried,0,52753,699,2,3,265727,120,Education,7.01,Rural,No,0.504,315727,2214.39,0
APP104136,37,Female,Married,High School,3,Salaried,8,58849,753,2,3,74000,120,Business,4.65,Semiurban,No,0.126,124000,616.67,1
APP104137,42,Male,Single,High School,0,Salaried,2,47282,542,0,4,155680,120,Auto,12.21,Semiurban,Yes,0.329,155680,1297.33,1
APP104138,48,Female,Married,Bachelor,1,Salaried,9,38864,608,1,7,92205,60,Personal,10.32,Semiurban,Yes,0.475,117205,1536.75,1
APP104139,38,Male,Single,Master,2,Business,10,87084,752,0,10,138414,60,Medical,5.64,Urban,No,0.318,138414,2306.9,1
APP104140,45,Male,Married,Bachelor,0,Unemployed,0,15000,687,3,9,282656,60,Business,9.35,Rural,No,3.769,357656,4710.93,0
APP104141,57,Male,Married,Bachelor,3,Salaried,6,74769,696,1,6,98670,24,Business,8.75,Urban,Yes,0.66,123670,4111.25,1
APP104142,42,Male,Divorced,High School,0,Salaried,8,29856,736,0,11,55107,36,Auto,7.28,Urban,Yes,0.615,55107,1530.75,1
APP104143,41,Male,Single,High School,0,Self-Employed,8,42125,608,0,16,60399,240,Medical,9.49,Semiurban,Yes,0.072,60399,251.66,1
APP104144,21,Male,Married,Master,0,Business,7,118096,764,0,7,118362,60,Personal,6.6,Urban,Yes,0.2,118362,1972.7,1
APP104145,21,Female,Single,High School,0,Salaried,0,70722,745,2,8,449630,36,Business,7.31,Rural,No,2.119,499630,12489.72,0
APP104146,42,Female,Married,Master,0,Business,1,149035,699,0,4,267825,36,Home,7.23,Urban,Yes,0.599,267825,7439.58,1
APP104147,36,Male,Married,Bachelor,2,Business,0,61017,717,0,6,5000,36,Business,8.78,Semiurban,No,0.027,5000,138.89,1
APP104148,31,Male,Married,Master,0,Salaried,11,82935,773,3,14,147135,36,Auto,7.1,Semiurban,No,0.591,222135,4087.08,1
APP104149,40,Female,Married,High School,3,Self-Employed,7,85077,632,0,14,99683,120,Education,9.22,Semiurban,No,0.117,99683,830.69,1
APP104150,37,Male,Married,High School,1,Self-Employed,7,63318,732,0,6,228905,36,Personal,9.1,Urban,No,1.205,228905,6358.47,0
APP104151,51,Female,Single,Master,1,Self-Employed,0,31268,819,0,10,55679,36,Auto,5.32,Urban,No,0.594,55679,1546.64,1
APP104152,39,Female,Single,Master,1,Salaried,7,48254,731,0,12,67084,24,Auto,8.93,Rural,Yes,0.695,67084,2795.17,1
APP104153,29,Male,Married,High School,2,Salaried,11,24641,662,1,5,104281,120,Home,9.05,Rural,No,0.423,129281,869.01,1
APP104154,49,Male,Married,PhD,1,Salaried,0,153629,850,1,1,94663,240,Home,5.76,Semiurban,No,0.031,119663,394.43,1
APP104155,35,Male,Single,High School,0,Business,4,95977,698,0,11,202123,36,Home,7.67,Urban,No,0.702,202123,5614.53,1
APP104156,44,Male,Married,High School,3,Salaried,0,31061,791,0,12,123235,60,Education,4.31,Rural,No,0.794,123235,2053.92,0
APP104157,32,Male,Married,Bachelor,1,Salaried,5,43835,646,0,11,230259,240,Personal,9.56,Semiurban,No,0.263,230259,959.41,1
APP104158,30,Male,Married,Bachelor,0,Business,2,91675,765,0,6,85172,36,Medical,5.51,Urban,Yes,0.31,85172,2365.89,1
APP104159,39,Male,Married,PhD,1,Salaried,10,98986,636,0,15,219260,36,Home,8.67,Urban,No,0.738,219260,6090.56,1
APP104160,38,Male,Married,Bachelor,1,Self-Employed,9,43130,705,0,9,57436,60,Education,7.98,Semiurban,No,0.266,57436,957.27,1
APP104161,43,Male,Single,High School,0,Salaried,15,37640,631,0,2,199180,12,Medical,8.74,Semiurban,No,5.292,199180,16598.33,0
APP104162,34,Male,Single,Bachelor,2,Salaried,7,23659,832,2,0,110009,36,Education,5.33,Urban,Yes,1.55,160009,3055.81,0
APP104163,21,Male,Married,High School,2,Salaried,10,64265,662,0,6,221330,60,Personal,8.96,Urban,Yes,0.689,221330,3688.83,1
APP104164,32,Male,Divorced,Bachelor,2,Unemployed,0,15000,591,1,9,5000,240,Personal,8.71,Urban,No,0.017,30000,20.83,1
APP104165,47,Male,Married,Bachelor,1,Business,1,23571,687,0,6,87339,60,Auto,8.53,Urban,Yes,0.741,87339,1455.65,0
APP104166,34,Female,Married,High School,4,Salaried,13,49613,722,1,17,243466,24,Medical,6.94,Semiurban,No,2.454,268466,10144.42,0
APP104167,35,Male,Divorced,Bachelor,0,Unemployed,0,15000,677,2,10,133852,36,Education,7.39,Urban,No,2.974,183852,3718.11,0
APP104168,49,Female,Married,Bachelor,1,Business,12,71213,614,1,3,13899,36,Auto,7.72,Urban,No,0.065,38899,386.08,1
APP104169,29,Male,Married,Bachelor,0,Salaried,8,61579,762,0,0,93440,24,Business,5.21,Urban,Yes,0.759,93440,3893.33,0
APP104170,21,Male,Married,Bachelor,2,Salaried,2,76882,780,0,9,180686,36,Business,6.42,Urban,No,0.783,180686,5019.06,1
APP104171,36,Male,Married,High School,0,Salaried,14,38131,548,2,12,85127,36,Business,11.08,Urban,No,0.744,135127,2364.64,0
APP104172,32,Female,Married,High School,0,Self-Employed,11,87762,609,0,17,242884,36,Medical,10.34,Urban,No,0.923,242884,6746.78,1
APP104173,26,Male,Single,High School,2,Self-Employed,20,50390,667,0,6,236808,36,Personal,10.38,Urban,No,1.567,236808,6578.0,0
APP104174,35,Male,Single,High School,1,Salaried,1,62838,637,3,16,203417,36,Medical,10.62,Urban,No,1.079,278417,5650.47,0
APP104175,43,Male,Married,Bachelor,0,Salaried,13,66963,722,1,1,232467,60,Home,8.56,Urban,Yes,0.694,257467,3874.45,1
APP104176,37,Male,Married,PhD,1,Salaried,11,181248,827,2,6,108785,60,Medical,6.65,Rural,No,0.12,158785,1813.08,1
APP104177,41,Male,Married,Bachelor,2,Salaried,5,86459,649,0,2,268969,60,Business,9.2,Semiurban,Yes,0.622,268969,4482.82,1
APP104178,59,Female,Married,Bachelor,0,Salaried,16,61086,806,0,11,236050,12,Personal,6.04,Semiurban,Yes,3.864,236050,19670.83,0
APP104179,33,Male,Single,Bachelor,0,Salaried,10,75720,562,1,1,139689,24,Business,12.3,Urban,No,0.922,164689,5820.38,0
APP104180,41,Female,Single,High School,4,Salaried,2,37435,716,1,10,19883,24,Medical,7.9,Rural,No,0.266,44883,828.46,1
APP104181,31,Male,Married,Master,1,Unemployed,0,15000,632,0,1,5000,12,Home,9.6,Rural,Yes,0.333,5000,416.67,0
APP104182,27,Female,Married,PhD,1,Salaried,2,43863,718,1,16,229173,24,Personal,8.81,Urban,No,2.612,254173,9548.88,0
APP104183,30,Female,Married,Bachelor,2,Salaried,5,39793,539,1,6,21114,24,Home,10.94,Semiurban,No,0.265,46114,879.75,0
APP104184,32,Male,Single,High School,1,Salaried,12,78066,577,0,9,76295,60,Medical,10.33,Urban,No,0.195,76295,1271.58,1
APP104185,42,Female,Divorced,Master,0,Salaried,13,38868,718,1,0,188166,60,Personal,6.28,Semiurban,No,0.968,213166,3136.1,0
APP104186,66,Female,Married,High School,0,Self-Employed,9,36634,629,0,0,46019,24,Home,8.96,Rural,Yes,0.628,46019,1917.46,1
APP104187,29,Male,Married,Master,1,Self-Employed,3,89944,654,1,4,344746,24,Personal,8.59,Rural,Yes,1.916,369746,14364.42,0
APP104188,33,Male,Married,Master,3,Salaried,10,76036,826,0,12,168995,24,Medical,5.21,Urban,No,1.111,168995,7041.46,1
APP104189,37,Female,Single,High School,0,Salaried,12,48715,691,1,11,268247,36,Personal,8.99,Rural,No,1.835,293247,7451.31,0
APP104190,42,Male,Married,PhD,0,Salaried,0,77235,752,0,13,233406,36,Home,5.95,Urban,Yes,1.007,233406,6483.5,1
APP104191,41,Male,Married,PhD,3,Salaried,8,113815,619,2,0,5000,12,Business,11.11,Rural,No,0.044,55000,416.67,0
APP104192,53,Female,Married,PhD,0,Self-Employed,6,170034,572,1,10,209556,60,Auto,8.5,Semiurban,No,0.246,234556,3492.6,1
APP104193,21,Male,Married,Bachelor,1,Salaried,13,91665,673,1,5,148709,120,Home,9.14,Rural,No,0.162,173709,1239.24,0
APP104194,21,Female,Single,High School,0,Business,10,55977,560,3,3,145002,60,Business,11.62,Urban,No,0.518,220002,2416.7,0
APP104195,32,Female,Married,Bachelor,1,Self-Employed,10,90340,624,0,5,147968,12,Auto,10.21,Rural,No,1.638,147968,12330.67,0
APP104196,51,Female,Divorced,Bachelor,1,Salaried,5,31346,699,1,7,234377,60,Medical,9.12,Rural,No,1.495,259377,3906.28,0
APP104197,21,Male,Single,High School,0,Salaried,8,29369,671,0,11,281629,36,Business,8.37,Urban,Yes,3.196,281629,7823.03,0
APP104198,21,Male,Single,Bachelor,1,Unemployed,0,15000,706,3,13,54630,120,Home,9.13,Urban,No,0.364,129630,455.25,1
APP104199,44,Male,Divorced,Bachelor,2,Salaried,7,58856,728,2,10,156184,36,Home,6.75,Urban,No,0.885,206184,4338.44,1
APP104200,40,Male,Single,High School,2,Salaried,9,26963,584,2,11,262153,60,Home,9.71,Semiurban,No,1.945,312153,4369.22,0
APP104201,24,Male,Married,High School,1,Salaried,0,15387,604,0,17,133407,12,Auto,11.99,Urban,Yes,8.67,133407,11117.25,0
APP104202,26,Male,Married,High School,1,Self-Employed,7,42293,505,0,11,166238,60,Business,12.08,Urban,No,0.786,166238,2770.63,1
APP104203,26,Male,Married,Bachelor,1,Salaried,0,16785,650,0,6,167382,12,Medical,9.95,Urban,No,9.972,167382,13948.5,0
APP104204,39,Male,Married,Bachelor,1,Unemployed,0,15000,738,1,10,319181,36,Education,7.74,Urban,No,7.093,344181,8866.14,0
APP104205,30,Male,Single,High School,2,Self-Employed,8,38692,799,0,16,209868,120,Business,6.74,Semiurban,No,0.542,209868,1748.9,1
APP104206,43,Female,Single,PhD,2,Business,12,203118,695,0,3,315649,60,Auto,6.09,Semiurban,No,0.311,315649,5260.82,1
APP104207,21,Female,Married,High School,1,Salaried,2,33388,789,1,5,289487,120,Education,6.6,Urban,No,0.867,314487,2412.39,0
APP104208,27,Female,Married,Bachelor,0,Business,10,45189,710,2,15,131836,36,Education,7.82,Urban,No,0.972,181836,3662.11,1
APP104209,24,Male,Married,Master,0,Salaried,16,116204,688,0,6,174062,60,Business,9.21,Urban,No,0.3,174062,2901.03,1
APP104210,34,Female,Married,Master,0,Salaried,4,80882,631,3,11,314172,60,Education,8.58,Urban,No,0.777,389172,5236.2,0
APP104211,31,Female,Single,High School,3,Unemployed,0,15000,489,0,14,58661,36,Auto,13.41,Urban,No,1.304,58661,1629.47,0
APP104212,47,Male,Single,Master,2,Salaried,9,62838,777,0,1,210888,60,Home,5.25,Semiurban,No,0.671,210888,3514.8,0
APP104213,21,Male,Married,Master,1,Unemployed,0,15000,675,2,5,211693,12,Home,8.05,Urban,Yes,14.113,261693,17641.08,0
APP104214,38,Male,Married,Bachelor,0,Salaried,3,85119,791,1,14,127887,24,Personal,4.6,Urban,No,0.751,152887,5328.62,1
APP104215,44,Male,Single,Bachelor,0,Unemployed,0,15000,604,3,7,119565,24,Auto,8.84,Rural,No,3.986,194565,4981.88,0
APP104216,60,Male,Single,High School,3,Salaried,19,44685,850,1,0,130543,36,Medical,5.01,Urban,Yes,0.974,155543,3626.19,0
APP104217,32,Male,Single,Bachelor,3,Business,1,215072,660,3,5,206195,36,Home,10.17,Urban,No,0.32,281195,5727.64,1
APP104218,41,Female,Single,Bachelor,0,Salaried,3,52985,624,0,11,267837,60,Home,9.55,Semiurban,No,1.011,267837,4463.95,0
APP104219,21,Male,Married,Master,2,Salaried,5,36742,662,1,14,209121,24,Business,7.48,Semiurban,Yes,2.846,234121,8713.38,0
APP104220,21,Male,Divorced,Bachelor,1,Self-Employed,4,41923,693,4,8,49378,60,Auto,6.03,Urban,No,0.236,149378,822.97,1
APP104221,48,Female,Married,Bachelor,0,Business,19,79697,674,0,10,270468,36,Medical,9.19,Semiurban,No,1.131,270468,7513.0,0
APP104222,37,Male,Divorced,High School,2,Salaried,4,68578,638,0,6,245434,60,Medical,8.58,Semiurban,Yes,0.716,245434,4090.57,0
APP104223,52,Female,Divorced,High School,1,Salaried,5,38738,535,0,12,130351,60,Business,10.78,Semiurban,No,0.673,130351,2172.52,1
APP104224,21,Male,Married,High School,2,Salaried,17,69405,615,2,15,97641,60,Medical,10.78,Rural,No,0.281,147641,1627.35,1
APP104225,44,Female,Single,High School,0,Salaried,11,49602,765,1,11,77345,24,Medical,6.57,Rural,Yes,0.78,102345,3222.71,1
APP104226,60,Male,Married,Bachelor,0,Salaried,13,87084,609,1,7,235946,60,Business,9.52,Semiurban,No,0.542,260946,3932.43,1
APP104227,43,Male,Single,Master,0,Business,2,135874,542,2,10,5000,60,Education,11.32,Rural,No,0.007,55000,83.33,1
APP104228,41,Male,Single,Bachelor,0,Salaried,4,69481,595,2,12,237909,120,Home,11.58,Semiurban,Yes,0.342,287909,1982.58,1
APP104229,38,Female,Single,Bachelor,1,Salaried,1,78817,672,1,8,113893,60,Business,8.81,Semiurban,Yes,0.289,138893,1898.22,1
APP104230,21,Female,Married,Bachelor,0,Unemployed,0,15000,619,2,12,172792,60,Auto,7.46,Rural,No,2.304,222792,2879.87,0
APP104231,54,Male,Single,High School,1,Salaried,15,32275,657,1,9,5000,120,Home,8.04,Rural,No,0.015,30000,41.67,1
APP104232,30,Female,Single,High School,1,Self-Employed,4,57740,616,1,15,8132,24,Home,9.4,Rural,Yes,0.07,33132,338.83,1
APP104233,44,Male,Married,High School,2,Self-Employed,5,91163,760,0,11,95650,60,Education,7.66,Semiurban,No,0.21,95650,1594.17,1
APP104234,21,Female,Married,Bachelor,1,Business,6,32221,719,0,5,77008,36,Home,6.38,Semiurban,Yes,0.797,77008,2139.11,1
APP104235,23,Female,Married,High School,2,Self-Employed,0,15000,850,2,15,210673,120,Auto,5.15,Urban,No,1.404,260673,1755.61,0
APP104236,55,Male,Married,High School,0,Self-Employed,3,44861,649,0,10,174256,36,Business,8.94,Semiurban,No,1.295,174256,4840.44,0
APP104237,33,Male,Single,Bachelor,0,Salaried,12,85771,657,0,7,304725,60,Business,9.88,Semiurban,Yes,0.711,304725,5078.75,1
APP104238,55,Female,Single,PhD,0,Salaried,2,98055,774,1,1,191066,36,Auto,5.52,Urban,No,0.65,216066,5307.39,0
APP104239,37,Female,Married,Bachelor,0,Business,8,46150,711,1,9,97993,60,Medical,7.95,Urban,Yes,0.425,122993,1633.22,1
APP104240,21,Female,Married,Master,0,Salaried,0,80570,604,0,17,247867,12,Home,11.45,Urban,Yes,3.076,247867,20655.58,0
APP104241,48,Female,Married,Bachelor,0,Salaried,7,16675,724,2,0,112954,60,Personal,8.42,Semiurban,Yes,1.355,162954,1882.57,0
APP104242,30,Male,Married,Bachelor,1,Business,4,113584,711,1,0,108360,24,Auto,8.38,Semiurban,No,0.477,133360,4515.0,0
APP104243,46,Female,Married,Bachelor,4,Self-Employed,0,62726,536,2,11,150169,24,Auto,10.97,Urban,Yes,1.197,200169,6257.04,0
APP104244,38,Male,Divorced,Master,0,Salaried,12,75333,627,1,9,279535,12,Personal,9.61,Rural,No,3.711,304535,23294.58,0
APP104245,21,Female,Married,High School,2,Unemployed,0,15000,695,0,11,234084,36,Home,7.99,Semiurban,Yes,5.202,234084,6502.33,0
APP104246,39,Male,Single,High School,0,Business,2,68399,795,0,5,231590,36,Auto,6.96,Semiurban,No,1.129,231590,6433.06,0
APP104247,64,Male,Married,High School,2,Unemployed,0,15000,735,0,0,306841,24,Auto,7.83,Semiurban,No,10.228,306841,12785.04,0
APP104248,43,Male,Single,Bachelor,1,Unemployed,0,15000,634,0,3,229694,24,Auto,8.69,Rural,No,7.656,229694,9570.58,0
APP104249,37,Male,Single,Master,3,Salaried,0,103900,623,0,15,51723,120,Medical,11.29,Rural,Yes,0.05,51723,431.02,1
APP104250,50,Male,Single,High School,0,Business,0,16425,743,3,5,193065,36,Medical,8.34,Rural,No,3.918,268065,5362.92,0
APP104251,40,Female,Married,High School,0,Self-Employed,15,45564,485,2,5,279852,60,Education,11.43,Urban,No,1.228,329852,4664.2,0
APP104252,40,Female,Single,Master,0,Business,1,64336,615,1,0,28541,24,Personal,9.36,Urban,No,0.222,53541,1189.21,1
APP104253,24,Male,Single,Bachelor,1,Business,15,42447,792,0,0,148770,120,Medical,6.0,Semiurban,Yes,0.35,148770,1239.75,0
APP104254,40,Female,Married,Bachelor,3,Salaried,0,73378,703,0,13,64571,60,Business,8.76,Rural,No,0.176,64571,1076.18,1
APP104255,50,Female,Married,Master,2,Salaried,11,64374,619,0,6,160277,60,Home,8.81,Urban,No,0.498,160277,2671.28,1
APP104256,27,Male,Married,Bachelor,2,Salaried,6,56430,583,3,12,240818,36,Education,9.67,Urban,No,1.423,315818,6689.39,0
APP104257,55,Male,Married,Bachelor,1,Business,6,64886,747,1,4,257418,120,Home,7.94,Rural,No,0.397,282418,2145.15,1
APP104258,36,Female,Single,High School,3,Business,19,72717,686,2,0,135265,36,Auto,8.84,Semiurban,Yes,0.62,185265,3757.36,1
APP104259,27,Female,Single,High School,1,Salaried,0,53871,662,1,6,202911,60,Business,6.81,Semiurban,No,0.753,227911,3381.85,1
APP104260,49,Male,Single,Bachelor,0,Self-Employed,11,137107,709,1,5,29674,60,Home,8.48,Semiurban,No,0.043,54674,494.57,1
APP104261,34,Male,Married,Bachelor,2,Business,11,83213,693,1,3,10123,240,Home,6.67,Urban,No,0.006,35123,42.18,1
APP104262,47,Male,Married,PhD,0,Salaried,28,38063,687,0,3,239567,24,Education,7.63,Rural,No,3.147,239567,9981.96,0
APP104263,34,Male,Single,PhD,0,Salaried,1,75844,574,0,7,5000,24,Home,10.16,Semiurban,No,0.033,5000,208.33,1
APP104264,37,Male,Single,Master,0,Salaried,4,105529,597,2,5,95013,36,Education,9.59,Semiurban,No,0.3,145013,2639.25,1
APP104265,43,Male,Divorced,High School,1,Unemployed,0,15000,739,1,3,204152,120,Personal,6.57,Semiurban,No,1.361,229152,1701.27,0
APP104266,41,Female,Married,PhD,1,Business,6,55072,724,0,17,167649,12,Home,6.48,Urban,Yes,3.044,167649,13970.75,0
APP104267,21,Female,Married,Bachelor,0,Salaried,5,41204,710,1,10,5000,36,Auto,8.31,Semiurban,Yes,0.04,30000,138.89,1
APP104268,24,Male,Single,High School,2,Salaried,13,32666,633,0,8,192052,36,Personal,7.73,Urban,No,1.96,192052,5334.78,0
APP104269,49,Male,Single,Bachelor,2,Self-Employed,6,39519,741,1,7,81096,36,Business,6.65,Urban,No,0.684,106096,2252.67,1
APP104270,36,Female,Married,High School,3,Business,2,68708,650,0,11,159665,12,Home,9.79,Semiurban,No,2.324,159665,13305.42,0
APP104271,31,Female,Married,High School,1,Self-Employed,12,48740,784,3,10,100080,120,Auto,6.72,Semiurban,No,0.205,175080,834.0,1
APP104272,21,Female,Married,Master,2,Salaried,10,103665,620,0,2,94624,12,Business,8.22,Rural,Yes,0.913,94624,7885.33,1
APP104273,25,Female,Married,Bachelor,2,Salaried,6,48853,637,1,0,6029,36,Business,7.33,Semiurban,Yes,0.041,31029,167.47,1
APP104274,21,Male,Married,High School,0,Unemployed,0,15000,667,0,0,121277,12,Home,7.57,Urban,No,8.085,121277,10106.42,0
APP104275,36,Female,Married,Bachelor,0,Salaried,2,47693,747,0,16,248895,60,Home,4.88,Urban,No,1.044,248895,4148.25,1
APP104276,30,Male,Single,Master,1,Salaried,12,41287,677,1,5,116189,60,Business,8.55,Urban,No,0.563,141189,1936.48,0
APP104277,26,Male,Married,Bachelor,0,Business,5,69636,683,4,10,119824,60,Education,7.88,Rural,No,0.344,219824,1997.07,1
APP104278,37,Male,Married,High School,0,Unemployed,0,15000,648,1,9,93639,60,Home,8.66,Urban,Yes,1.249,118639,1560.65,0
APP104279,42,Male,Single,High School,1,Self-Employed,0,87952,701,0,12,47110,120,Personal,8.49,Semiurban,Yes,0.054,47110,392.58,1
APP104280,63,Female,Married,High School,0,Self-Employed,10,53392,674,1,7,70177,36,Home,9.39,Urban,No,0.438,95177,1949.36,1
APP104281,21,Female,Married,PhD,0,Salaried,4,64183,617,0,1,167726,120,Auto,9.9,Semiurban,No,0.261,167726,1397.72,1
APP104282,51,Male,Divorced,Bachelor,1,Salaried,0,50558,690,1,2,346739,24,Home,7.98,Urban,No,3.429,371739,14447.46,0
APP104283,49,Male,Married,Bachelor,2,Salaried,0,15000,692,0,6,228043,36,Medical,7.46,Semiurban,Yes,5.068,228043,6334.53,0
APP104284,28,Male,Married,Bachelor,2,Self-Employed,6,115030,850,2,0,199603,12,Personal,4.65,Semiurban,No,1.735,249603,16633.58,0
APP104285,40,Male,Married,Master,1,Salaried,6,121437,631,0,3,309319,36,Home,9.59,Urban,Yes,0.849,309319,8592.19,0
APP104286,32,Male,Married,Bachelor,1,Business,6,94032,612,0,2,187434,36,Home,10.69,Urban,No,0.664,187434,5206.5,1
APP104287,40,Female,Married,Bachelor,1,Salaried,5,67986,702,2,6,235970,120,Business,6.57,Rural,No,0.347,285970,1966.42,1
APP104288,56,Female,Married,High School,0,Salaried,0,19815,600,3,5,167113,36,Education,8.87,Semiurban,No,2.811,242113,4642.03,0
APP104289,45,Female,Single,High School,0,Salaried,2,21088,594,0,8,186161,60,Home,10.11,Semiurban,Yes,1.766,186161,3102.68,0
APP104290,44,Female,Married,PhD,2,Self-Employed,15,33729,565,0,12,37319,120,Personal,8.59,Urban,Yes,0.111,37319,310.99,1
APP104291,32,Male,Married,PhD,1,Salaried,14,89557,618,1,6,125202,36,Education,9.93,Semiurban,No,0.466,150202,3477.83,1
APP104292,21,Male,Married,PhD,2,Business,11,207662,620,1,0,105046,24,Auto,10.66,Urban,No,0.253,130046,4376.92,1
APP104293,35,Male,Single,PhD,2,Salaried,10,80671,577,3,0,100802,60,Auto,12.82,Urban,No,0.25,175802,1680.03,0
APP104294,52,Male,Married,Master,0,Self-Employed,13,107160,659,0,8,96107,36,Education,8.9,Rural,No,0.299,96107,2669.64,1
APP104295,21,Female,Married,Bachelor,1,Self-Employed,1,101365,490,0,4,264480,60,Education,13.06,Urban,No,0.522,264480,4408.0,1
APP104296,25,Male,Divorced,Master,1,Salaried,8,25216,719,0,7,120516,24,Auto,7.64,Semiurban,No,2.39,120516,5021.5,0
APP104297,39,Male,Married,Bachelor,1,Self-Employed,1,127366,635,1,9,138443,24,Education,10.92,Urban,No,0.543,163443,5768.46,1
APP104298,26,Male,Married,High School,1,Self-Employed,1,74703,647,2,15,331179,60,Auto,8.64,Urban,No,0.887,381179,5519.65,1
APP104299,28,Female,Single,High School,4,Business,10,76489,726,2,0,212036,240,Home,7.81,Rural,No,0.139,262036,883.48,1
APP104300,32,Male,Married,PhD,2,Business,13,199445,709,3,2,150636,24,Business,8.42,Urban,Yes,0.378,225636,6276.5,1
APP104301,21,Female,Single,High School,3,Salaried,6,58993,629,0,7,234671,60,Business,9.81,Urban,No,0.796,234671,3911.18,1
APP104302,26,Female,Married,Master,0,Salaried,17,87510,716,1,2,96471,60,Medical,6.91,Semiurban,Yes,0.22,121471,1607.85,1
APP104303,46,Male,Married,High School,0,Salaried,9,66994,803,2,0,116027,120,Home,4.57,Rural,No,0.173,166027,966.89,1
APP104304,22,Male,Married,High School,0,Unemployed,0,15000,599,2,14,121067,36,Auto,11.04,Semiurban,No,2.69,171067,3362.97,0
APP104305,21,Female,Married,High School,0,Salaried,1,50081,740,0,2,169964,240,Personal,7.45,Rural,Yes,0.17,169964,708.18,1
APP104306,30,Male,Married,High School,1,Self-Employed,14,78154,590,1,1,187337,12,Home,10.28,Semiurban,No,2.397,212337,15611.42,0
APP104307,46,Female,Single,High School,1,Self-Employed,8,15000,774,1,2,74062,240,Business,7.41,Urban,Yes,0.247,99062,308.59,1
APP104308,35,Male,Single,High School,1,Self-Employed,12,59597,623,1,13,182559,120,Home,10.39,Semiurban,No,0.306,207559,1521.32,1
APP104309,32,Male,Divorced,Master,3,Salaried,0,101549,619,0,4,198356,120,Medical,9.98,Urban,No,0.195,198356,1652.97,1
APP104310,38,Female,Married,High School,3,Salaried,9,15000,771,1,1,112584,120,Business,7.22,Urban,Yes,0.751,137584,938.2,0
APP104311,21,Female,Married,High School,0,Salaried,4,46931,737,1,3,136757,120,Business,6.73,Urban,No,0.291,161757,1139.64,1
APP104312,43,Female,Single,High School,3,Salaried,0,28110,625,0,7,59043,120,Personal,10.03,Urban,No,0.21,59043,492.02,1
APP104313,42,Female,Single,Bachelor,1,Salaried,7,69920,690,0,12,29286,120,Personal,6.63,Urban,No,0.042,29286,244.05,1
APP104314,33,Female,Single,Bachelor,1,Salaried,14,57625,623,0,12,58230,36,Auto,9.56,Urban,No,0.337,58230,1617.5,1
APP104315,50,Female,Single,Bachelor,2,Self-Employed,21,43610,552,1,4,207650,120,Auto,11.71,Urban,Yes,0.476,232650,1730.42,1
APP104316,24,Female,Married,High School,0,Salaried,9,61419,695,1,5,191841,36,Auto,7.38,Urban,No,1.041,216841,5328.92,0
APP104317,51,Male,Single,High School,3,Salaried,3,34678,651,1,18,304203,60,Home,9.12,Urban,No,1.754,329203,5070.05,0
APP104318,39,Male,Married,Bachelor,2,Salaried,3,66749,604,1,12,153062,60,Auto,10.22,Rural,Yes,0.459,178062,2551.03,1
APP104319,33,Female,Single,Master,3,Salaried,13,120706,784,0,6,154136,120,Personal,5.43,Semiurban,No,0.128,154136,1284.47,1
APP104320,37,Male,Married,High School,4,Salaried,2,25957,607,0,0,176971,60,Auto,10.99,Urban,No,1.364,176971,2949.52,0
APP104321,36,Male,Divorced,Bachelor,1,Salaried,11,60201,691,0,5,64643,12,Personal,8.5,Semiurban,No,1.074,64643,5386.92,0
APP104322,52,Male,Single,High School,0,Self-Employed,9,39998,766,0,1,222272,60,Home,5.0,Semiurban,No,1.111,222272,3704.53,0
APP104323,25,Male,Married,High School,0,Salaried,9,37236,659,1,3,180566,12,Home,8.91,Urban,No,4.849,205566,15047.17,0
APP104324,28,Male,Single,Bachelor,0,Unemployed,0,15000,621,4,3,74211,60,Education,11.03,Semiurban,No,0.989,174211,1236.85,0
APP104325,50,Male,Single,Bachelor,0,Salaried,5,71419,703,0,6,179733,120,Business,7.94,Rural,No,0.252,179733,1497.78,1
APP104326,30,Female,Married,High School,2,Unemployed,0,15000,716,3,8,210676,120,Home,7.03,Semiurban,Yes,1.405,285676,1755.63,0
APP104327,48,Male,Married,High School,0,Business,4,76757,750,1,4,43483,120,Education,6.46,Rural,No,0.057,68483,362.36,1
APP104328,58,Male,Married,PhD,4,Self-Employed,13,135852,829,0,1,234584,60,Medical,5.26,Urban,No,0.345,234584,3909.73,1
APP104329,33,Male,Married,Master,2,Unemployed,0,15000,643,0,7,113980,24,Business,7.93,Rural,No,3.799,113980,4749.17,0
APP104330,46,Male,Married,Master,0,Salaried,9,152644,695,1,5,5000,60,Home,9.5,Semiurban,Yes,0.007,30000,83.33,1
APP104331,24,Male,Single,Bachelor,1,Salaried,4,23390,578,1,0,227757,60,Auto,11.36,Semiurban,No,1.947,252757,3795.95,0
APP104332,47,Female,Married,Bachelor,1,Salaried,17,103314,733,0,11,257418,36,Auto,8.42,Semiurban,No,0.831,257418,7150.5,1
APP104333,40,Male,Single,High School,1,Salaried,4,52815,694,0,4,60116,36,Business,6.62,Urban,Yes,0.379,60116,1669.89,1
APP104334,43,Female,Married,High School,1,Salaried,1,45163,665,2,6,16319,120,Personal,8.83,Semiurban,No,0.036,66319,135.99,1
APP104335,30,Male,Married,Bachelor,0,Self-Employed,12,62835,630,0,6,256228,60,Home,10.48,Urban,Yes,0.816,256228,4270.47,1
APP104336,21,Male,Single,Bachelor,2,Salaried,10,125129,652,2,7,100611,60,Education,8.01,Urban,No,0.161,150611,1676.85,1
APP104337,44,Male,Married,High School,1,Salaried,4,52578,698,0,8,257590,36,Personal,7.97,Urban,No,1.633,257590,7155.28,0
APP104338,21,Male,Divorced,Master,2,Salaried,8,78574,602,1,1,6643,60,Home,8.86,Urban,No,0.017,31643,110.72,1
APP104339,34,Female,Married,High School,2,Self-Employed,10,39159,655,1,9,262412,12,Business,9.73,Rural,No,6.701,287412,21867.67,0
APP104340,49,Female,Single,High School,0,Unemployed,0,15000,681,1,6,235868,120,Auto,8.17,Urban,Yes,1.572,260868,1965.57,0
APP104341,40,Male,Married,High School,0,Salaried,10,42885,556,0,13,193245,36,Personal,10.79,Urban,No,1.502,193245,5367.92,0
APP104342,61,Male,Divorced,Bachelor,2,Salaried,4,36734,595,0,12,5000,60,Home,8.97,Rural,No,0.027,5000,83.33,1
APP104343,50,Male,Single,High School,4,Salaried,11,53893,627,1,14,121007,60,Auto,11.01,Urban,No,0.449,146007,2016.78,1
APP104344,30,Male,Married,High School,1,Business,8,46051,805,0,3,230601,60,Home,5.95,Urban,No,1.002,230601,3843.35,0
APP104345,38,Female,Single,Bachelor,0,Salaried,5,85123,613,1,14,15040,12,Home,10.53,Semiurban,No,0.177,40040,1253.33,1
APP104346,37,Male,Single,Bachelor,0,Unemployed,0,15000,675,2,8,108212,120,Personal,8.88,Urban,No,0.721,158212,901.77,0
APP104347,21,Female,Married,Bachelor,0,Salaried,7,58614,596,2,11,181715,120,Education,9.17,Semiurban,No,0.31,231715,1514.29,1
APP104348,26,Male,Married,High School,0,Salaried,0,52155,617,0,11,57282,120,Business,8.02,Urban,No,0.11,57282,477.35,1
APP104349,31,Male,Married,Bachelor,1,Unemployed,0,15000,564,1,10,254040,36,Education,10.53,Semiurban,No,5.645,279040,7056.67,0
APP104350,21,Male,Divorced,Bachelor,2,Unemployed,0,15000,733,1,2,238208,60,Home,8.45,Urban,No,3.176,263208,3970.13,0
APP104351,38,Male,Single,High School,0,Self-Employed,0,86765,573,0,12,169375,60,Home,8.57,Rural,Yes,0.39,169375,2822.92,1
APP104352,35,Female,Single,Master,0,Salaried,4,69688,752,0,9,184722,60,Education,8.91,Semiurban,No,0.53,184722,3078.7,1
APP104353,21,Male,Divorced,Bachelor,1,Self-Employed,22,92867,717,0,0,106762,60,Business,8.49,Rural,No,0.23,106762,1779.37,1
APP104354,42,Female,Single,High School,3,Salaried,1,54663,673,1,5,197176,60,Education,8.73,Urban,Yes,0.721,222176,3286.27,0
APP104355,46,Male,Married,PhD,1,Salaried,5,15000,755,2,1,102182,12,Education,6.78,Semiurban,No,6.812,152182,8515.17,0
APP104356,40,Female,Married,Master,4,Salaried,2,56649,850,2,0,134257,36,Business,5.86,Semiurban,No,0.79,184257,3729.36,0
APP104357,34,Male,Single,PhD,1,Salaried,7,129614,718,1,12,110607,60,Home,6.42,Rural,No,0.171,135607,1843.45,1
APP104358,45,Female,Single,Bachelor,0,Self-Employed,3,73867,590,1,0,264842,120,Business,10.64,Semiurban,No,0.359,289842,2207.02,0
APP104359,46,Female,Married,High School,0,Salaried,6,54056,799,3,1,246564,120,Auto,6.33,Rural,Yes,0.456,321564,2054.7,0
APP104360,41,Female,Married,High School,2,Unemployed,0,15000,694,1,17,69724,120,Business,9.92,Urban,No,0.465,94724,581.03,1
APP104361,28,Male,Married,Bachelor,1,Salaried,14,90734,848,1,5,257009,36,Home,4.67,Urban,Yes,0.944,282009,7139.14,1
APP104362,41,Female,Married,PhD,1,Salaried,8,100561,639,2,11,86158,36,Home,9.26,Urban,No,0.286,136158,2393.28,1
APP104363,52,Male,Married,Bachelor,2,Self-Employed,1,114722,782,0,13,298229,36,Home,6.29,Urban,No,0.867,298229,8284.14,1
APP104364,30,Male,Single,Master,2,Business,13,69223,679,0,11,275676,36,Medical,7.9,Urban,No,1.327,275676,7657.67,0
APP104365,63,Male,Single,High School,0,Unemployed,0,15000,850,2,8,325421,12,Home,6.48,Semiurban,No,21.695,375421,27118.42,0
APP104366,31,Male,Married,Bachelor,2,Business,0,67747,657,2,7,173435,24,Auto,7.89,Semiurban,No,1.28,223435,7226.46,0
APP104367,38,Female,Single,Master,1,Salaried,7,90630,850,0,10,127560,24,Business,3.48,Urban,No,0.704,127560,5315.0,1
APP104368,29,Male,Single,Master,1,Unemployed,0,15000,715,2,6,125778,60,Auto,7.94,Urban,No,1.677,175778,2096.3,0
APP104369,40,Male,Married,PhD,1,Unemployed,0,15000,747,0,11,180014,36,Home,6.34,Rural,No,4.0,180014,5000.39,0
APP104370,21,Female,Married,Master,1,Salaried,0,55095,816,1,6,68878,36,Home,5.93,Urban,No,0.417,93878,1913.28,1
APP104371,31,Male,Single,Bachelor,0,Self-Employed,12,58177,616,0,7,5000,36,Auto,10.31,Urban,Yes,0.029,5000,138.89,1
APP104372,24,Female,Married,Bachelor,1,Self-Employed,4,71691,757,4,17,118026,36,Education,7.01,Urban,Yes,0.549,218026,3278.5,1
APP104373,39,Male,Married,Master,0,Salaried,11,15000,656,2,5,153274,60,Auto,8.9,Urban,No,2.044,203274,2554.57,0
APP104374,49,Male,Single,Bachelor,1,Unemployed,0,15000,692,0,8,194442,24,Personal,6.1,Urban,No,6.481,194442,8101.75,0
APP104375,45,Male,Divorced,High School,0,Salaried,8,43035,686,2,10,181777,12,Home,8.84,Urban,Yes,4.224,231777,15148.08,0
APP104376,21,Female,Single,Bachelor,0,Self-Employed,18,15000,725,2,10,161266,60,Auto,7.7,Urban,No,2.15,211266,2687.77,0
APP104377,62,Female,Married,Bachelor,0,Salaried,0,55171,722,1,9,243557,24,Business,9.43,Urban,No,2.207,268557,10148.21,0
APP104378,41,Female,Single,High School,1,Salaried,14,35399,633,3,1,80190,60,Medical,10.48,Semiurban,No,0.453,155190,1336.5,0
APP104379,28,Male,Married,Bachelor,3,Business,12,110326,689,4,8,96238,12,Auto,6.74,Urban,No,0.872,196238,8019.83,1
APP104380,39,Male,Single,High School,0,Salaried,0,30239,493,0,9,318733,24,Business,13.2,Urban,Yes,5.27,318733,13280.54,0
APP104381,40,Male,Married,Bachelor,1,Salaried,11,99237,759,0,13,5000,24,Education,5.52,Semiurban,Yes,0.025,5000,208.33,1
APP104382,29,Male,Married,Master,0,Unemployed,0,15000,815,0,11,239522,36,Home,6.53,Urban,No,5.323,239522,6653.39,0
APP104383,40,Male,Married,Bachelor,2,Business,8,33288,695,1,14,195072,36,Business,9.55,Semiurban,No,1.953,220072,5418.67,0
APP104384,30,Female,Married,Master,0,Self-Employed,10,82510,551,0,2,149889,36,Home,12.85,Semiurban,No,0.606,149889,4163.58,0
APP104385,33,Male,Single,High School,0,Salaried,5,68725,739,0,3,221693,60,Business,6.82,Rural,No,0.645,221693,3694.88,0
APP104386,29,Male,Married,PhD,0,Salaried,8,68094,618,4,9,207479,60,Medical,10.35,Urban,Yes,0.609,307479,3457.98,1
APP104387,21,Female,Single,High School,4,Business,9,61611,694,1,13,33256,36,Auto,9.13,Semiurban,No,0.18,58256,923.78,1
APP104388,39,Female,Divorced,High School,1,Business,12,99858,734,2,6,72086,60,Home,7.79,Semiurban,No,0.144,122086,1201.43,1
APP104389,45,Male,Single,Master,0,Salaried,0,60430,723,4,4,111545,240,Business,5.87,Semiurban,No,0.092,211545,464.77,0
APP104390,44,Male,Married,Master,0,Self-Employed,15,137396,766,0,0,5000,24,Auto,6.83,Urban,No,0.018,5000,208.33,1
APP104391,47,Male,Married,High School,0,Salaried,1,26075,691,1,9,149308,24,Home,8.75,Urban,No,2.863,174308,6221.17,0
APP104392,41,Male,Married,PhD,0,Salaried,12,15000,693,0,7,201001,120,Auto,8.14,Semiurban,No,1.34,201001,1675.01,0
APP104393,31,Female,Single,Bachelor,2,Salaried,8,90713,738,1,5,243258,36,Home,6.38,Urban,No,0.894,268258,6757.17,1
APP104394,48,Male,Married,PhD,1,Salaried,0,113549,674,0,12,156237,120,Business,8.32,Semiurban,No,0.138,156237,1301.97,1
APP104395,21,Female,Married,Bachelor,1,Salaried,11,72614,624,0,7,90034,36,Auto,10.42,Urban,No,0.413,90034,2500.94,1
APP104396,27,Female,Divorced,Bachelor,0,Self-Employed,2,39211,716,0,8,167920,12,Education,8.07,Semiurban,No,4.282,167920,13993.33,0
APP104397,26,Male,Married,Bachelor,1,Salaried,14,34666,589,1,12,143701,36,Education,10.69,Urban,No,1.382,168701,3991.69,0
APP104398,50,Male,Married,High School,0,Business,3,93198,673,3,18,212806,60,Business,8.29,Urban,Yes,0.457,287806,3546.77,1
APP104399,49,Male,Married,Bachelor,0,Self-Employed,0,79296,569,0,5,146369,36,Business,11.05,Rural,No,0.615,146369,4065.81,0
APP104400,43,Female,Single,Bachelor,2,Self-Employed,17,68476,635,1,3,221156,36,Auto,7.19,Urban,No,1.077,246156,6143.22,0
APP104401,50,Male,Married,High School,0,Salaried,9,45866,638,1,3,129086,240,Home,9.2,Rural,Yes,0.141,154086,537.86,1
APP104402,27,Male,Single,High School,1,Salaried,13,68398,601,1,10,253218,60,Auto,9.6,Urban,No,0.74,278218,4220.3,1
APP104403,42,Male,Married,High School,3,Self-Employed,2,65597,768,3,2,164203,60,Home,6.67,Semiurban,No,0.501,239203,2736.72,0
APP104404,36,Male,Married,Master,0,Salaried,0,62574,761,0,6,102169,60,Personal,5.61,Urban,Yes,0.327,102169,1702.82,1
APP104405,48,Female,Married,Bachelor,3,Business,18,37369,785,0,6,123349,12,Personal,6.67,Urban,No,3.301,123349,10279.08,0
APP104406,36,Male,Divorced,Master,0,Salaried,7,97111,664,0,15,208163,60,Auto,10.64,Semiurban,Yes,0.429,208163,3469.38,1
APP104407,33,Male,Married,PhD,0,Salaried,10,59041,645,1,13,48342,240,Home,9.18,Semiurban,No,0.041,73342,201.42,1
APP104408,44,Male,Married,Bachelor,1,Self-Employed,11,36528,744,0,0,139636,60,Auto,7.17,Rural,No,0.765,139636,2327.27,0
APP104409,48,Male,Married,PhD,1,Unemployed,0,15000,690,0,15,235536,36,Medical,10.71,Rural,No,5.234,235536,6542.67,0
APP104410,29,Female,Married,High School,0,Salaried,9,57267,689,2,1,191350,36,Home,7.27,Urban,No,1.114,241350,5315.28,0
APP104411,37,Female,Single,High School,2,Salaried,17,48749,476,0,8,57935,36,Education,12.97,Urban,Yes,0.396,57935,1609.31,1
APP104412,25,Male,Single,Bachelor,4,Business,7,43560,740,0,3,174899,60,Home,8.78,Rural,No,0.803,174899,2914.98,0
APP104413,21,Male,Single,Bachelor,0,Salaried,13,104731,729,3,6,42639,12,Medical,7.03,Urban,No,0.407,117639,3553.25,1
APP104414,40,Male,Married,Master,3,Salaried,0,111438,679,1,3,164923,36,Medical,9.27,Rural,No,0.493,189923,4581.19,1
APP104415,45,Male,Married,Bachelor,1,Salaried,14,52405,745,1,16,260387,36,Education,7.27,Urban,Yes,1.656,285387,7232.97,1
APP104416,41,Male,Single,High School,3,Salaried,0,32982,728,0,7,155872,60,Education,6.37,Rural,No,0.945,155872,2597.87,0
APP104417,21,Female,Married,Bachelor,0,Self-Employed,14,74354,624,1,9,59447,60,Auto,9.36,Urban,Yes,0.16,84447,990.78,1
APP104418,33,Male,Divorced,Bachelor,2,Salaried,10,48039,662,1,2,134720,60,Business,8.73,Urban,No,0.561,159720,2245.33,0
APP104419,21,Female,Married,High School,0,Unemployed,0,15000,599,2,0,165557,24,Auto,9.38,Semiurban,No,5.519,215557,6898.21,0
APP104420,54,Male,Married,Bachelor,3,Business,7,75542,796,1,5,237368,24,Business,4.47,Semiurban,No,1.571,262368,9890.33,0
APP104421,24,Female,Single,Master,2,Unemployed,0,15000,758,2,10,236650,120,Personal,6.43,Urban,No,1.578,286650,1972.08,0
APP104422,53,Male,Single,Master,1,Salaried,3,129623,614,0,7,62861,120,Medical,8.22,Semiurban,No,0.048,62861,523.84,1
APP104423,49,Female,Single,Bachelor,0,Salaried,6,45773,729,0,12,124072,120,Education,7.96,Rural,Yes,0.271,124072,1033.93,0
APP104424,27,Male,Single,High School,2,Unemployed,0,15000,702,1,8,181493,24,Personal,8.51,Semiurban,Yes,6.05,206493,7562.21,0
APP104425,24,Male,Single,High School,1,Salaried,15,53819,625,0,8,101618,12,Education,8.23,Rural,Yes,1.888,101618,8468.17,0
APP104426,42,Female,Married,Bachelor,1,Business,2,87803,689,2,10,189870,60,Home,8.3,Urban,Yes,0.432,239870,3164.5,1
APP104427,27,Male,Single,Master,1,Salaried,9,46377,748,1,8,42157,120,Business,5.7,Urban,No,0.091,67157,351.31,1
APP104428,39,Female,Single,High School,2,Business,8,61735,755,1,12,170912,24,Medical,6.54,Semiurban,No,1.384,195912,7121.33,0
APP104429,32,Female,Single,High School,0,Unemployed,0,15000,850,2,10,232185,120,Home,4.33,Semiurban,No,1.548,282185,1934.88,0
APP104430,21,Male,Married,PhD,0,Salaried,1,95051,687,1,12,154316,24,Business,8.74,Urban,No,0.812,179316,6429.83,1
APP104431,21,Male,Married,Master,3,Salaried,10,103115,660,1,11,164059,36,Personal,7.18,Urban,No,0.53,189059,4557.19,1
APP104432,40,Male,Married,Bachelor,1,Salaried,13,102944,724,1,14,217544,36,Home,8.5,Rural,Yes,0.704,242544,6042.89,1
APP104433,31,Male,Single,High School,0,Salaried,2,22962,665,1,12,114471,24,Education,9.93,Urban,Yes,2.493,139471,4769.62,0
APP104434,31,Male,Married,High School,0,Salaried,19,37616,633,3,16,199762,120,Home,9.2,Urban,No,0.531,274762,1664.68,1
APP104435,46,Female,Single,High School,3,Self-Employed,17,39378,605,2,5,147555,36,Business,8.55,Urban,No,1.249,197555,4098.75,0
APP104436,52,Male,Single,Bachelor,0,Salaried,11,66843,405,0,12,77352,24,Education,11.81,Semiurban,Yes,0.579,77352,3223.0,1
APP104437,34,Male,Married,High School,1,Salaried,0,15368,738,2,1,222184,24,Auto,8.34,Rural,No,7.229,272184,9257.67,0
APP104438,33,Male,Divorced,Master,3,Salaried,10,47818,548,2,12,262074,36,Home,13.02,Urban,No,1.827,312074,7279.83,0
APP104439,44,Male,Married,PhD,0,Salaried,9,28319,609,1,8,242681,12,Personal,9.86,Semiurban,Yes,8.57,267681,20223.42,0
APP104440,21,Male,Divorced,High School,2,Salaried,11,16829,703,1,12,222180,24,Auto,6.78,Rural,No,6.601,247180,9257.5,0
APP104441,40,Female,Married,Bachelor,1,Self-Employed,17,52186,654,1,16,190851,12,Medical,7.82,Semiurban,No,3.657,215851,15904.25,0
APP104442,44,Female,Single,Bachelor,2,Business,6,152658,850,0,12,179035,12,Auto,6.18,Semiurban,No,1.173,179035,14919.58,1
APP104443,46,Male,Divorced,PhD,1,Salaried,20,109904,559,0,5,142494,240,Medical,10.99,Urban,Yes,0.065,142494,593.72,1
APP104444,21,Female,Single,Master,2,Salaried,10,80112,850,2,2,96990,36,Home,4.03,Semiurban,Yes,0.404,146990,2694.17,1
APP104445,28,Male,Married,High School,0,Business,6,98355,790,1,10,5000,60,Home,8.5,Rural,Yes,0.01,30000,83.33,1
APP104446,27,Female,Single,High School,0,Salaried,22,48712,752,0,6,24611,60,Auto,8.01,Urban,Yes,0.101,24611,410.18,1
APP104447,39,Female,Married,Master,3,Salaried,12,93521,795,0,11,151166,120,Home,6.65,Urban,No,0.162,151166,1259.72,1
APP104448,43,Female,Married,Bachelor,0,Self-Employed,5,57809,712,0,5,47888,24,Auto,7.2,Rural,No,0.414,47888,1995.33,1
APP104449,55,Male,Married,High School,2,Salaried,8,30846,543,2,3,183127,60,Auto,12.38,Urban,Yes,1.187,233127,3052.12,0
APP104450,32,Male,Single,Bachelor,0,Salaried,11,27221,721,1,6,289791,36,Home,8.46,Rural,Yes,3.549,314791,8049.75,0
APP104451,32,Male,Single,Master,1,Unemployed,0,15000,561,1,10,5000,60,Auto,10.67,Rural,No,0.067,30000,83.33,1
APP104452,51,Female,Single,High School,2,Salaried,8,37090,637,0,8,72200,36,Home,10.35,Urban,No,0.649,72200,2005.56,1
APP104453,41,Male,Divorced,Master,0,Unemployed,0,15000,673,2,3,324870,24,Medical,9.59,Urban,No,10.829,374870,13536.25,0
APP104454,53,Female,Married,High School,3,Salaried,0,41356,607,3,17,216737,60,Education,10.13,Urban,No,1.048,291737,3612.28,1
APP104455,41,Male,Married,Master,1,Business,8,99202,755,2,7,141066,12,Personal,5.75,Urban,No,1.422,191066,11755.5,0
APP104456,24,Female,Single,Bachelor,1,Salaried,8,37208,662,1,0,107448,120,Auto,7.74,Semiurban,Yes,0.289,132448,895.4,0
APP104457,22,Male,Married,High School,2,Salaried,11,48984,712,2,12,196865,24,Auto,6.18,Semiurban,Yes,2.009,246865,8202.71,0
APP104458,21,Male,Single,Bachelor,0,Self-Employed,4,57067,679,0,7,228336,60,Auto,9.74,Urban,No,0.8,228336,3805.6,0
APP104459,45,Male,Single,Master,0,Business,0,134247,690,0,7,48449,60,Home,6.74,Urban,No,0.072,48449,807.48,1
APP104460,52,Male,Married,PhD,2,Salaried,2,19469,609,0,7,269343,12,Business,9.85,Semiurban,No,13.834,269343,22445.25,0
APP104461,60,Male,Married,High School,0,Self-Employed,14,57464,586,0,7,181877,120,Home,8.69,Semiurban,No,0.317,181877,1515.64,1
APP104462,48,Female,Single,Bachelor,0,Salaried,4,78672,667,0,16,225051,36,Home,10.34,Rural,No,0.954,225051,6251.42,1
APP104463,51,Male,Single,Bachelor,2,Business,5,113232,602,1,10,231919,240,Home,8.8,Rural,No,0.102,256919,966.33,1
APP104464,31,Male,Married,Bachelor,2,Self-Employed,6,66098,791,0,9,174981,12,Personal,6.5,Rural,No,2.647,174981,14581.75,0
APP104465,24,Female,Single,Master,1,Salaried,4,107747,569,2,6,185634,60,Medical,9.05,Urban,No,0.345,235634,3093.9,0
APP104466,48,Male,Married,High School,1,Salaried,3,19723,850,0,16,191419,24,Home,5.87,Urban,No,4.853,191419,7975.79,0
APP104467,43,Female,Married,High School,2,Salaried,2,40438,704,4,12,121431,36,Education,9.0,Urban,No,1.001,221431,3373.08,0
APP104468,39,Female,Married,Bachelor,1,Unemployed,0,15000,685,0,12,201877,36,Auto,8.32,Urban,No,4.486,201877,5607.69,0
APP104469,42,Male,Single,High School,1,Salaried,12,60136,636,1,9,129235,36,Home,9.21,Semiurban,No,0.716,154235,3589.86,1
APP104470,41,Male,Single,Master,4,Self-Employed,15,15000,732,0,12,150052,36,Education,8.17,Urban,No,3.334,150052,4168.11,0
APP104471,53,Male,Married,Bachelor,0,Salaried,16,33546,663,1,9,275112,60,Home,8.13,Urban,Yes,1.64,300112,4585.2,0
APP104472,53,Female,Married,Bachelor,1,Self-Employed,0,124417,704,3,6,147116,120,Auto,9.01,Urban,No,0.118,222116,1225.97,1
APP104473,44,Male,Single,Master,3,Self-Employed,10,15000,747,1,9,183080,36,Home,7.36,Urban,No,4.068,208080,5085.56,0
APP104474,48,Female,Single,Bachelor,2,Self-Employed,4,96432,733,0,18,136018,36,Education,5.77,Rural,No,0.47,136018,3778.28,1
APP104475,44,Female,Single,Bachelor,3,Unemployed,0,15000,779,0,9,120733,36,Home,8.27,Urban,No,2.683,120733,3353.69,0
APP104476,32,Male,Married,High School,0,Salaried,3,46457,723,0,14,304296,60,Education,7.72,Semiurban,No,1.31,304296,5071.6,0
APP104477,47,Female,Married,High School,0,Salaried,1,66741,603,0,13,32846,24,Business,9.6,Urban,Yes,0.246,32846,1368.58,1
APP104478,21,Female,Married,High School,3,Unemployed,0,15000,513,2,10,154168,120,Education,11.91,Semiurban,No,1.028,204168,1284.73,0
APP104479,50,Male,Married,Bachelor,1,Salaried,6,95863,696,0,16,53854,60,Auto,7.36,Semiurban,No,0.112,53854,897.57,1
APP104480,23,Female,Married,Bachelor,2,Self-Employed,13,57229,698,1,0,250351,60,Home,7.89,Urban,No,0.875,275351,4172.52,0
APP104481,41,Female,Divorced,High School,0,Self-Employed,9,42836,834,0,0,145073,60,Home,6.11,Semiurban,No,0.677,145073,2417.88,1
APP104482,27,Male,Single,Bachelor,2,Self-Employed,0,95605,670,0,16,112494,240,Auto,9.29,Urban,No,0.059,112494,468.72,1
APP104483,44,Male,Single,High School,1,Salaried,20,34309,709,3,4,5000,120,Business,8.44,Rural,No,0.015,80000,41.67,1
APP104484,37,Male,Single,Master,0,Salaried,11,97413,742,0,8,276102,60,Education,6.56,Urban,No,0.567,276102,4601.7,1
APP104485,21,Male,Married,High School,1,Self-Employed,12,75259,721,0,16,43775,60,Home,6.72,Rural,No,0.116,43775,729.58,1
APP104486,43,Female,Married,Master,2,Salaried,15,106220,747,1,8,188940,60,Business,7.45,Semiurban,Yes,0.356,213940,3149.0,1
APP104487,31,Male,Married,Bachelor,0,Self-Employed,0,24632,614,0,16,224542,36,Education,10.49,Urban,No,3.039,224542,6237.28,0
APP104488,48,Female,Single,Bachelor,1,Salaried,2,51465,601,0,6,323911,36,Home,9.25,Urban,No,2.098,323911,8997.53,0
APP104489,38,Male,Single,High School,1,Salaried,12,46932,657,1,11,105899,60,Business,8.63,Urban,No,0.451,130899,1764.98,1
APP104490,42,Male,Single,PhD,0,Salaried,3,86244,506,4,8,81561,240,Medical,12.27,Rural,No,0.047,181561,339.84,1
APP104491,26,Female,Married,High School,2,Unemployed,0,15000,676,2,15,115817,12,Home,8.38,Urban,No,7.721,165817,9651.42,0
APP104492,30,Female,Single,Bachelor,0,Salaried,7,67376,627,3,6,102932,24,Education,10.62,Rural,No,0.764,177932,4288.83,0
APP104493,32,Male,Single,PhD,0,Self-Employed,0,89924,705,1,3,5000,24,Auto,6.59,Rural,No,0.028,30000,208.33,1
APP104494,48,Male,Married,Master,1,Unemployed,0,15000,658,0,5,280836,120,Home,7.39,Urban,No,1.872,280836,2340.3,0
APP104495,58,Male,Single,Bachelor,2,Self-Employed,13,36568,598,0,5,116555,36,Medical,11.14,Urban,No,1.062,116555,3237.64,0
APP104496,28,Male,Married,PhD,3,Unemployed,0,15000,784,2,4,137226,60,Medical,6.94,Urban,No,1.83,187226,2287.1,0
APP104497,50,Male,Single,Bachelor,0,Salaried,14,21833,686,0,4,200196,36,Auto,8.37,Rural,No,3.056,200196,5561.0,0
APP104498,21,Male,Married,High School,1,Business,14,66058,749,0,13,260887,120,Education,6.69,Rural,No,0.395,260887,2174.06,1
APP104499,23,Female,Married,Bachelor,0,Salaried,10,55169,694,3,15,57154,36,Education,8.59,Semiurban,No,0.345,132154,1587.61,1
APP104500,26,Male,Divorced,High School,2,Business,9,38960,717,0,9,178609,60,Home,7.85,Semiurban,Yes,0.917,178609,2976.82,1
APP104501,21,Female,Married,High School,1,Business,9,109863,571,1,4,52737,12,Home,10.88,Urban,Yes,0.48,77737,4394.75,1
APP104502,21,Female,Divorced,Master,2,Salaried,4,70024,782,2,5,176691,60,Medical,6.29,Rural,No,0.505,226691,2944.85,0
APP104503,42,Male,Married,Bachelor,0,Salaried,1,67163,750,1,0,173377,24,Medical,7.54,Rural,No,1.291,198377,7224.04,0
APP104504,35,Female,Married,High School,2,Self-Employed,3,36988,678,0,9,112159,120,Business,9.36,Urban,Yes,0.303,112159,934.66,1
APP104505,42,Male,Divorced,Master,1,Salaried,6,64533,703,1,4,168676,60,Home,8.84,Rural,No,0.523,193676,2811.27,1
APP104506,46,Female,Single,High School,3,Business,4,71515,760,0,15,170142,24,Personal,7.26,Rural,No,1.19,170142,7089.25,0
APP104507,41,Male,Married,PhD,0,Salaried,10,82709,650,1,1,143465,24,Personal,9.0,Semiurban,No,0.867,168465,5977.71,0
APP104508,45,Male,Single,PhD,1,Unemployed,0,15000,553,1,5,133632,36,Business,11.38,Urban,Yes,2.97,158632,3712.0,0
APP104509,37,Female,Married,PhD,2,Salaried,9,128272,651,2,7,40850,24,Auto,10.18,Rural,No,0.159,90850,1702.08,1
APP104510,23,Male,Married,Master,1,Self-Employed,10,73396,692,0,10,62742,60,Auto,8.01,Rural,No,0.171,62742,1045.7,1
APP104511,50,Female,Married,High School,0,Salaried,15,18687,677,2,17,100862,240,Medical,8.19,Urban,No,0.27,150862,420.26,1
APP104512,30,Female,Single,Bachelor,4,Salaried,7,21843,785,1,1,69305,60,Home,6.79,Semiurban,No,0.635,94305,1155.08,0
APP104513,26,Male,Married,High School,0,Salaried,14,67172,603,1,6,104136,24,Home,10.68,Urban,No,0.775,129136,4339.0,0
APP104514,35,Male,Single,High School,0,Salaried,11,58295,613,0,0,143907,60,Medical,9.64,Urban,No,0.494,143907,2398.45,1
APP104515,27,Male,Married,Bachelor,1,Salaried,14,76394,595,0,11,157059,120,Home,10.55,Rural,No,0.206,157059,1308.82,1
APP104516,32,Female,Single,High School,1,Business,17,51553,714,1,4,194934,240,Personal,6.88,Urban,No,0.189,219934,812.22,1
APP104517,42,Female,Divorced,PhD,2,Salaried,11,42676,557,4,7,162550,12,Education,10.85,Rural,No,3.809,262550,13545.83,0
APP104518,42,Male,Single,Master,1,Business,8,103237,739,0,7,159520,60,Education,8.77,Urban,Yes,0.309,159520,2658.67,1
APP104519,27,Male,Single,High School,1,Salaried,8,40366,605,3,8,192912,36,Business,10.51,Urban,No,1.593,267912,5358.67,0
APP104520,32,Female,Married,Bachelor,1,Salaried,5,31711,618,1,7,76648,36,Home,8.99,Urban,No,0.806,101648,2129.11,0
APP104521,50,Male,Married,Bachelor,1,Salaried,4,23258,821,2,3,83340,60,Business,5.07,Urban,Yes,0.717,133340,1389.0,0
APP104522,43,Female,Single,Master,3,Self-Employed,13,26117,778,0,8,120143,36,Education,5.2,Rural,No,1.533,120143,3337.31,0
APP104523,62,Male,Married,Bachelor,3,Salaried,2,76434,689,2,4,94223,36,Education,9.84,Urban,Yes,0.411,144223,2617.31,1
APP104524,52,Female,Single,High School,1,Salaried,17,20906,575,2,12,9754,24,Home,9.51,Semiurban,No,0.233,59754,406.42,1
APP104525,51,Male,Divorced,Bachelor,0,Salaried,7,67735,841,2,8,196078,36,Medical,3.0,Urban,No,0.965,246078,5446.61,0
APP104526,21,Male,Married,Bachelor,3,Salaried,25,50055,664,2,2,70134,120,Home,7.31,Semiurban,No,0.14,120134,584.45,1
APP104527,47,Male,Single,PhD,0,Salaried,3,119585,699,0,20,294928,24,Auto,8.07,Urban,No,1.233,294928,12288.67,1
APP104528,37,Male,Married,High School,0,Salaried,9,47876,752,1,16,163229,60,Home,6.24,Urban,No,0.682,188229,2720.48,1
APP104529,31,Female,Single,High School,0,Salaried,5,37941,522,0,20,29861,36,Personal,11.69,Rural,No,0.262,29861,829.47,1
APP104530,40,Male,Married,Master,0,Self-Employed,3,98687,628,0,6,203354,36,Home,9.78,Semiurban,No,0.687,203354,5648.72,0
APP104531,49,Female,Divorced,Master,2,Salaried,14,74414,674,0,3,152662,240,Medical,7.9,Urban,No,0.103,152662,636.09,1
APP104532,44,Male,Married,Master,1,Salaried,1,58001,690,0,12,173278,60,Home,7.28,Semiurban,No,0.598,173278,2887.97,1
APP104533,27,Male,Single,Bachelor,4,Salaried,3,84502,575,1,13,110194,60,Home,11.41,Semiurban,No,0.261,135194,1836.57,1
APP104534,46,Male,Single,Bachelor,0,Self-Employed,11,59307,706,1,8,75500,60,Auto,8.18,Urban,No,0.255,100500,1258.33,1
APP104535,30,Female,Single,Bachelor,1,Salaried,12,57828,682,0,0,33098,36,Medical,5.68,Rural,Yes,0.191,33098,919.39,0
APP104536,40,Male,Married,High School,4,Self-Employed,0,20682,813,1,3,47439,60,Business,4.2,Semiurban,No,0.459,72439,790.65,0
APP104537,34,Male,Married,Bachelor,2,Self-Employed,11,80221,760,0,10,40552,36,Medical,5.01,Semiurban,No,0.169,40552,1126.44,1
APP104538,35,Female,Married,High School,2,Self-Employed,8,37577,658,0,4,121407,120,Home,8.68,Urban,No,0.323,121407,1011.72,1
APP104539,47,Male,Divorced,High School,0,Salaried,2,33655,664,1,1,145871,60,Personal,8.92,Semiurban,No,0.867,170871,2431.18,0
APP104540,25,Male,Single,PhD,2,Salaried,3,62417,761,0,6,26233,60,Home,6.61,Urban,Yes,0.084,26233,437.22,1
APP104541,61,Male,Single,High School,0,Salaried,0,39830,702,1,0,222214,120,Business,7.33,Urban,No,0.558,247214,1851.78,0
APP104542,21,Male,Single,PhD,1,Unemployed,0,15000,570,0,4,161331,120,Home,11.62,Urban,No,1.076,161331,1344.42,0
APP104543,30,Female,Single,High School,1,Business,14,80911,847,1,5,344169,36,Medical,5.38,Semiurban,Yes,1.418,369169,9560.25,0
APP104544,42,Male,Single,High School,1,Salaried,0,41323,600,0,9,117592,36,Medical,9.09,Semiurban,No,0.949,117592,3266.44,0
APP104545,45,Male,Married,Bachelor,2,Unemployed,0,15000,850,0,10,328637,120,Education,4.15,Urban,No,2.191,328637,2738.64,0
APP104546,36,Male,Single,Master,2,Salaried,4,27682,714,0,9,209678,24,Auto,6.96,Semiurban,Yes,3.787,209678,8736.58,0
APP104547,37,Male,Single,Bachelor,0,Salaried,13,70826,629,2,12,5000,36,Business,9.07,Urban,Yes,0.024,55000,138.89,1
APP104548,42,Male,Married,Master,1,Salaried,5,57384,490,0,7,54746,24,Medical,12.24,Rural,No,0.477,54746,2281.08,0
APP104549,35,Female,Single,High School,2,Salaried,5,64856,742,0,0,175436,12,Business,7.57,Semiurban,No,2.705,175436,14619.67,0
APP104550,54,Male,Married,Master,0,Business,6,140708,555,0,8,10192,60,Personal,10.08,Semiurban,No,0.014,10192,169.87,1
APP104551,48,Male,Single,High School,0,Business,4,103284,708,0,3,78299,120,Education,6.48,Urban,No,0.076,78299,652.49,1
APP104552,48,Female,Married,Master,0,Self-Employed,16,98941,834,0,1,22612,24,Business,5.71,Rural,No,0.114,22612,942.17,1
APP104553,26,Male,Divorced,Bachelor,1,Salaried,13,86945,588,0,10,321096,60,Education,11.07,Rural,No,0.739,321096,5351.6,1
APP104554,37,Female,Single,Master,4,Self-Employed,8,111648,739,4,0,237890,36,Auto,8.93,Semiurban,No,0.71,337890,6608.06,0
APP104555,34,Male,Married,Bachelor,0,Business,14,73088,615,0,11,122881,60,Business,10.1,Urban,No,0.336,122881,2048.02,1
APP104556,25,Female,Married,High School,1,Salaried,0,45276,770,1,1,270992,60,Education,5.87,Semiurban,No,1.197,295992,4516.53,0
APP104557,42,Male,Married,Master,2,Salaried,0,50895,685,4,6,250632,60,Business,8.91,Urban,No,0.985,350632,4177.2,0
APP104558,31,Male,Single,High School,0,Self-Employed,10,93844,678,0,5,254827,24,Personal,8.29,Semiurban,No,1.358,254827,10617.79,0
APP104559,45,Male,Married,High School,3,Business,12,60352,776,1,13,105253,24,Auto,5.13,Rural,No,0.872,130253,4385.54,1
APP104560,25,Male,Married,Master,1,Business,9,118277,730,0,10,125289,120,Auto,7.35,Semiurban,No,0.106,125289,1044.08,1
APP104561,58,Male,Married,High School,3,Salaried,0,48824,615,3,3,62272,12,Home,9.98,Urban,Yes,1.275,137272,5189.33,0
APP104562,27,Male,Single,High School,0,Salaried,1,22978,822,3,7,140902,24,Education,6.99,Urban,No,3.066,215902,5870.92,0
APP104563,40,Male,Single,Bachelor,0,Business,10,139551,557,0,14,84995,36,Home,10.93,Rural,No,0.203,84995,2360.97,1
APP104564,47,Male,Single,Master,0,Business,22,67015,702,0,15,64069,120,Business,7.14,Urban,Yes,0.096,64069,533.91,1
APP104565,31,Male,Single,High School,0,Salaried,15,20099,614,0,1,240527,60,Business,7.83,Rural,Yes,2.393,240527,4008.78,0
APP104566,48,Female,Single,Bachelor,2,Self-Employed,17,67004,561,3,14,203728,60,Business,9.55,Urban,No,0.608,278728,3395.47,1
APP104567,23,Female,Single,Bachelor,0,Unemployed,0,15000,589,0,14,79406,60,Education,9.25,Urban,No,1.059,79406,1323.43,0
APP104568,55,Male,Single,Master,1,Unemployed,0,15000,676,4,8,225636,120,Education,10.15,Semiurban,Yes,1.504,325636,1880.3,0
APP104569,38,Male,Single,PhD,0,Business,1,130157,707,2,7,174705,24,Education,7.67,Urban,Yes,0.671,224705,7279.38,0
APP104570,30,Male,Divorced,Master,2,Salaried,13,15000,764,0,5,124770,12,Education,6.63,Semiurban,No,8.318,124770,10397.5,0
APP104571,34,Male,Single,Bachelor,2,Self-Employed,7,77998,798,2,1,277260,24,Business,7.14,Semiurban,No,1.777,327260,11552.5,0
APP104572,47,Female,Single,Bachelor,1,Salaried,12,73837,702,0,9,174430,24,Medical,8.56,Semiurban,No,1.181,174430,7267.92,0
APP104573,30,Male,Single,High School,0,Business,8,51937,644,1,7,292201,12,Education,8.86,Urban,No,5.626,317201,24350.08,0
APP104574,29,Male,Divorced,Bachelor,1,Salaried,9,26102,763,0,10,195272,60,Home,7.89,Semiurban,No,1.496,195272,3254.53,0
APP104575,35,Female,Married,PhD,0,Self-Employed,7,110241,630,0,10,202149,120,Home,8.72,Rural,No,0.183,202149,1684.58,1
APP104576,23,Male,Married,Bachelor,0,Self-Employed,9,57548,552,1,20,63931,60,Auto,11.24,Urban,No,0.222,88931,1065.52,1
APP104577,59,Female,Single,High School,1,Business,14,37391,755,1,13,105431,24,Auto,5.64,Urban,No,1.41,130431,4392.96,0
APP104578,31,Female,Married,Bachelor,4,Self-Employed,0,40085,785,1,10,266597,60,Home,6.56,Urban,No,1.33,291597,4443.28,0
APP104579,47,Male,Married,Bachelor,3,Salaried,0,63905,614,1,0,242954,60,Auto,10.74,Urban,No,0.76,267954,4049.23,0
APP104580,40,Male,Single,Bachelor,1,Self-Employed,10,99090,836,4,9,121333,120,Home,6.15,Urban,Yes,0.122,221333,1011.11,1
APP104581,26,Male,Married,Bachelor,1,Salaried,16,71538,726,2,15,41765,120,Home,8.38,Semiurban,Yes,0.058,91765,348.04,1
APP104582,37,Male,Married,Bachelor,4,Salaried,18,16800,714,1,5,282781,60,Business,10.61,Urban,No,3.366,307781,4713.02,0
APP104583,47,Male,Married,High School,1,Unemployed,0,15000,638,0,18,235331,60,Personal,8.97,Rural,No,3.138,235331,3922.18,0
APP104584,35,Female,Married,PhD,1,Self-Employed,5,152278,761,0,10,58445,60,Home,5.88,Urban,Yes,0.077,58445,974.08,1
APP104585,52,Male,Divorced,Bachelor,3,Self-Employed,0,113810,558,0,9,58436,120,Auto,11.3,Rural,No,0.051,58436,486.97,1
APP104586,50,Male,Single,High School,0,Salaried,4,25376,652,1,3,296684,24,Auto,8.08,Semiurban,Yes,5.846,321684,12361.83,0
APP104587,49,Male,Married,High School,0,Business,14,61514,621,1,15,109390,24,Home,8.45,Semiurban,No,0.889,134390,4557.92,1
APP104588,32,Female,Single,Master,1,Business,7,144666,575,1,3,110813,36,Home,10.25,Semiurban,Yes,0.255,135813,3078.14,1
APP104589,25,Male,Married,Master,0,Self-Employed,5,73025,749,3,5,95558,60,Home,9.0,Rural,No,0.262,170558,1592.63,1
APP104590,30,Female,Single,Bachelor,1,Unemployed,0,15000,707,0,0,178437,12,Personal,8.55,Semiurban,No,11.896,178437,14869.75,0
APP104591,40,Male,Married,High School,1,Salaried,3,41579,744,1,12,37977,36,Education,7.5,Semiurban,No,0.304,62977,1054.92,1
APP104592,44,Male,Single,High School,1,Self-Employed,17,32624,657,2,10,169007,36,Home,7.19,Urban,No,1.727,219007,4694.64,0
APP104593,21,Female,Married,High School,4,Business,8,43017,758,0,8,37461,36,Home,6.22,Urban,No,0.29,37461,1040.58,1
APP104594,37,Female,Single,Bachelor,0,Salaried,5,91232,686,1,11,38023,36,Education,9.71,Semiurban,No,0.139,63023,1056.19,1
APP104595,39,Male,Single,Bachelor,1,Salaried,11,35089,642,3,11,40749,60,Business,8.89,Semiurban,Yes,0.232,115749,679.15,1
APP104596,34,Male,Married,Bachelor,0,Unemployed,0,15000,628,1,6,43826,60,Home,11.63,Rural,No,0.584,68826,730.43,1
APP104597,53,Female,Single,Bachelor,1,Salaried,17,68609,521,2,4,207789,120,Auto,12.03,Rural,Yes,0.303,257789,1731.58,0
APP104598,43,Male,Married,High School,2,Salaried,6,41464,773,3,0,207815,24,Home,6.39,Urban,Yes,2.506,282815,8658.96,0
APP104599,53,Male,Single,High School,1,Salaried,14,19046,764,1,7,136983,36,Home,6.41,Urban,Yes,2.397,161983,3805.08,0
APP104600,35,Female,Married,High School,0,Salaried,8,32910,850,0,1,99475,36,Auto,4.93,Urban,No,1.008,99475,2763.19,0
APP104601,49,Male,Single,High School,1,Business,4,41559,653,2,8,260543,24,Education,7.49,Urban,No,3.135,310543,10855.96,0
APP104602,57,Male,Single,High School,1,Salaried,3,30770,626,2,7,205587,24,Business,10.45,Urban,Yes,3.341,255587,8566.12,0
APP104603,53,Male,Married,Bachelor,0,Salaried,1,123124,543,0,5,55705,36,Auto,11.58,Urban,No,0.151,55705,1547.36,1
APP104604,24,Female,Married,Master,1,Business,3,102249,756,1,13,178044,60,Personal,6.62,Urban,No,0.348,203044,2967.4,1
APP104605,34,Female,Single,Master,1,Salaried,14,49359,738,1,3,173918,24,Education,7.13,Semiurban,No,1.762,198918,7246.58,0
APP104606,33,Male,Married,Master,4,Self-Employed,12,172449,804,2,0,207476,36,Medical,6.73,Rural,No,0.401,257476,5763.22,1
APP104607,43,Male,Single,Bachelor,2,Business,0,123309,606,0,6,369920,60,Personal,11.91,Urban,No,0.6,369920,6165.33,1
APP104608,46,Male,Single,Bachelor,2,Business,0,117180,737,0,4,84525,60,Medical,8.79,Urban,No,0.144,84525,1408.75,1
APP104609,27,Female,Married,High School,3,Business,1,41131,638,1,8,194353,24,Home,9.43,Urban,Yes,2.363,219353,8098.04,0
APP104610,38,Male,Single,PhD,2,Salaried,3,143659,787,1,3,269681,120,Auto,5.44,Urban,No,0.188,294681,2247.34,1
APP104611,21,Female,Married,High School,3,Salaried,6,56284,722,3,10,287459,24,Home,6.03,Semiurban,No,2.554,362459,11977.46,0
APP104612,55,Male,Married,High School,0,Salaried,15,44574,555,3,3,164443,12,Auto,11.02,Semiurban,Yes,3.689,239443,13703.58,0
APP104613,31,Female,Married,High School,1,Salaried,4,15000,669,0,3,45388,36,Home,7.84,Urban,No,1.009,45388,1260.78,0
APP104614,38,Male,Divorced,PhD,2,Salaried,18,95203,524,0,11,6408,12,Home,11.68,Rural,Yes,0.067,6408,534.0,1
APP104615,34,Female,Single,PhD,1,Salaried,0,165197,586,0,7,216117,12,Medical,10.57,Urban,No,1.308,216117,18009.75,0
APP104616,51,Male,Single,Master,0,Self-Employed,5,102194,591,0,2,177402,60,Business,10.9,Rural,No,0.347,177402,2956.7,1
APP104617,21,Male,Single,Bachelor,0,Salaried,12,50588,628,1,3,160250,120,Personal,8.27,Semiurban,No,0.317,185250,1335.42,1
APP104618,37,Female,Single,Bachelor,0,Salaried,13,54288,658,1,6,172611,36,Auto,7.95,Urban,Yes,1.06,197611,4794.75,1
APP104619,36,Female,Married,PhD,0,Salaried,5,89629,693,0,2,228281,36,Auto,7.83,Urban,Yes,0.849,228281,6341.14,1
APP104620,32,Male,Married,Bachelor,0,Salaried,14,40009,689,0,6,193707,120,Home,8.48,Rural,No,0.484,193707,1614.22,1
APP104621,58,Female,Married,PhD,1,Self-Employed,12,113220,678,0,6,180932,12,Auto,8.64,Urban,No,1.598,180932,15077.67,0
APP104622,27,Male,Married,High School,3,Self-Employed,3,80697,706,1,3,102513,36,Auto,10.46,Semiurban,No,0.423,127513,2847.58,0
APP104623,47,Female,Single,High School,2,Business,9,97898,580,1,11,233158,36,Personal,8.14,Rural,No,0.794,258158,6476.61,1
APP104624,42,Male,Married,Master,2,Business,12,80226,685,0,2,103815,36,Home,9.41,Semiurban,No,0.431,103815,2883.75,1
APP104625,53,Male,Married,High School,3,Self-Employed,4,77193,794,0,14,227419,36,Home,7.18,Semiurban,Yes,0.982,227419,6317.19,1
APP104626,29,Male,Married,PhD,1,Self-Employed,18,151734,666,2,6,118587,60,Home,7.76,Urban,Yes,0.156,168587,1976.45,1
APP104627,29,Male,Single,Bachelor,0,Salaried,2,75833,719,2,4,197154,36,Medical,7.15,Semiurban,No,0.867,247154,5476.5,0
APP104628,51,Female,Married,Master,0,Salaried,8,92037,712,0,10,291088,240,Business,9.52,Semiurban,No,0.158,291088,1212.87,1
APP104629,43,Male,Married,High School,3,Business,0,38577,748,0,8,202845,12,Business,6.42,Urban,No,5.258,202845,16903.75,0
APP104630,21,Male,Married,Bachelor,0,Salaried,8,49860,702,0,11,263307,60,Auto,7.35,Semiurban,No,1.056,263307,4388.45,0
APP104631,31,Male,Married,Bachelor,2,Salaried,1,80822,747,0,0,120285,12,Education,7.18,Urban,No,1.488,120285,10023.75,0
APP104632,42,Female,Married,Bachelor,1,Salaried,6,29828,720,2,10,157692,36,Business,8.11,Semiurban,No,1.762,207692,4380.33,0
APP104633,48,Male,Married,Bachelor,3,Salaried,0,33980,732,0,5,121630,24,Auto,8.36,Semiurban,No,1.79,121630,5067.92,0
APP104634,29,Male,Married,PhD,1,Business,12,162371,715,1,8,17223,120,Business,8.74,Urban,No,0.011,42223,143.52,1
APP104635,21,Female,Single,Bachelor,2,Salaried,10,40261,599,3,7,235496,60,Education,10.8,Urban,No,1.17,310496,3924.93,0
APP104636,44,Male,Divorced,High School,0,Salaried,14,56418,586,1,14,195510,36,Home,8.37,Rural,No,1.155,220510,5430.83,1
APP104637,23,Female,Married,Master,0,Salaried,5,53487,651,1,0,189833,240,Home,8.94,Semiurban,Yes,0.177,214833,790.97,0
APP104638,21,Female,Married,High School,1,Self-Employed,14,55531,804,0,16,248541,60,Home,6.58,Urban,Yes,0.895,248541,4142.35,1
APP104639,21,Male,Married,High School,4,Self-Employed,8,57289,666,0,11,59167,240,Education,9.36,Semiurban,No,0.052,59167,246.53,1
APP104640,47,Female,Married,High School,1,Salaried,8,33563,704,2,8,39970,60,Education,7.21,Urban,Yes,0.238,89970,666.17,1
APP104641,39,Female,Married,Master,3,Business,20,105317,522,0,0,249309,12,Education,10.54,Urban,Yes,2.367,249309,20775.75,0
APP104642,35,Male,Single,High School,2,Salaried,5,30099,695,0,0,144372,60,Home,7.01,Urban,No,0.959,144372,2406.2,0
APP104643,54,Male,Single,High School,2,Self-Employed,15,50009,686,0,5,167188,240,Auto,8.75,Urban,No,0.167,167188,696.62,1
APP104644,45,Female,Married,Master,1,Self-Employed,10,56094,466,0,11,32631,24,Home,13.69,Semiurban,Yes,0.291,32631,1359.62,1
APP104645,57,Male,Married,Master,1,Unemployed,0,15000,703,1,7,267769,60,Business,8.08,Semiurban,No,3.57,292769,4462.82,0
APP104646,21,Female,Married,High School,0,Salaried,0,55098,547,2,10,203700,24,Medical,9.99,Urban,No,1.849,253700,8487.5,0
APP104647,37,Male,Married,Master,4,Salaried,1,41055,621,4,0,103951,36,Auto,9.76,Urban,No,0.844,203951,2887.53,0
APP104648,21,Male,Married,Master,4,Salaried,14,62170,759,1,8,316856,12,Home,5.87,Urban,No,5.097,341856,26404.67,0
APP104649,35,Male,Single,High School,2,Salaried,18,51069,692,0,13,40922,36,Medical,7.42,Semiurban,No,0.267,40922,1136.72,1
APP104650,35,Male,Divorced,Master,0,Salaried,8,15000,644,0,15,123646,60,Auto,8.75,Rural,No,1.649,123646,2060.77,0
APP104651,45,Male,Single,Bachelor,0,Salaried,8,106389,637,0,1,228956,12,Education,8.46,Semiurban,No,2.152,228956,19079.67,0
APP104652,38,Female,Married,Bachelor,4,Salaried,12,86131,646,0,6,242262,36,Home,7.95,Rural,No,0.938,242262,6729.5,0
APP104653,45,Female,Married,Bachelor,0,Unemployed,0,15000,692,1,6,30549,60,Business,9.71,Rural,No,0.407,55549,509.15,0
APP104654,46,Female,Married,Bachelor,2,Salaried,14,15000,583,3,4,127330,120,Auto,8.45,Semiurban,No,0.849,202330,1061.08,0
APP104655,63,Male,Married,High School,1,Unemployed,0,15000,769,1,12,209663,24,Auto,6.03,Urban,No,6.989,234663,8735.96,0
APP104656,34,Female,Divorced,Master,1,Business,8,62388,588,2,22,267844,24,Personal,10.02,Rural,Yes,2.147,317844,11160.17,0
APP104657,26,Male,Married,High School,2,Business,3,88239,541,1,2,261113,24,Auto,12.41,Rural,No,1.48,286113,10879.71,0
APP104658,40,Female,Divorced,Bachelor,0,Unemployed,0,15000,759,1,10,206034,24,Home,7.11,Rural,No,6.868,231034,8584.75,0
APP104659,28,Male,Single,High School,1,Business,0,66238,645,3,9,157174,60,Personal,8.82,Rural,No,0.475,232174,2619.57,1
APP104660,55,Female,Married,Master,4,Business,15,89200,685,1,9,135649,240,Home,7.56,Urban,No,0.076,160649,565.2,1
APP104661,34,Female,Married,High School,2,Salaried,7,70000,732,1,14,189849,60,Education,8.51,Urban,No,0.542,214849,3164.15,1
APP104662,31,Male,Married,Bachelor,2,Salaried,5,78836,622,0,9,264721,36,Education,8.75,Semiurban,No,1.119,264721,7353.36,0
APP104663,32,Male,Divorced,Bachelor,2,Unemployed,0,15000,690,0,0,132878,60,Medical,8.41,Semiurban,Yes,1.772,132878,2214.63,0
APP104664,46,Male,Single,Master,0,Salaried,4,117001,731,2,0,128146,24,Business,7.21,Rural,Yes,0.548,178146,5339.42,0
APP104665,36,Male,Single,Bachelor,0,Salaried,3,34528,811,0,2,241620,12,Medical,6.26,Urban,No,6.998,241620,20135.0,0
APP104666,30,Male,Married,Master,1,Business,3,179630,639,1,4,234928,60,Business,10.79,Semiurban,No,0.262,259928,3915.47,1
APP104667,57,Male,Single,High School,1,Self-Employed,9,44843,642,1,7,110008,24,Home,9.87,Rural,No,1.227,135008,4583.67,0
APP104668,27,Male,Divorced,High School,1,Business,8,71786,725,1,6,44499,36,Business,7.37,Urban,No,0.207,69499,1236.08,1
APP104669,38,Female,Single,Bachelor,2,Salaried,0,56088,696,0,0,12924,24,Education,9.76,Urban,Yes,0.115,12924,538.5,0
APP104670,45,Female,Married,PhD,0,Self-Employed,0,25062,669,0,0,160413,120,Home,10.2,Urban,No,0.64,160413,1336.78,0
APP104671,21,Female,Single,High School,2,Salaried,0,58753,807,1,0,61632,36,Home,7.0,Urban,No,0.35,86632,1712.0,0
APP104672,43,Female,Married,High School,0,Unemployed,0,15000,545,1,0,221700,36,Business,11.38,Urban,Yes,4.927,246700,6158.33,0
APP104673,25,Male,Married,High School,0,Salaried,16,25085,566,0,12,12661,24,Personal,9.91,Urban,Yes,0.252,12661,527.54,1
APP104674,47,Male,Single,Bachelor,1,Business,2,73019,546,4,6,279090,12,Business,8.71,Urban,Yes,3.822,379090,23257.5,0
APP104675,26,Female,Single,High School,2,Salaried,0,15000,776,2,3,123056,60,Business,6.69,Urban,No,1.641,173056,2050.93,0
APP104676,46,Female,Married,Master,0,Salaried,8,42229,721,1,0,86101,120,Home,8.35,Urban,No,0.204,111101,717.51,1
APP104677,51,Male,Divorced,High School,1,Salaried,8,46284,570,1,2,106707,36,Home,9.26,Rural,Yes,0.768,131707,2964.08,0
APP104678,48,Female,Single,High School,2,Salaried,9,35933,670,0,11,80818,60,Education,9.02,Semiurban,No,0.45,80818,1346.97,1
APP104679,41,Female,Married,High School,0,Self-Employed,12,44852,677,3,10,271176,12,Home,8.01,Rural,No,6.046,346176,22598.0,0
APP104680,35,Female,Divorced,Bachelor,1,Salaried,10,37124,503,4,6,203730,24,Business,12.45,Urban,Yes,2.744,303730,8488.75,0
APP104681,31,Female,Married,Bachelor,3,Salaried,1,61154,695,1,6,157748,24,Home,7.48,Urban,No,1.29,182748,6572.83,0
APP104682,55,Male,Divorced,High School,1,Salaried,9,36308,585,1,0,53769,36,Auto,9.57,Urban,Yes,0.494,78769,1493.58,0
APP104683,29,Female,Divorced,PhD,0,Business,13,45542,736,1,4,145596,120,Auto,7.22,Urban,No,0.32,170596,1213.3,1
APP104684,25,Female,Married,High School,1,Salaried,3,38483,588,1,10,88350,36,Home,9.06,Rural,No,0.765,113350,2454.17,0
APP104685,45,Male,Married,Bachelor,1,Salaried,9,28952,697,0,4,5000,60,Education,9.02,Urban,No,0.035,5000,83.33,1
APP104686,28,Female,Single,Bachelor,0,Self-Employed,4,98930,783,1,16,94511,120,Auto,6.36,Urban,No,0.096,119511,787.59,1
APP104687,26,Male,Married,High School,0,Unemployed,0,15000,757,0,14,198419,36,Home,5.72,Semiurban,Yes,4.409,198419,5511.64,0
APP104688,21,Male,Married,Master,0,Business,0,239924,720,0,5,115908,36,Auto,6.98,Semiurban,No,0.161,115908,3219.67,1
APP104689,32,Male,Married,Master,0,Business,14,164136,673,0,6,138400,12,Education,9.13,Urban,Yes,0.843,138400,11533.33,1
APP104690,37,Male,Married,High School,0,Salaried,0,39720,559,0,19,233279,36,Home,10.52,Semiurban,No,1.958,233279,6479.97,0
APP104691,40,Male,Married,Bachelor,1,Business,18,111730,644,2,12,218956,60,Education,9.83,Urban,No,0.392,268956,3649.27,1
APP104692,49,Female,Single,High School,1,Business,1,15000,661,0,8,306873,120,Auto,7.78,Urban,No,2.046,306873,2557.28,0
APP104693,44,Male,Married,Bachelor,3,Unemployed,0,15000,656,1,8,5000,60,Home,8.6,Urban,No,0.067,30000,83.33,1
APP104694,35,Male,Married,High School,1,Salaried,0,27644,557,0,8,82616,12,Business,10.79,Semiurban,Yes,2.989,82616,6884.67,0
APP104695,35,Male,Single,Master,3,Unemployed,0,15000,714,1,7,222651,24,Auto,9.95,Urban,No,7.422,247651,9277.12,0
APP104696,44,Male,Married,High School,1,Salaried,13,29266,585,2,2,184511,60,Auto,9.57,Semiurban,Yes,1.261,234511,3075.18,0
APP104697,53,Female,Married,High School,0,Self-Employed,14,37352,803,0,5,157957,120,Medical,6.57,Rural,No,0.423,157957,1316.31,1
APP104698,39,Female,Married,High School,1,Salaried,9,38830,691,1,0,101616,60,Personal,8.65,Urban,No,0.523,126616,1693.6,0
APP104699,32,Female,Married,High School,2,Salaried,12,43344,758,1,11,168116,24,Auto,8.59,Urban,No,1.939,193116,7004.83,0
APP104700,26,Male,Married,Bachelor,0,Salaried,14,59327,756,0,7,163510,24,Home,8.24,Rural,No,1.378,163510,6812.92,0
APP104701,21,Male,Married,High School,0,Salaried,3,41965,846,0,11,5000,120,Education,4.62,Semiurban,Yes,0.012,5000,41.67,1
APP104702,45,Female,Married,Master,0,Business,0,37747,694,0,1,167090,12,Business,7.07,Semiurban,No,4.427,167090,13924.17,0
APP104703,44,Female,Married,High School,1,Self-Employed,7,99373,648,1,15,108637,24,Education,7.62,Semiurban,No,0.547,133637,4526.54,1
APP104704,44,Male,Single,Bachelor,0,Self-Employed,4,78959,650,1,14,217285,60,Business,9.24,Urban,Yes,0.55,242285,3621.42,1
APP104705,36,Female,Married,Bachelor,0,Salaried,10,70939,799,1,0,177572,24,Education,7.03,Semiurban,No,1.252,202572,7398.83,0
APP104706,54,Female,Single,PhD,0,Unemployed,0,15000,574,0,5,306472,24,Personal,11.66,Urban,No,10.216,306472,12769.67,0
APP104707,32,Female,Married,PhD,2,Self-Employed,3,73240,609,0,6,149994,24,Medical,9.56,Urban,Yes,1.024,149994,6249.75,0
APP104708,49,Male,Married,Master,1,Salaried,12,82908,698,0,0,62695,120,Home,8.08,Semiurban,No,0.076,62695,522.46,1
APP104709,37,Female,Married,Master,1,Business,11,131102,667,0,6,5000,24,Auto,10.09,Semiurban,No,0.019,5000,208.33,1
APP104710,30,Male,Divorced,High School,1,Salaried,12,64781,757,0,10,74937,120,Auto,6.1,Semiurban,No,0.116,74937,624.48,1
APP104711,45,Male,Single,Master,1,Salaried,5,145522,572,0,5,180188,36,Auto,8.08,Urban,No,0.413,180188,5005.22,1
APP104712,42,Male,Married,PhD,0,Salaried,12,155080,674,1,0,200629,120,Personal,9.67,Semiurban,Yes,0.129,225629,1671.91,1
APP104713,42,Male,Married,High School,1,Self-Employed,11,15000,665,3,11,101583,120,Auto,7.54,Semiurban,Yes,0.677,176583,846.52,1
APP104714,38,Male,Married,Bachelor,0,Salaried,11,48489,594,0,4,115589,60,Education,9.83,Semiurban,No,0.477,115589,1926.48,0
APP104715,37,Male,Married,High School,1,Salaried,18,47876,750,2,4,155594,60,Medical,7.46,Rural,No,0.65,205594,2593.23,1
APP104716,66,Female,Married,Bachelor,1,Unemployed,0,15000,672,1,16,180404,36,Home,8.1,Urban,No,4.009,205404,5011.22,0
APP104717,52,Female,Married,Bachelor,0,Salaried,4,58904,669,2,9,231606,36,Medical,9.7,Semiurban,No,1.311,281606,6433.5,0
APP104718,46,Female,Married,Bachelor,0,Salaried,1,15000,614,0,3,102993,60,Business,12.39,Semiurban,No,1.373,102993,1716.55,0
APP104719,39,Male,Married,Bachelor,0,Unemployed,0,15000,650,3,2,90589,120,Home,8.19,Urban,Yes,0.604,165589,754.91,0
APP104720,50,Male,Married,PhD,0,Salaried,10,20981,598,3,12,311983,60,Auto,10.17,Semiurban,No,2.974,386983,5199.72,0
APP104721,44,Female,Divorced,Bachelor,0,Self-Employed,18,24825,749,3,12,292658,12,Auto,7.02,Urban,No,11.789,367658,24388.17,0
APP104722,38,Male,Married,Master,4,Salaried,0,45023,762,2,5,107645,36,Home,7.07,Semiurban,No,0.797,157645,2990.14,0
APP104723,34,Female,Single,High School,1,Self-Employed,13,48351,814,0,1,241403,120,Education,5.12,Semiurban,Yes,0.499,241403,2011.69,1
APP104724,37,Female,Married,Bachelor,1,Salaried,6,19431,714,0,9,326376,24,Personal,7.07,Semiurban,No,8.398,326376,13599.0,0
APP104725,21,Male,Single,Bachelor,2,Unemployed,0,15000,652,3,10,255356,36,Home,8.33,Semiurban,No,5.675,330356,7093.22,0
APP104726,40,Female,Single,High School,1,Salaried,3,62106,642,0,6,88967,36,Home,8.7,Urban,No,0.478,88967,2471.31,1
APP104727,32,Female,Single,High School,3,Self-Employed,13,48040,719,0,2,158385,24,Home,7.17,Urban,No,1.648,158385,6599.38,0
APP104728,57,Male,Single,Bachelor,3,Unemployed,0,15000,696,0,8,9855,36,Personal,5.57,Urban,No,0.219,9855,273.75,1
APP104729,38,Male,Married,Bachelor,2,Unemployed,0,15000,666,1,10,72804,120,Education,8.77,Semiurban,Yes,0.485,97804,606.7,0
APP104730,23,Male,Single,Bachelor,4,Salaried,8,58654,659,1,5,148775,120,Home,8.52,Semiurban,Yes,0.254,173775,1239.79,1
APP104731,37,Male,Single,High School,0,Business,12,59433,773,3,9,167580,60,Medical,5.82,Semiurban,No,0.564,242580,2793.0,1
APP104732,25,Male,Single,High School,1,Salaried,9,28082,645,2,9,94560,60,Personal,9.19,Rural,No,0.673,144560,1576.0,0
APP104733,43,Male,Single,Bachelor,3,Self-Employed,14,70467,787,1,13,5000,60,Auto,6.25,Urban,No,0.014,30000,83.33,1
APP104734,41,Male,Single,High School,1,Salaried,6,15000,694,1,5,165485,12,Home,7.72,Rural,Yes,11.032,190485,13790.42,0
APP104735,49,Female,Married,High School,4,Salaried,0,49675,650,0,2,208253,60,Auto,9.01,Urban,No,0.838,208253,3470.88,0
APP104736,28,Male,Divorced,High School,0,Salaried,9,35008,617,0,7,211289,240,Home,9.08,Urban,Yes,0.302,211289,880.37,1
APP104737,38,Male,Married,High School,1,Self-Employed,9,44998,667,2,16,133531,24,Home,7.49,Urban,No,1.484,183531,5563.79,0
APP104738,21,Male,Married,High School,4,Salaried,9,56905,720,1,0,139187,240,Home,9.56,Semiurban,No,0.122,164187,579.95,1
APP104739,46,Male,Single,High School,1,Salaried,14,49560,649,0,0,169720,240,Medical,8.52,Semiurban,Yes,0.171,169720,707.17,1
APP104740,44,Male,Single,High School,2,Salaried,0,36429,748,0,7,182711,24,Home,7.31,Rural,No,2.508,182711,7612.96,0
APP104741,43,Male,Single,Bachelor,0,Unemployed,0,15000,645,1,6,142524,120,Auto,11.7,Semiurban,No,0.95,167524,1187.7,0
APP104742,38,Male,Married,High School,2,Self-Employed,2,78301,670,0,6,5000,60,Home,8.19,Urban,No,0.013,5000,83.33,1
APP104743,42,Female,Single,Bachelor,3,Salaried,0,26496,577,0,6,261763,36,Home,10.92,Urban,No,3.293,261763,7271.19,0
APP104744,57,Female,Married,Master,1,Unemployed,0,15000,724,2,13,112852,36,Business,9.85,Rural,No,2.508,162852,3134.78,0
APP104745,34,Male,Single,Master,0,Self-Employed,12,31301,658,0,7,52088,60,Home,7.19,Urban,Yes,0.333,52088,868.13,1
APP104746,39,Male,Single,High School,0,Salaried,9,58062,806,1,12,118593,120,Personal,7.21,Semiurban,Yes,0.204,143593,988.28,1
APP104747,24,Male,Divorced,Master,3,Salaried,3,110844,736,2,0,158934,12,Home,7.5,Urban,No,1.434,208934,13244.5,0
APP104748,27,Female,Married,High School,2,Salaried,7,15000,686,2,5,101273,60,Home,7.77,Urban,No,1.35,151273,1687.88,0
APP104749,39,Male,Married,High School,0,Business,13,74795,778,2,3,106796,60,Business,6.49,Urban,No,0.286,156796,1779.93,1
APP104750,51,Female,Married,PhD,0,Unemployed,0,15000,712,2,0,124029,12,Personal,7.4,Urban,No,8.269,174029,10335.75,0
APP104751,34,Male,Married,Master,2,Salaried,4,100849,760,0,8,178944,120,Personal,8.38,Urban,No,0.177,178944,1491.2,1
APP104752,35,Male,Married,Bachelor,2,Salaried,4,69131,611,3,7,86080,240,Business,9.76,Urban,Yes,0.062,161080,358.67,1
APP104753,33,Female,Divorced,Bachelor,0,Salaried,0,35942,716,0,5,176995,60,Personal,8.38,Rural,No,0.985,176995,2949.92,0
APP104754,31,Female,Single,Bachelor,0,Salaried,5,54569,720,0,7,39577,24,Medical,7.07,Urban,Yes,0.363,39577,1649.04,1
APP104755,41,Female,Married,High School,2,Business,0,106696,556,0,8,310470,120,Home,11.17,Semiurban,Yes,0.291,310470,2587.25,1
APP104756,21,Male,Married,High School,1,Self-Employed,20,27135,800,3,13,235785,120,Medical,5.62,Semiurban,No,0.869,310785,1964.88,1
APP104757,53,Male,Married,Bachelor,4,Salaried,2,68071,587,0,11,128026,12,Auto,8.84,Urban,No,1.881,128026,10668.83,0
APP104758,30,Male,Married,Master,1,Business,14,173123,576,0,9,176780,60,Auto,11.79,Urban,Yes,0.204,176780,2946.33,1
APP104759,46,Male,Divorced,High School,2,Salaried,18,24661,452,0,19,56546,24,Home,13.31,Semiurban,Yes,1.146,56546,2356.08,1
APP104760,22,Female,Married,Master,1,Unemployed,0,15000,717,0,4,194945,24,Education,8.43,Urban,No,6.498,194945,8122.71,0
APP104761,46,Female,Married,High School,3,Salaried,7,19843,548,1,1,217632,24,Business,10.31,Semiurban,No,5.484,242632,9068.0,0
APP104762,46,Female,Married,Bachelor,1,Self-Employed,0,83849,638,0,13,171306,36,Business,10.42,Semiurban,No,0.681,171306,4758.5,1
APP104763,42,Female,Married,Bachelor,0,Salaried,4,28134,747,1,17,222182,120,Auto,7.53,Semiurban,No,0.79,247182,1851.52,1
APP104764,26,Male,Married,Bachelor,0,Salaried,17,56615,695,2,4,149437,12,Home,8.25,Semiurban,No,2.64,199437,12453.08,0
APP104765,40,Female,Single,High School,3,Business,10,98995,630,1,14,141889,60,Auto,10.43,Urban,No,0.287,166889,2364.82,1
APP104766,23,Female,Married,Bachelor,1,Salaried,8,58717,552,2,5,97210,240,Auto,10.63,Semiurban,No,0.083,147210,405.04,1
APP104767,34,Male,Single,Bachelor,1,Unemployed,0,15000,671,0,10,194472,60,Business,9.87,Urban,Yes,2.593,194472,3241.2,0
APP104768,50,Female,Married,High School,1,Self-Employed,12,53033,748,0,11,83075,120,Home,6.38,Urban,Yes,0.157,83075,692.29,1
APP104769,47,Male,Single,High School,0,Unemployed,0,15000,736,1,4,183148,120,Home,7.31,Urban,Yes,1.221,208148,1526.23,0
APP104770,38,Female,Married,Bachelor,0,Unemployed,0,15000,822,2,17,174257,60,Auto,4.62,Urban,Yes,2.323,224257,2904.28,0
APP104771,26,Male,Married,Bachelor,0,Salaried,3,100478,627,1,17,257518,60,Education,8.31,Semiurban,No,0.513,282518,4291.97,1
APP104772,45,Male,Single,High School,1,Self-Employed,4,58732,574,2,2,196680,12,Home,10.05,Semiurban,No,3.349,246680,16390.0,0
APP104773,38,Female,Single,Bachelor,2,Business,6,166266,704,1,9,9455,60,Home,7.76,Urban,No,0.011,34455,157.58,1
APP104774,21,Female,Married,Master,2,Salaried,11,92797,696,0,12,96918,36,Auto,8.63,Urban,No,0.348,96918,2692.17,1
APP104775,47,Male,Single,High School,3,Business,0,42857,679,1,0,94841,60,Personal,7.78,Urban,Yes,0.443,119841,1580.68,0
APP104776,37,Male,Single,Bachelor,1,Self-Employed,8,140649,620,0,8,91449,36,Personal,10.19,Urban,Yes,0.217,91449,2540.25,1
APP104777,52,Male,Divorced,High School,2,Self-Employed,5,47778,467,1,0,227328,120,Business,12.34,Semiurban,No,0.476,252328,1894.4,0
APP104778,24,Male,Married,High School,0,Salaried,2,23539,599,0,11,5000,120,Business,9.53,Semiurban,No,0.021,5000,41.67,1
APP104779,21,Female,Married,High School,0,Business,5,123997,724,0,8,263956,24,Home,8.15,Rural,No,1.064,263956,10998.17,0
APP104780,41,Female,Divorced,Bachelor,0,Salaried,0,41672,702,2,6,229882,60,Auto,7.42,Urban,Yes,1.103,279882,3831.37,0
APP104781,41,Male,Single,Master,1,Business,3,79346,757,0,0,164860,240,Education,8.69,Urban,No,0.104,164860,686.92,1
APP104782,21,Female,Single,High School,0,Salaried,1,32349,707,0,5,177935,60,Business,8.29,Rural,No,1.1,177935,2965.58,0
APP104783,26,Male,Single,Bachelor,0,Salaried,6,64115,738,4,10,156000,120,Home,5.87,Semiurban,Yes,0.243,256000,1300.0,1
APP104784,70,Female,Married,Bachelor,1,Unemployed,0,15000,741,1,7,162686,36,Auto,7.06,Semiurban,No,3.615,187686,4519.06,0
APP104785,34,Male,Married,High School,1,Business,9,15000,681,1,13,240107,36,Home,7.73,Rural,Yes,5.336,265107,6669.64,0
APP104786,46,Male,Single,Bachelor,1,Unemployed,0,15000,682,2,13,132103,36,Education,6.72,Semiurban,Yes,2.936,182103,3669.53,0
APP104787,30,Female,Married,Master,1,Salaried,7,59977,447,1,13,198027,12,Business,14.12,Semiurban,No,3.302,223027,16502.25,0
APP104788,21,Male,Married,Master,0,Self-Employed,10,77497,627,0,5,80299,120,Medical,10.54,Semiurban,No,0.104,80299,669.16,1
APP104789,35,Female,Married,Master,0,Self-Employed,4,160492,630,0,9,192602,36,Business,8.68,Semiurban,Yes,0.4,192602,5350.06,1
APP104790,34,Female,Married,High School,0,Self-Employed,0,54879,671,2,3,128180,36,Home,9.29,Semiurban,No,0.779,178180,3560.56,0
APP104791,33,Male,Married,Master,0,Salaried,8,92550,605,2,1,184238,60,Medical,10.78,Urban,No,0.398,234238,3070.63,0
APP104792,36,Male,Divorced,High School,1,Salaried,12,41150,755,0,13,80834,60,Auto,6.89,Rural,No,0.393,80834,1347.23,1
APP104793,41,Female,Married,Bachelor,2,Unemployed,0,15000,609,0,2,185939,36,Medical,10.77,Rural,No,4.132,185939,5164.97,0
APP104794,36,Female,Married,PhD,0,Salaried,5,160720,768,0,1,146258,120,Home,6.93,Urban,No,0.091,146258,1218.82,1
APP104795,22,Male,Divorced,High School,1,Unemployed,0,15000,603,1,8,275188,120,Auto,11.09,Semiurban,No,1.835,300188,2293.23,0
APP104796,43,Male,Divorced,Bachelor,2,Salaried,25,87115,631,0,6,170716,240,Education,8.21,Semiurban,No,0.098,170716,711.32,1
APP104797,21,Female,Single,Bachelor,0,Unemployed,0,15000,625,2,7,189458,60,Home,9.65,Urban,No,2.526,239458,3157.63,0
APP104798,21,Male,Single,Bachelor,0,Self-Employed,0,87031,640,4,19,114678,60,Personal,9.4,Urban,No,0.264,214678,1911.3,1
APP104799,46,Male,Married,High School,1,Business,0,45219,774,1,3,174967,36,Education,5.36,Semiurban,Yes,1.29,199967,4860.19,0
APP104800,44,Male,Married,PhD,1,Salaried,12,49909,653,4,10,187920,12,Home,7.88,Urban,Yes,3.765,287920,15660.0,0
APP104801,37,Female,Married,Bachelor,1,Unemployed,0,15000,655,0,8,121660,24,Home,7.32,Rural,No,4.055,121660,5069.17,0
APP104802,21,Female,Divorced,High School,2,Salaried,6,26162,620,2,13,115421,60,Business,9.65,Rural,No,0.882,165421,1923.68,0
APP104803,29,Female,Single,High School,0,Self-Employed,5,82270,659,1,4,85470,24,Home,8.38,Semiurban,No,0.519,110470,3561.25,1
APP104804,34,Female,Married,Master,1,Salaried,10,90691,697,0,6,143915,120,Auto,6.77,Rural,No,0.159,143915,1199.29,1
APP104805,21,Female,Single,High School,0,Self-Employed,3,93362,662,0,8,97747,60,Education,9.98,Semiurban,No,0.209,97747,1629.12,1
APP104806,29,Male,Married,High School,2,Business,0,54645,667,1,0,173380,24,Home,9.06,Urban,Yes,1.586,198380,7224.17,0
APP104807,45,Female,Divorced,Bachelor,3,Salaried,14,19810,761,2,0,86767,36,Home,6.06,Urban,No,1.46,136767,2410.19,0
APP104808,55,Male,Married,Bachelor,0,Self-Employed,4,72065,701,2,7,140200,60,Auto,8.18,Rural,No,0.389,190200,2336.67,1
APP104809,32,Female,Single,Bachelor,0,Salaried,14,22838,587,1,14,74339,120,Auto,10.02,Semiurban,Yes,0.326,99339,619.49,1
APP104810,47,Male,Married,High School,0,Unemployed,0,15000,673,1,6,241551,120,Home,6.98,Urban,Yes,1.61,266551,2012.92,0
APP104811,21,Male,Married,Master,0,Unemployed,0,15000,636,0,6,151988,60,Home,9.55,Semiurban,No,2.027,151988,2533.13,0
APP104812,45,Female,Married,PhD,0,Salaried,13,127125,721,1,13,151273,24,Auto,9.22,Urban,Yes,0.595,176273,6303.04,1
APP104813,28,Female,Married,High School,1,Salaried,14,55628,688,1,7,197638,120,Home,9.65,Urban,No,0.355,222638,1646.98,1
APP104814,41,Male,Divorced,Bachelor,4,Self-Employed,9,51192,770,0,11,292019,60,Personal,6.7,Urban,No,1.141,292019,4866.98,1
APP104815,35,Male,Married,Master,1,Salaried,9,73709,620,3,21,156487,120,Business,9.16,Urban,No,0.212,231487,1304.06,1
APP104816,53,Male,Married,Bachelor,0,Salaried,11,62759,664,1,5,30728,24,Auto,9.28,Semiurban,No,0.245,55728,1280.33,1
APP104817,27,Male,Single,Bachelor,0,Salaried,10,108597,594,2,7,244554,60,Home,10.39,Semiurban,No,0.45,294554,4075.9,1
APP104818,45,Female,Married,High School,0,Salaried,0,21750,676,1,9,41414,240,Medical,8.34,Semiurban,No,0.095,66414,172.56,1
APP104819,34,Male,Married,Bachelor,0,Salaried,0,41785,557,3,15,110284,36,Auto,12.72,Urban,No,0.88,185284,3063.44,0
APP104820,36,Female,Single,Bachelor,2,Salaried,0,50926,705,0,7,245401,60,Medical,7.5,Semiurban,No,0.964,245401,4090.02,0
APP104821,35,Male,Single,Bachelor,0,Salaried,12,43158,675,1,11,123182,36,Business,9.46,Rural,No,0.951,148182,3421.72,0
APP104822,27,Female,Single,PhD,4,Self-Employed,5,45171,692,0,9,104218,36,Home,8.3,Urban,No,0.769,104218,2894.94,1
APP104823,37,Female,Single,High School,1,Self-Employed,12,15000,743,0,7,172504,36,Medical,7.29,Urban,No,3.833,172504,4791.78,0
APP104824,37,Male,Married,High School,1,Salaried,10,15000,697,0,5,150774,120,Education,6.41,Semiurban,Yes,1.005,150774,1256.45,0
APP104825,40,Male,Married,High School,1,Self-Employed,1,73479,577,1,4,94529,12,Business,11.56,Semiurban,Yes,1.286,119529,7877.42,0
APP104826,39,Female,Married,Bachelor,2,Business,7,89691,635,2,23,220207,240,Home,10.14,Semiurban,No,0.123,270207,917.53,1
APP104827,47,Female,Married,High School,1,Salaried,5,56621,673,1,0,248238,60,Home,8.73,Rural,No,0.877,273238,4137.3,0
APP104828,49,Male,Married,Bachelor,0,Business,4,68155,653,1,0,261033,36,Auto,9.97,Urban,Yes,1.277,286033,7250.92,0
APP104829,25,Male,Married,High School,0,Self-Employed,13,48334,663,3,9,194140,36,Home,9.16,Semiurban,No,1.339,269140,5392.78,0
APP104830,48,Male,Married,Bachelor,3,Salaried,23,100328,809,2,9,93914,36,Auto,4.52,Semiurban,No,0.312,143914,2608.72,1
APP104831,23,Male,Divorced,High School,0,Salaried,14,69172,688,0,10,49577,120,Home,7.27,Urban,No,0.072,49577,413.14,1
APP104832,45,Male,Married,Master,1,Salaried,7,108614,710,0,3,5000,12,Medical,7.74,Urban,Yes,0.046,5000,416.67,1
APP104833,45,Male,Married,Bachelor,1,Self-Employed,15,78072,519,0,2,232649,60,Home,9.93,Rural,No,0.596,232649,3877.48,0
APP104834,21,Female,Single,PhD,0,Salaried,18,116718,739,0,6,165565,12,Business,8.34,Semiurban,No,1.419,165565,13797.08,0
APP104835,39,Female,Married,Bachelor,0,Unemployed,0,15000,850,0,12,116486,24,Personal,4.78,Urban,No,3.883,116486,4853.58,0
APP104836,32,Female,Married,High School,0,Self-Employed,15,46894,787,1,2,5000,60,Home,6.4,Rural,No,0.021,30000,83.33,1
APP104837,28,Female,Divorced,High School,2,Salaried,12,34923,644,0,8,55351,24,Auto,8.14,Urban,No,0.792,55351,2306.29,1
APP104838,54,Female,Divorced,PhD,1,Salaried,15,140894,850,0,5,8760,12,Business,5.65,Semiurban,No,0.062,8760,730.0,1
APP104839,30,Male,Single,Bachelor,2,Salaried,12,27609,682,0,0,265352,24,Business,8.22,Semiurban,No,4.806,265352,11056.33,0
APP104840,28,Male,Married,High School,2,Salaried,6,68028,704,1,1,200855,24,Home,7.59,Urban,No,1.476,225855,8368.96,0
APP104841,38,Female,Married,Bachelor,0,Salaried,20,53113,658,2,12,45524,60,Home,10.25,Urban,Yes,0.171,95524,758.73,1
APP104842,46,Female,Married,Bachelor,1,Business,10,40722,656,4,4,280805,60,Home,10.19,Semiurban,No,1.379,380805,4680.08,0
APP104843,36,Male,Single,High School,2,Self-Employed,5,38944,500,1,14,92228,60,Education,12.75,Urban,Yes,0.474,117228,1537.13,1
APP104844,51,Female,Married,High School,1,Salaried,11,26697,742,1,7,177942,36,Home,7.37,Semiurban,Yes,2.222,202942,4942.83,0
APP104845,44,Female,Divorced,Master,1,Self-Employed,13,71148,656,1,1,178129,24,Education,8.36,Rural,No,1.252,203129,7422.04,0
APP104846,21,Female,Married,High School,2,Salaried,8,31605,664,1,10,142487,120,Auto,8.43,Urban,No,0.451,167487,1187.39,1
APP104847,31,Male,Single,High School,0,Salaried,10,30910,701,1,3,125752,24,Business,7.65,Semiurban,No,2.034,150752,5239.67,0
APP104848,31,Female,Single,High School,2,Business,8,54916,646,1,6,152719,36,Business,9.47,Semiurban,No,0.927,177719,4242.19,0
APP104849,43,Female,Married,High School,0,Salaried,4,40866,701,1,13,127601,36,Business,7.95,Urban,No,1.041,152601,3544.47,1
APP104850,21,Male,Single,Bachelor,1,Business,3,118644,776,4,1,169927,36,Home,6.47,Semiurban,Yes,0.477,269927,4720.19,0
APP104851,68,Female,Divorced,High School,0,Unemployed,0,15000,712,0,5,173102,60,Personal,9.3,Urban,Yes,2.308,173102,2885.03,0
APP104852,44,Male,Married,High School,2,Self-Employed,17,57246,667,0,2,108061,24,Education,9.8,Urban,Yes,0.944,108061,4502.54,1
APP104853,39,Female,Married,PhD,1,Salaried,6,96301,670,0,2,238099,36,Medical,7.82,Semiurban,No,0.824,238099,6613.86,0
APP104854,52,Male,Married,High School,1,Salaried,0,51460,696,2,5,83037,60,Education,8.38,Rural,No,0.323,133037,1383.95,0
APP104855,66,Male,Single,High School,2,Salaried,10,42816,613,0,3,181216,120,Auto,8.96,Semiurban,No,0.423,181216,1510.13,0
APP104856,48,Male,Divorced,Bachelor,3,Self-Employed,10,52595,696,0,6,122849,36,Business,8.68,Urban,Yes,0.779,122849,3412.47,1
APP104857,49,Female,Married,Bachelor,2,Business,0,55567,734,1,11,80480,36,Home,9.25,Semiurban,No,0.483,105480,2235.56,1
APP104858,39,Male,Divorced,Master,0,Self-Employed,3,101798,687,1,4,127806,36,Home,7.9,Semiurban,No,0.418,152806,3550.17,1
APP104859,36,Male,Married,High School,3,Business,2,96426,646,1,0,97133,60,Home,9.87,Urban,No,0.201,122133,1618.88,1
APP104860,32,Female,Married,Master,1,Business,3,105830,657,0,11,202698,36,Medical,10.47,Semiurban,No,0.638,202698,5630.5,1
APP104861,28,Male,Single,Master,1,Business,15,82832,732,2,4,142435,36,Personal,7.22,Semiurban,Yes,0.573,192435,3956.53,1
APP104862,29,Male,Married,Bachelor,3,Salaried,7,53595,591,1,17,259537,36,Medical,10.67,Urban,Yes,1.614,284537,7209.36,0
APP104863,21,Female,Married,High School,0,Business,5,48263,614,2,5,73887,60,Personal,11.43,Semiurban,No,0.306,123887,1231.45,1
APP104864,37,Male,Married,High School,0,Self-Employed,14,36393,551,1,7,5000,36,Personal,10.04,Semiurban,No,0.046,30000,138.89,1
APP104865,21,Male,Married,Bachelor,1,Salaried,10,23910,682,0,0,181580,120,Education,7.32,Semiurban,No,0.759,181580,1513.17,0
APP104866,40,Male,Single,Master,2,Unemployed,0,15000,748,1,2,287811,36,Home,5.8,Semiurban,No,6.396,312811,7994.75,0
APP104867,37,Female,Divorced,Bachelor,1,Unemployed,0,15000,786,0,0,189103,60,Education,7.03,Semiurban,No,2.521,189103,3151.72,0
APP104868,39,Female,Divorced,High School,1,Self-Employed,9,27680,803,0,9,74607,240,Auto,4.93,Semiurban,No,0.135,74607,310.86,1
APP104869,31,Female,Single,High School,1,Business,2,39943,624,0,7,68166,240,Auto,10.08,Semiurban,Yes,0.085,68166,284.02,1
APP104870,70,Female,Divorced,Bachelor,1,Salaried,20,36298,700,2,11,312066,36,Business,9.36,Urban,Yes,2.866,362066,8668.5,0
APP104871,54,Male,Single,Bachelor,2,Salaried,8,25333,647,0,12,119649,12,Home,8.4,Rural,No,4.723,119649,9970.75,0
APP104872,23,Male,Married,High School,0,Salaried,3,25277,811,1,12,68807,120,Home,5.02,Urban,Yes,0.272,93807,573.39,1
APP104873,40,Male,Single,High School,2,Salaried,1,38537,784,0,6,245233,24,Business,6.99,Urban,Yes,3.182,245233,10218.04,0
APP104874,30,Male,Divorced,Bachelor,2,Salaried,13,26448,693,3,8,138221,120,Home,8.19,Rural,No,0.523,213221,1151.84,1
APP104875,25,Female,Single,Bachelor,1,Salaried,4,56561,630,1,10,5000,60,Auto,7.04,Urban,No,0.018,30000,83.33,1
APP104876,21,Female,Married,Bachelor,0,Self-Employed,10,50895,404,1,4,316631,120,Auto,15.45,Rural,No,0.622,341631,2638.59,0
APP104877,43,Male,Married,Master,0,Salaried,1,47808,565,1,3,196752,60,Education,11.25,Semiurban,No,0.823,221752,3279.2,0
APP104878,29,Female,Single,Bachelor,2,Salaried,8,69430,531,0,15,29066,240,Home,11.0,Urban,Yes,0.021,29066,121.11,1
APP104879,49,Male,Married,High School,0,Salaried,4,30797,564,3,0,261663,36,Business,10.3,Semiurban,No,2.832,336663,7268.42,0
APP104880,49,Male,Single,Bachelor,1,Salaried,6,48249,830,1,10,66173,36,Personal,6.1,Urban,No,0.457,91173,1838.14,1
APP104881,54,Female,Married,PhD,0,Salaried,3,147920,576,1,9,61357,36,Medical,10.44,Semiurban,No,0.138,86357,1704.36,1
APP104882,27,Male,Divorced,Master,1,Salaried,14,48098,595,1,2,78660,36,Personal,10.16,Semiurban,No,0.545,103660,2185.0,0
APP104883,43,Male,Married,Master,2,Salaried,5,128890,606,2,4,305160,36,Personal,10.03,Semiurban,No,0.789,355160,8476.67,0
APP104884,45,Male,Married,High School,2,Salaried,7,35913,850,0,6,313633,120,Auto,4.18,Semiurban,No,0.873,313633,2613.61,1
APP104885,32,Male,Married,Master,1,Salaried,7,41075,675,0,9,106164,60,Business,8.14,Rural,No,0.517,106164,1769.4,1
APP104886,28,Female,Single,Master,2,Unemployed,0,15000,759,2,9,286449,60,Auto,6.63,Semiurban,Yes,3.819,336449,4774.15,0
APP104887,57,Female,Married,Bachelor,2,Salaried,13,61719,694,0,7,5000,36,Home,7.36,Urban,No,0.027,5000,138.89,1
APP104888,40,Male,Single,High School,0,Self-Employed,12,76744,521,1,8,223124,240,Business,11.85,Semiurban,No,0.145,248124,929.68,1
APP104889,45,Male,Divorced,PhD,0,Salaried,0,127952,802,0,11,259133,36,Home,6.44,Urban,No,0.675,259133,7198.14,1
APP104890,28,Female,Single,Bachelor,3,Salaried,4,61597,712,0,11,270515,24,Home,9.45,Semiurban,No,2.196,270515,11271.46,0
APP104891,23,Female,Divorced,High School,2,Salaried,15,64049,670,1,15,156151,60,Business,7.84,Semiurban,No,0.488,181151,2602.52,1
APP104892,31,Male,Single,High School,1,Unemployed,0,15000,820,2,13,195286,120,Home,6.49,Semiurban,Yes,1.302,245286,1627.38,0
APP104893,36,Male,Married,Bachelor,0,Salaried,8,66236,652,1,8,92630,36,Auto,10.38,Semiurban,No,0.466,117630,2573.06,0
APP104894,25,Female,Single,Bachelor,2,Self-Employed,1,81298,668,0,11,152011,60,Medical,9.59,Urban,No,0.374,152011,2533.52,1
APP104895,37,Male,Single,High School,1,Self-Employed,2,57164,652,0,10,136862,36,Home,8.46,Semiurban,Yes,0.798,136862,3801.72,1
APP104896,21,Male,Married,Bachelor,2,Salaried,18,19746,766,4,8,132262,36,Business,6.37,Rural,No,2.233,232262,3673.94,0
APP104897,24,Female,Single,Master,4,Unemployed,0,15000,745,0,3,240772,120,Auto,8.62,Urban,No,1.605,240772,2006.43,0
APP104898,46,Male,Married,Bachelor,4,Salaried,13,55838,702,0,8,167195,60,Medical,7.77,Urban,No,0.599,167195,2786.58,1
APP104899,45,Male,Married,High School,3,Salaried,12,61508,595,4,0,285453,36,Auto,10.07,Rural,No,1.547,385453,7929.25,0
APP104900,33,Male,Single,Bachelor,0,Salaried,7,107881,650,2,13,169838,36,Auto,8.51,Urban,No,0.525,219838,4717.72,1
APP104901,25,Female,Divorced,High School,3,Salaried,3,30372,595,1,9,325305,24,Auto,10.87,Urban,No,5.355,350305,13554.38,0
APP104902,25,Male,Married,High School,0,Salaried,5,19077,772,0,7,248176,60,Medical,4.1,Semiurban,No,2.602,248176,4136.27,0
APP104903,33,Male,Married,High School,3,Self-Employed,6,67530,554,0,5,143055,120,Home,10.11,Urban,No,0.212,143055,1192.12,1
APP104904,45,Male,Married,Master,0,Salaried,18,162967,807,0,11,163967,60,Business,4.88,Semiurban,Yes,0.201,163967,2732.78,1
APP104905,49,Female,Married,High School,1,Self-Employed,0,73645,783,1,17,82801,60,Home,7.93,Urban,Yes,0.225,107801,1380.02,1
APP104906,32,Male,Single,High School,0,Salaried,4,28898,606,0,9,162816,12,Medical,10.11,Urban,No,5.634,162816,13568.0,0
APP104907,24,Male,Single,High School,2,Unemployed,0,15000,646,0,17,71398,120,Auto,8.88,Rural,No,0.476,71398,594.98,1
APP104908,41,Male,Married,Bachelor,0,Salaried,14,77169,623,0,11,256429,36,Auto,9.34,Urban,No,1.108,256429,7123.03,1
APP104909,28,Female,Married,PhD,1,Self-Employed,19,77231,714,2,3,122511,36,Business,6.34,Urban,Yes,0.529,172511,3403.08,1
APP104910,31,Male,Married,PhD,2,Self-Employed,9,208046,792,2,10,178451,36,Business,7.52,Semiurban,No,0.286,228451,4956.97,1
APP104911,53,Male,Married,High School,2,Salaried,10,26775,774,1,9,5000,36,Education,6.17,Semiurban,Yes,0.062,30000,138.89,1
APP104912,47,Male,Married,High School,0,Salaried,8,31130,645,0,3,128629,240,Auto,9.69,Urban,No,0.207,128629,535.95,1
APP104913,39,Female,Single,High School,1,Salaried,10,54715,780,2,5,120267,24,Education,5.74,Rural,No,1.099,170267,5011.12,0
APP104914,22,Male,Single,Master,0,Salaried,12,77190,773,1,5,223673,60,Home,6.48,Urban,Yes,0.58,248673,3727.88,1
APP104915,40,Female,Married,High School,2,Salaried,10,42647,664,1,8,191799,24,Personal,7.8,Semiurban,No,2.249,216799,7991.62,0
APP104916,50,Female,Single,High School,4,Self-Employed,10,51212,679,3,6,231464,36,Auto,8.17,Urban,No,1.507,306464,6429.56,0
APP104917,33,Female,Single,Bachelor,2,Salaried,12,87861,803,0,9,185411,60,Auto,6.98,Urban,No,0.422,185411,3090.18,1
APP104918,54,Male,Single,High School,0,Salaried,0,15000,764,1,10,248444,120,Medical,6.83,Urban,No,1.656,273444,2070.37,0
APP104919,53,Female,Divorced,High School,1,Salaried,8,46978,777,2,14,183530,36,Auto,6.83,Rural,Yes,1.302,233530,5098.06,1
APP104920,57,Male,Married,High School,4,Business,9,55382,850,0,10,39901,60,Personal,5.06,Semiurban,Yes,0.144,39901,665.02,1
APP104921,41,Male,Single,High School,0,Salaried,10,28831,723,0,4,142774,120,Business,9.17,Urban,No,0.495,142774,1189.78,1
APP104922,45,Female,Single,Bachelor,1,Salaried,6,41121,706,4,18,146895,120,Education,7.06,Semiurban,No,0.357,246895,1224.12,1
APP104923,54,Male,Married,PhD,1,Salaried,8,15000,788,0,4,5000,36,Home,6.1,Semiurban,No,0.111,5000,138.89,1
APP104924,43,Male,Married,High School,2,Salaried,3,28027,839,1,6,68677,36,Education,5.41,Urban,No,0.817,93677,1907.69,1
APP104925,31,Male,Married,High School,3,Self-Employed,0,77499,631,1,10,313338,60,Home,8.38,Urban,No,0.809,338338,5222.3,0
APP104926,32,Male,Divorced,PhD,0,Self-Employed,13,155138,663,0,22,128036,60,Business,8.87,Urban,Yes,0.165,128036,2133.93,1
APP104927,40,Male,Married,Master,2,Self-Employed,1,86136,598,0,10,141572,36,Home,10.07,Semiurban,No,0.548,141572,3932.56,1
APP104928,22,Female,Single,High School,1,Self-Employed,7,20763,707,0,4,5000,24,Auto,7.97,Urban,No,0.12,5000,208.33,1
APP104929,36,Female,Married,Bachelor,0,Unemployed,0,15000,751,0,0,42221,60,Auto,7.1,Semiurban,No,0.563,42221,703.68,0
APP104930,51,Female,Divorced,High School,0,Salaried,17,64922,604,2,0,188746,36,Medical,9.25,Rural,No,0.969,238746,5242.94,0
APP104931,21,Male,Married,Bachelor,1,Salaried,7,85854,770,2,8,112820,24,Education,4.98,Semiurban,No,0.657,162820,4700.83,1
APP104932,56,Female,Married,PhD,0,Salaried,6,57250,643,0,10,61288,60,Business,9.32,Semiurban,Yes,0.214,61288,1021.47,1
APP104933,51,Male,Single,Bachelor,2,Salaried,12,38378,637,0,0,253790,60,Home,8.37,Urban,No,1.323,253790,4229.83,0
APP104934,32,Male,Married,Bachelor,0,Salaried,20,101397,770,0,9,93908,36,Home,6.51,Rural,No,0.309,93908,2608.56,0
APP104935,44,Male,Married,High School,0,Salaried,10,20837,629,0,1,45925,120,Auto,8.67,Rural,No,0.22,45925,382.71,1
APP104936,38,Male,Divorced,Bachelor,0,Salaried,5,71955,567,1,3,153236,12,Home,9.18,Urban,No,2.13,178236,12769.67,0
APP104937,52,Male,Married,Bachelor,0,Salaried,12,15556,739,0,11,84803,36,Medical,7.58,Rural,No,1.817,84803,2355.64,0
APP104938,49,Male,Married,Bachelor,1,Business,0,78738,669,2,4,84701,240,Auto,9.32,Rural,No,0.054,134701,352.92,1
APP104939,21,Male,Single,High School,1,Unemployed,0,15000,775,0,14,145111,24,Home,7.6,Rural,No,4.837,145111,6046.29,0
APP104940,45,Male,Single,Bachelor,2,Salaried,19,59250,746,2,5,98514,24,Medical,6.63,Urban,Yes,0.831,148514,4104.75,1
APP104941,35,Male,Married,Bachelor,4,Business,8,109646,540,1,13,16646,36,Personal,11.24,Rural,No,0.051,41646,462.39,1
APP104942,38,Female,Single,High School,2,Business,8,30812,785,2,19,194685,36,Education,6.64,Urban,No,2.106,244685,5407.92,0
APP104943,29,Female,Married,High School,0,Unemployed,0,15000,831,2,4,219273,24,Auto,6.4,Urban,No,7.309,269273,9136.38,0
APP104944,58,Male,Single,High School,3,Salaried,5,50431,762,0,20,129952,120,Auto,5.01,Urban,Yes,0.258,129952,1082.93,1
APP104945,50,Male,Married,Bachelor,1,Business,9,116133,765,1,8,199613,36,Home,5.23,Urban,No,0.573,224613,5544.81,1
APP104946,29,Female,Married,Bachelor,1,Salaried,12,65495,660,1,4,120487,12,Business,10.19,Urban,Yes,1.84,145487,10040.58,0
APP104947,21,Male,Married,Master,1,Self-Employed,6,130535,641,1,6,5000,120,Auto,7.49,Urban,No,0.004,30000,41.67,1
APP104948,33,Female,Single,High School,0,Self-Employed,0,15598,696,1,5,221713,36,Home,9.0,Semiurban,No,4.738,246713,6158.69,0
APP104949,43,Male,Married,Master,3,Self-Employed,10,75418,753,0,15,142065,60,Home,8.27,Urban,No,0.377,142065,2367.75,1
APP104950,40,Female,Divorced,Bachelor,0,Salaried,20,105567,751,0,14,162079,36,Education,7.78,Rural,No,0.512,162079,4502.19,1
APP104951,53,Male,Married,High School,1,Business,5,96691,644,1,14,141493,120,Home,8.12,Urban,No,0.146,166493,1179.11,1
APP104952,47,Male,Single,High School,0,Salaried,0,53088,636,0,1,135473,36,Home,8.39,Urban,Yes,0.851,135473,3763.14,0
APP104953,49,Female,Single,High School,2,Salaried,12,39281,560,3,8,161363,60,Education,10.74,Urban,No,0.822,236363,2689.38,0
APP104954,41,Male,Single,PhD,2,Salaried,18,137392,731,1,0,162897,120,Home,9.13,Urban,No,0.119,187897,1357.48,1
APP104955,21,Male,Single,High School,0,Business,11,74264,648,0,13,251082,24,Home,10.78,Semiurban,No,1.69,251082,10461.75,0
APP104956,35,Male,Married,High School,2,Unemployed,0,15000,655,0,5,185051,120,Home,9.2,Urban,Yes,1.234,185051,1542.09,0
APP104957,50,Female,Married,High School,2,Self-Employed,12,71311,818,1,10,244123,60,Business,4.05,Urban,Yes,0.685,269123,4068.72,1
APP104958,37,Male,Single,Master,1,Salaried,12,49853,727,0,5,270563,240,Medical,7.62,Semiurban,No,0.271,270563,1127.35,1
APP104959,44,Male,Single,High School,1,Salaried,4,55294,705,1,0,21089,120,Medical,7.69,Semiurban,No,0.038,46089,175.74,1
APP104960,34,Male,Single,High School,1,Salaried,9,15000,746,0,12,252134,36,Education,7.1,Urban,Yes,5.603,252134,7003.72,0
APP104961,25,Male,Divorced,Bachelor,0,Salaried,7,99975,793,1,12,202247,60,Personal,4.48,Urban,No,0.405,227247,3370.78,1
APP104962,36,Female,Married,Bachelor,2,Salaried,7,53127,550,0,8,189072,120,Home,11.24,Semiurban,Yes,0.356,189072,1575.6,1
APP104963,41,Male,Married,Bachelor,1,Salaried,6,32266,634,1,0,229165,12,Business,7.82,Semiurban,No,7.102,254165,19097.08,0
APP104964,30,Male,Married,Bachelor,1,Salaried,9,42787,661,0,11,128816,60,Business,6.25,Urban,Yes,0.602,128816,2146.93,1
APP104965,35,Male,Married,Master,3,Business,0,100578,601,0,4,198206,24,Home,10.2,Rural,No,0.985,198206,8258.58,0
APP104966,26,Male,Married,Master,0,Self-Employed,12,93374,658,0,10,65377,60,Home,10.76,Urban,No,0.14,65377,1089.62,1
APP104967,51,Male,Single,Master,0,Business,2,181259,555,0,5,37035,60,Personal,10.06,Semiurban,Yes,0.041,37035,617.25,1
APP104968,34,Male,Married,High School,0,Salaried,6,43227,753,0,6,192534,60,Business,6.47,Semiurban,No,0.891,192534,3208.9,1
APP104969,55,Male,Married,Master,0,Salaried,9,15000,638,0,10,144442,240,Home,10.14,Urban,No,0.481,144442,601.84,1
APP104970,56,Female,Single,High School,0,Salaried,2,20479,696,0,3,149767,36,Education,9.24,Urban,Yes,2.438,149767,4160.19,0
APP104971,37,Male,Single,High School,4,Salaried,0,90256,684,1,7,86188,60,Education,8.43,Semiurban,No,0.191,111188,1436.47,1
APP104972,25,Female,Married,PhD,0,Self-Employed,5,121698,724,1,10,181294,36,Personal,6.81,Urban,No,0.497,206294,5035.94,1
APP104973,21,Male,Married,Master,2,Salaried,0,108900,483,3,18,115892,240,Business,13.67,Urban,No,0.053,190892,482.88,1
APP104974,21,Male,Married,Bachelor,0,Business,12,78437,716,0,7,146275,120,Education,6.45,Semiurban,No,0.186,146275,1218.96,1
APP104975,21,Male,Divorced,Master,1,Unemployed,0,15000,657,0,12,111065,240,Personal,8.34,Semiurban,No,0.37,111065,462.77,0
APP104976,54,Male,Single,PhD,4,Salaried,16,76748,712,1,2,85835,240,Business,8.35,Rural,Yes,0.056,110835,357.65,1
APP104977,39,Female,Single,Bachelor,0,Salaried,7,63208,585,0,16,133438,120,Personal,8.73,Urban,No,0.211,133438,1111.98,1
APP104978,42,Female,Single,Bachelor,2,Unemployed,0,15000,713,1,3,244846,120,Auto,8.13,Semiurban,Yes,1.632,269846,2040.38,0
APP104979,21,Female,Married,Master,4,Self-Employed,0,168420,783,3,7,112162,24,Business,7.48,Rural,No,0.333,187162,4673.42,1
APP104980,23,Male,Married,High School,1,Self-Employed,8,37458,695,1,10,139870,24,Education,9.78,Semiurban,Yes,1.867,164870,5827.92,0
APP104981,48,Male,Married,High School,0,Self-Employed,7,28248,622,1,4,128791,120,Education,9.17,Semiurban,Yes,0.456,153791,1073.26,1
APP104982,41,Male,Single,Master,2,Salaried,0,104286,626,2,13,99031,60,Auto,9.04,Rural,No,0.19,149031,1650.52,1
APP104983,36,Female,Married,High School,2,Salaried,8,58310,726,2,4,248339,120,Personal,8.19,Rural,No,0.426,298339,2069.49,1
APP104984,44,Male,Married,High School,0,Salaried,5,42524,725,1,12,41067,60,Home,6.88,Semiurban,Yes,0.193,66067,684.45,1
APP104985,57,Male,Divorced,High School,1,Salaried,6,31462,708,0,13,143169,24,Home,7.53,Semiurban,No,2.275,143169,5965.38,0
APP104986,35,Male,Divorced,High School,0,Salaried,8,15000,676,4,10,82519,120,Business,8.8,Urban,No,0.55,182519,687.66,1
APP104987,38,Male,Married,PhD,0,Salaried,5,144828,696,0,11,195378,60,Education,8.45,Urban,No,0.27,195378,3256.3,1
APP104988,40,Female,Divorced,Bachelor,3,Business,9,122571,674,0,20,160713,60,Home,6.61,Semiurban,No,0.262,160713,2678.55,1
APP104989,66,Male,Single,Bachelor,1,Self-Employed,7,58803,649,4,10,244582,60,Medical,7.85,Urban,No,0.832,344582,4076.37,0
APP104990,21,Male,Single,PhD,0,Salaried,10,98382,740,2,8,208764,60,Home,5.37,Semiurban,No,0.424,258764,3479.4,1
APP104991,46,Male,Single,Master,1,Salaried,4,70632,704,0,9,156527,36,Home,6.25,Urban,No,0.739,156527,4347.97,1
APP104992,36,Female,Married,Bachelor,0,Self-Employed,1,120861,783,0,14,209547,120,Home,5.22,Rural,No,0.173,209547,1746.22,1
APP104993,44,Male,Divorced,Master,0,Salaried,3,44267,769,1,19,216860,120,Personal,6.4,Rural,No,0.49,241860,1807.17,1
APP104994,30,Female,Single,Bachelor,1,Self-Employed,16,53398,702,0,7,76999,36,Auto,7.83,Semiurban,Yes,0.481,76999,2138.86,1
APP104995,37,Male,Married,High School,1,Business,13,44185,727,0,3,211850,12,Home,5.31,Urban,No,4.795,211850,17654.17,0
APP104996,46,Female,Married,High School,0,Salaried,15,47427,603,4,13,173781,24,Education,9.01,Semiurban,No,1.832,273781,7240.88,0
APP104997,70,Female,Divorced,Bachelor,0,Salaried,15,61403,673,1,1,189157,60,Auto,7.02,Urban,No,0.616,214157,3152.62,1
APP104998,47,Male,Married,Bachelor,1,Business,5,97502,707,2,9,117394,120,Personal,7.66,Urban,No,0.12,167394,978.28,1
APP104999,27,Male,Divorced,Bachelor,2,Salaried,9,37984,553,1,9,81651,36,Medical,10.28,Rural,Yes,0.717,106651,2268.08,1
